#
# There is insufficient memory for the Java Runtime Environment to continue.
# Native memory allocation (mmap) failed to map 2097152 bytes. Error detail: G1 virtual space
# Possible reasons:
#   The system is out of physical RAM or swap space
#   This process is running with CompressedOops enabled, and the Java Heap may be blocking the growth of the native heap
# Possible solutions:
#   Reduce memory load on the system
#   Increase physical memory or swap space
#   Check if swap backing store is full
#   Decrease Java heap size (-Xmx/-Xms)
#   Decrease number of Java threads
#   Decrease Java thread stack sizes (-Xss)
#   Set larger code cache with -XX:ReservedCodeCacheSize=
#   JVM is running with Zero Based Compressed Oops mode in which the Java heap is
#     placed in the first 32GB address space. The Java Heap base address is the
#     maximum limit for the native heap growth. Please use -XX:HeapBaseMinAddress
#     to set the Java Heap base and to place the Java Heap above 32GB virtual address.
# This output file may be truncated or incomplete.
#
#  Out of Memory Error (os_windows.cpp:3828), pid=24296, tid=14412
#
# JRE version: OpenJDK Runtime Environment (21.0.5) (build 21.0.5+-13047016-b750.29)
# Java VM: OpenJDK 64-Bit Server VM (21.0.5+-13047016-b750.29, mixed mode, tiered, compressed oops, compressed class ptrs, g1 gc, windows-amd64)
# No core dump will be written. Minidumps are not enabled by default on client versions of Windows
#

---------------  S U M M A R Y ------------

Command Line: --add-opens=java.base/java.lang=ALL-UNNAMED --add-opens=java.base/java.lang.invoke=ALL-UNNAMED --add-opens=java.base/java.util=ALL-UNNAMED --add-opens=java.prefs/java.util.prefs=ALL-UNNAMED --add-exports=jdk.compiler/com.sun.tools.javac.api=ALL-UNNAMED --add-exports=jdk.compiler/com.sun.tools.javac.util=ALL-UNNAMED --add-opens=java.base/java.util=ALL-UNNAMED --add-opens=java.prefs/java.util.prefs=ALL-UNNAMED --add-opens=java.base/java.nio.charset=ALL-UNNAMED --add-opens=java.base/java.net=ALL-UNNAMED --add-opens=java.base/java.util.concurrent.atomic=ALL-UNNAMED --add-opens=java.xml/javax.xml.namespace=ALL-UNNAMED -XX:MaxMetaspaceSize=1024m -Xmx4096m -Dfile.encoding=UTF-8 -Duser.country=US -Duser.language=en -Duser.variant -javaagent:C:\Users\ADMIN\.gradle\wrapper\dists\gradle-8.13-bin\5xuhj0ry160q40clulazy9h7d\gradle-8.13\lib\agents\gradle-instrumentation-agent-8.13.jar org.gradle.launcher.daemon.bootstrap.GradleDaemon 8.13

Host: AMD Ryzen 5 5500                               , 12 cores, 15G,  Windows 11 , 64 bit Build 26100 (10.0.26100.6725)
Time: Sun Nov  2 13:17:31 2025 Malay Peninsula Standard Time elapsed time: 63.149697 seconds (0d 0h 1m 3s)

---------------  T H R E A D  ---------------

Current thread (0x0000022c5936be70):  JavaThread "Unconstrained build operations Thread 59"        [_thread_in_vm, id=14412, stack(0x000000e97d500000,0x000000e97d600000) (1024K)]

Stack: [0x000000e97d500000,0x000000e97d600000]
Native frames: (J=compiled Java code, j=interpreted, Vv=VM code, C=native code)
V  [jvm.dll+0x6cfb29]
V  [jvm.dll+0x85df93]
V  [jvm.dll+0x8604ee]
V  [jvm.dll+0x860bd3]
V  [jvm.dll+0x27e6b6]
V  [jvm.dll+0x6cc385]
V  [jvm.dll+0x6c078a]
V  [jvm.dll+0x35525b]
V  [jvm.dll+0x35ceb6]
V  [jvm.dll+0x3aeadb]
V  [jvm.dll+0x3af194]
V  [jvm.dll+0x3aece6]
V  [jvm.dll+0x327d64]
V  [jvm.dll+0x325f2f]
V  [jvm.dll+0x661ff0]
V  [jvm.dll+0x23ed82]
V  [jvm.dll+0x822567]
V  [jvm.dll+0x72c5c9]
C  0x0000022c407b6129

The last pc belongs to _new_array_nozero_Java (printed below).
Java frames: (J=compiled Java code, j=interpreted, Vv=VM code)
v  ~RuntimeStub::_new_array_nozero_Java 0x0000022c407b6129
J 2590 c2 java.util.Arrays.copyOf([BI)[B java.base@21.0.5 (33 bytes) @ 0x0000022c40d75e40 [0x0000022c40d75bc0+0x0000000000000280]
J 22333 c2 com.android.tools.build.jetifier.processor.archive.Archive$Builder.extractFile(Ljava/util/zip/ZipInputStream;Ljava/nio/file/Path;Ljava/nio/file/attribute/FileTime;)Lcom/android/tools/build/jetifier/processor/archive/ArchiveFile; (39 bytes) @ 0x0000022c41a81de0 [0x0000022c41a817e0+0x0000000000000600]
j  com.android.tools.build.jetifier.processor.archive.Archive$Builder.extractArchive(Ljava/io/InputStream;Ljava/nio/file/Path;ZLjava/nio/file/attribute/FileTime;)Lcom/android/tools/build/jetifier/processor/archive/Archive;+144
j  com.android.tools.build.jetifier.processor.archive.Archive$Builder.extract(Ljava/io/File;Z)Lcom/android/tools/build/jetifier/processor/archive/Archive;+94
j  com.android.tools.build.jetifier.processor.archive.Archive$Builder.extract$default(Lcom/android/tools/build/jetifier/processor/archive/Archive$Builder;Ljava/io/File;ZILjava/lang/Object;)Lcom/android/tools/build/jetifier/processor/archive/Archive;+11
j  com.android.tools.build.jetifier.processor.Processor.loadLibraries(Ljava/lang/Iterable;)Ljava/util/Set;+98
j  com.android.tools.build.jetifier.processor.Processor.transform2(Ljava/util/Set;ZZ)Lcom/android/tools/build/jetifier/processor/TransformationResult;+372
j  com.android.build.gradle.internal.dependency.JetifyTransform.transform(Lorg/gradle/api/artifacts/transform/TransformOutputs;)V+369
j  org.gradle.api.internal.artifacts.transform.DefaultTransform.transform(Lorg/gradle/api/provider/Provider;Ljava/io/File;Lorg/gradle/api/internal/artifacts/transform/TransformDependencies;Lorg/gradle/work/InputChanges;)Lorg/gradle/api/internal/artifacts/transform/TransformExecutionResult;+42
j  org.gradle.api.internal.artifacts.transform.AbstractTransformExecution$2.call(Lorg/gradle/internal/operations/BuildOperationContext;)Lorg/gradle/api/internal/artifacts/transform/TransformExecutionResult;+96
j  org.gradle.api.internal.artifacts.transform.AbstractTransformExecution$2.call(Lorg/gradle/internal/operations/BuildOperationContext;)Ljava/lang/Object;+2
J 14669 c2 org.gradle.internal.operations.DefaultBuildOperationRunner$CallableBuildOperationWorker.execute(Lorg/gradle/internal/operations/BuildOperation;Lorg/gradle/internal/operations/BuildOperationContext;)V (10 bytes) @ 0x0000022c40f34a1c [0x0000022c40f349a0+0x000000000000007c]
J 20461 c2 org.gradle.internal.operations.DefaultBuildOperationRunner.execute(Lorg/gradle/internal/operations/BuildOperationDescriptor$Builder;Lorg/gradle/internal/operations/BuildOperationState;Lorg/gradle/internal/operations/DefaultBuildOperationRunner$BuildOperationExecution;)Ljava/lang/Object; (147 bytes) @ 0x0000022c41a0ab98 [0x0000022c41a09f20+0x0000000000000c78]
J 20255 c2 org.gradle.internal.operations.DefaultBuildOperationRunner.execute(Lorg/gradle/internal/operations/BuildOperation;Lorg/gradle/internal/operations/BuildOperationWorker;Lorg/gradle/internal/operations/BuildOperationState;)V (23 bytes) @ 0x0000022c419b3b1c [0x0000022c419b3a40+0x00000000000000dc]
J 15274 c2 org.gradle.internal.operations.DefaultBuildOperationRunner.call(Lorg/gradle/internal/operations/CallableBuildOperation;)Ljava/lang/Object; (24 bytes) @ 0x0000022c414a50b4 [0x0000022c414a4f60+0x0000000000000154]
j  org.gradle.api.internal.artifacts.transform.AbstractTransformExecution.executeWithinTransformerListener(Lorg/gradle/internal/execution/UnitOfWork$ExecutionRequest;)Lorg/gradle/internal/execution/UnitOfWork$WorkOutput;+13
j  org.gradle.api.internal.artifacts.transform.AbstractTransformExecution.execute(Lorg/gradle/internal/execution/UnitOfWork$ExecutionRequest;)Lorg/gradle/internal/execution/UnitOfWork$WorkOutput;+19
j  org.gradle.internal.execution.steps.ExecuteStep.executeInternal(Lorg/gradle/internal/execution/UnitOfWork;Lorg/gradle/internal/execution/steps/InputChangesContext;)Lorg/gradle/internal/execution/steps/Result;+16
j  org.gradle.internal.execution.steps.ExecuteStep.access$000(Lorg/gradle/internal/execution/UnitOfWork;Lorg/gradle/internal/execution/steps/InputChangesContext;)Lorg/gradle/internal/execution/steps/Result;+2
j  org.gradle.internal.execution.steps.ExecuteStep$1.call(Lorg/gradle/internal/operations/BuildOperationContext;)Lorg/gradle/internal/execution/steps/Result;+8
j  org.gradle.internal.execution.steps.ExecuteStep$1.call(Lorg/gradle/internal/operations/BuildOperationContext;)Ljava/lang/Object;+2
J 14669 c2 org.gradle.internal.operations.DefaultBuildOperationRunner$CallableBuildOperationWorker.execute(Lorg/gradle/internal/operations/BuildOperation;Lorg/gradle/internal/operations/BuildOperationContext;)V (10 bytes) @ 0x0000022c40f34a1c [0x0000022c40f349a0+0x000000000000007c]
J 20461 c2 org.gradle.internal.operations.DefaultBuildOperationRunner.execute(Lorg/gradle/internal/operations/BuildOperationDescriptor$Builder;Lorg/gradle/internal/operations/BuildOperationState;Lorg/gradle/internal/operations/DefaultBuildOperationRunner$BuildOperationExecution;)Ljava/lang/Object; (147 bytes) @ 0x0000022c41a0ab98 [0x0000022c41a09f20+0x0000000000000c78]
J 20255 c2 org.gradle.internal.operations.DefaultBuildOperationRunner.execute(Lorg/gradle/internal/operations/BuildOperation;Lorg/gradle/internal/operations/BuildOperationWorker;Lorg/gradle/internal/operations/BuildOperationState;)V (23 bytes) @ 0x0000022c419b3b1c [0x0000022c419b3a40+0x00000000000000dc]
J 15274 c2 org.gradle.internal.operations.DefaultBuildOperationRunner.call(Lorg/gradle/internal/operations/CallableBuildOperation;)Ljava/lang/Object; (24 bytes) @ 0x0000022c414a50b4 [0x0000022c414a4f60+0x0000000000000154]
j  org.gradle.internal.execution.steps.ExecuteStep.execute(Lorg/gradle/internal/execution/UnitOfWork;Lorg/gradle/internal/execution/steps/ChangingOutputsContext;)Lorg/gradle/internal/execution/steps/Result;+28
j  org.gradle.internal.execution.steps.ExecuteStep.execute(Lorg/gradle/internal/execution/UnitOfWork;Lorg/gradle/internal/execution/steps/Context;)Lorg/gradle/internal/execution/steps/Result;+6
j  org.gradle.internal.execution.steps.CancelExecutionStep.execute(Lorg/gradle/internal/execution/UnitOfWork;Lorg/gradle/internal/execution/steps/Context;)Lorg/gradle/internal/execution/steps/Result;+35
j  org.gradle.internal.execution.steps.TimeoutStep.executeWithoutTimeout(Lorg/gradle/internal/execution/UnitOfWork;Lorg/gradle/internal/execution/steps/Context;)Lorg/gradle/internal/execution/steps/Result;+6
j  org.gradle.internal.execution.steps.TimeoutStep.execute(Lorg/gradle/internal/execution/UnitOfWork;Lorg/gradle/internal/execution/steps/Context;)Lorg/gradle/internal/execution/steps/Result;+92
j  org.gradle.internal.execution.steps.PreCreateOutputParentsStep.execute(Lorg/gradle/internal/execution/UnitOfWork;Lorg/gradle/internal/execution/steps/ChangingOutputsContext;)Lorg/gradle/internal/execution/steps/Result;+24
j  org.gradle.internal.execution.steps.PreCreateOutputParentsStep.execute(Lorg/gradle/internal/execution/UnitOfWork;Lorg/gradle/internal/execution/steps/Context;)Lorg/gradle/internal/execution/steps/Result;+6
j  org.gradle.internal.execution.steps.BroadcastChangingOutputsStep.execute(Lorg/gradle/internal/execution/UnitOfWork;Lorg/gradle/internal/execution/steps/InputChangesContext;)Lorg/gradle/internal/execution/steps/Result;+53
j  org.gradle.internal.execution.steps.BroadcastChangingOutputsStep.execute(Lorg/gradle/internal/execution/UnitOfWork;Lorg/gradle/internal/execution/steps/Context;)Lorg/gradle/internal/execution/steps/Result;+6
j  org.gradle.internal.execution.steps.NoInputChangesStep.execute(Lorg/gradle/internal/execution/UnitOfWork;Lorg/gradle/internal/execution/steps/ValidationFinishedContext;)Lorg/gradle/internal/execution/steps/Result;+23
j  org.gradle.internal.execution.steps.NoInputChangesStep.execute(Lorg/gradle/internal/execution/UnitOfWork;Lorg/gradle/internal/execution/steps/Context;)Lorg/gradle/internal/execution/steps/Result;+6
j  org.gradle.internal.execution.steps.CaptureOutputsAfterExecutionStep.execute(Lorg/gradle/internal/execution/UnitOfWork;Lorg/gradle/internal/execution/steps/WorkspaceContext;)Lorg/gradle/internal/execution/steps/AfterExecutionResult;+6
j  org.gradle.internal.execution.steps.CaptureOutputsAfterExecutionStep.execute(Lorg/gradle/internal/execution/UnitOfWork;Lorg/gradle/internal/execution/steps/Context;)Lorg/gradle/internal/execution/steps/Result;+6
j  org.gradle.internal.execution.steps.BuildCacheStep.executeWithoutCache(Lorg/gradle/internal/execution/UnitOfWork;Lorg/gradle/internal/execution/steps/WorkspaceContext;)Lorg/gradle/internal/execution/steps/AfterExecutionResult;+6
j  org.gradle.internal.execution.steps.BuildCacheStep.executeAndStoreInCache(Lorg/gradle/internal/execution/steps/BuildCacheStep$CacheableWork;Lorg/gradle/caching/BuildCacheKey;Lorg/gradle/internal/execution/steps/WorkspaceContext;)Lorg/gradle/internal/execution/steps/AfterExecutionResult;+37
j  org.gradle.internal.execution.steps.BuildCacheStep.lambda$executeWithCache$4(Lorg/gradle/internal/execution/steps/BuildCacheStep$CacheableWork;Lorg/gradle/caching/BuildCacheKey;Lorg/gradle/internal/execution/steps/WorkspaceContext;)Lorg/gradle/internal/execution/steps/AfterExecutionResult;+4
j  org.gradle.internal.execution.steps.BuildCacheStep$$Lambda+0x0000000801404700.get()Ljava/lang/Object;+16
J 9902 c2 java.util.Optional.orElseGet(Ljava/util/function/Supplier;)Ljava/lang/Object; java.base@21.0.5 (21 bytes) @ 0x0000022c4112e000 [0x0000022c4112dfa0+0x0000000000000060]
j  org.gradle.internal.execution.steps.BuildCacheStep.lambda$executeWithCache$5(Lorg/gradle/internal/execution/UnitOfWork;Lorg/gradle/caching/BuildCacheKey;Lorg/gradle/internal/execution/steps/WorkspaceContext;Lorg/gradle/internal/execution/steps/BuildCacheStep$CacheableWork;Ljava/util/Optional;)Lorg/gradle/internal/execution/steps/AfterExecutionResult;+24
j  org.gradle.internal.execution.steps.BuildCacheStep$$Lambda+0x0000000801404250.apply(Ljava/lang/Object;)Ljava/lang/Object;+24
J 14512 c2 org.gradle.internal.Try$Success.map(Ljava/util/function/Function;)Lorg/gradle/internal/Try; (14 bytes) @ 0x0000022c4144bf18 [0x0000022c4144bec0+0x0000000000000058]
j  org.gradle.internal.execution.steps.BuildCacheStep.executeWithCache(Lorg/gradle/internal/execution/UnitOfWork;Lorg/gradle/internal/execution/steps/WorkspaceContext;Lorg/gradle/caching/BuildCacheKey;)Lorg/gradle/internal/execution/steps/AfterExecutionResult;+47
j  org.gradle.internal.execution.steps.BuildCacheStep.lambda$execute$0(Lorg/gradle/internal/execution/UnitOfWork;Lorg/gradle/internal/execution/steps/WorkspaceContext;Lorg/gradle/internal/execution/caching/CachingState$Enabled;)Lorg/gradle/internal/execution/steps/AfterExecutionResult;+10
j  org.gradle.internal.execution.steps.BuildCacheStep$$Lambda+0x00000008013f5500.apply(Ljava/lang/Object;)Ljava/lang/Object;+16
j  org.gradle.internal.Either$Left.fold(Ljava/util/function/Function;Ljava/util/function/Function;)Ljava/lang/Object;+5
j  org.gradle.internal.execution.caching.CachingState.fold(Ljava/util/function/Function;Ljava/util/function/Function;)Ljava/lang/Object;+6
j  org.gradle.internal.execution.steps.BuildCacheStep.execute(Lorg/gradle/internal/execution/UnitOfWork;Lorg/gradle/internal/execution/steps/WorkspaceContext;)Lorg/gradle/internal/execution/steps/AfterExecutionResult;+25
j  org.gradle.internal.execution.steps.BuildCacheStep.execute(Lorg/gradle/internal/execution/UnitOfWork;Lorg/gradle/internal/execution/steps/Context;)Lorg/gradle/internal/execution/steps/Result;+6
j  org.gradle.internal.execution.steps.NeverUpToDateStep.execute(Lorg/gradle/internal/execution/UnitOfWork;Lorg/gradle/internal/execution/steps/NonIncrementalCachingContext;)Lorg/gradle/internal/execution/steps/UpToDateResult;+6
j  org.gradle.internal.execution.steps.NeverUpToDateStep.execute(Lorg/gradle/internal/execution/UnitOfWork;Lorg/gradle/internal/execution/steps/Context;)Lorg/gradle/internal/execution/steps/Result;+6
j  org.gradle.internal.execution.steps.legacy.MarkSnapshottingInputsFinishedStep.execute(Lorg/gradle/internal/execution/UnitOfWork;Lorg/gradle/internal/execution/steps/CachingContext;)Lorg/gradle/internal/execution/steps/Result;+18
j  org.gradle.internal.execution.steps.legacy.MarkSnapshottingInputsFinishedStep.execute(Lorg/gradle/internal/execution/UnitOfWork;Lorg/gradle/internal/execution/steps/Context;)Lorg/gradle/internal/execution/steps/Result;+6
j  org.gradle.internal.execution.steps.ResolveNonIncrementalCachingStateStep.executeDelegate(Lorg/gradle/internal/execution/UnitOfWork;Lorg/gradle/internal/execution/steps/ValidationFinishedContext;Lorg/gradle/internal/execution/caching/CachingState;)Lorg/gradle/internal/execution/steps/UpToDateResult;+14
j  org.gradle.internal.execution.steps.AbstractResolveCachingStateStep.execute(Lorg/gradle/internal/execution/UnitOfWork;Lorg/gradle/internal/execution/steps/ValidationFinishedContext;)Lorg/gradle/internal/execution/steps/CachingResult;+51
j  org.gradle.internal.execution.steps.AbstractResolveCachingStateStep.execute(Lorg/gradle/internal/execution/UnitOfWork;Lorg/gradle/internal/execution/steps/Context;)Lorg/gradle/internal/execution/steps/Result;+6
j  org.gradle.internal.execution.steps.ValidateStep.execute(Lorg/gradle/internal/execution/UnitOfWork;Lorg/gradle/internal/execution/steps/BeforeExecutionContext;)Lorg/gradle/internal/execution/steps/Result;+255
j  org.gradle.internal.execution.steps.ValidateStep.execute(Lorg/gradle/internal/execution/UnitOfWork;Lorg/gradle/internal/execution/steps/Context;)Lorg/gradle/internal/execution/steps/Result;+6
j  org.gradle.internal.execution.steps.AbstractCaptureStateBeforeExecutionStep.execute(Lorg/gradle/internal/execution/UnitOfWork;Lorg/gradle/internal/execution/steps/PreviousExecutionContext;)Lorg/gradle/internal/execution/steps/CachingResult;+32
j  org.gradle.internal.execution.steps.AbstractCaptureStateBeforeExecutionStep.execute(Lorg/gradle/internal/execution/UnitOfWork;Lorg/gradle/internal/execution/steps/Context;)Lorg/gradle/internal/execution/steps/Result;+6
j  org.gradle.internal.execution.steps.legacy.MarkSnapshottingInputsStartedStep.execute(Lorg/gradle/internal/execution/UnitOfWork;Lorg/gradle/internal/execution/steps/Context;)Lorg/gradle/internal/execution/steps/Result;+12
j  org.gradle.internal.execution.steps.AssignImmutableWorkspaceStep.lambda$executeInTemporaryWorkspace$3(Lorg/gradle/internal/execution/steps/IdentityContext;Lorg/gradle/internal/execution/UnitOfWork;Lorg/gradle/internal/execution/workspace/ImmutableWorkspaceProvider$ImmutableWorkspace;Ljava/io/File;)Lorg/gradle/internal/execution/steps/WorkspaceResult;+50
j  org.gradle.internal.execution.steps.AssignImmutableWorkspaceStep$$Lambda+0x0000000801432090.executeInTemporaryWorkspace(Ljava/io/File;)Ljava/lang/Object;+17
j  org.gradle.internal.execution.workspace.impl.CacheBasedImmutableWorkspaceProvider$1.withTemporaryWorkspace(Lorg/gradle/internal/execution/workspace/ImmutableWorkspaceProvider$ImmutableWorkspace$TemporaryWorkspaceAction;)Ljava/lang/Object;+47
j  org.gradle.internal.execution.steps.AssignImmutableWorkspaceStep.executeInTemporaryWorkspace(Lorg/gradle/internal/execution/UnitOfWork;Lorg/gradle/internal/execution/steps/IdentityContext;Lorg/gradle/internal/execution/workspace/ImmutableWorkspaceProvider$ImmutableWorkspace;)Lorg/gradle/internal/execution/steps/WorkspaceResult;+10
j  org.gradle.internal.execution.steps.AssignImmutableWorkspaceStep.lambda$execute$0(Lorg/gradle/internal/execution/UnitOfWork;Lorg/gradle/internal/execution/steps/IdentityContext;Lorg/gradle/internal/execution/workspace/ImmutableWorkspaceProvider$ImmutableWorkspace;)Lorg/gradle/internal/execution/steps/WorkspaceResult;+4
j  org.gradle.internal.execution.steps.AssignImmutableWorkspaceStep$$Lambda+0x0000000800617778.get()Ljava/lang/Object;+16
J 11394 c1 org.gradle.internal.execution.steps.AssignImmutableWorkspaceStep.execute(Lorg/gradle/internal/execution/UnitOfWork;Lorg/gradle/internal/execution/steps/IdentityContext;)Lorg/gradle/internal/execution/steps/WorkspaceResult; (55 bytes) @ 0x0000022c3a41918c [0x0000022c3a418720+0x0000000000000a6c]
J 11563 c1 org.gradle.internal.execution.steps.AssignImmutableWorkspaceStep.execute(Lorg/gradle/internal/execution/UnitOfWork;Lorg/gradle/internal/execution/steps/Context;)Lorg/gradle/internal/execution/steps/Result; (10 bytes) @ 0x0000022c391e2e2c [0x0000022c391e2cc0+0x000000000000016c]
J 11547 c1 org.gradle.internal.execution.steps.ChoosePipelineStep.execute(Lorg/gradle/internal/execution/UnitOfWork;Lorg/gradle/internal/execution/steps/IdentityContext;)Lorg/gradle/internal/execution/steps/Result; (71 bytes) @ 0x0000022c391dc51c [0x0000022c391dbe20+0x00000000000006fc]
J 11366 c1 org.gradle.internal.execution.steps.ChoosePipelineStep.execute(Lorg/gradle/internal/execution/UnitOfWork;Lorg/gradle/internal/execution/steps/Context;)Lorg/gradle/internal/execution/steps/Result; (10 bytes) @ 0x0000022c3a40a3bc [0x0000022c3a40a240+0x000000000000017c]
J 11664 c1 org.gradle.internal.execution.steps.ExecuteWorkBuildOperationFiringStep.lambda$execute$0(Lorg/gradle/internal/execution/UnitOfWork;Lorg/gradle/internal/execution/steps/IdentityContext;Lorg/gradle/internal/operations/BuildOperationContext;)Lorg/gradle/internal/execution/steps/CachingResult; (78 bytes) @ 0x0000022c39a62f1c [0x0000022c39a62e00+0x000000000000011c]
J 11586 c1 org.gradle.internal.execution.steps.ExecuteWorkBuildOperationFiringStep$$Lambda+0x0000000800885030.apply(Ljava/lang/Object;)Ljava/lang/Object; (20 bytes) @ 0x0000022c393231ec [0x0000022c39323040+0x00000000000001ac]
J 15702 c2 org.gradle.internal.execution.steps.BuildOperationStep$1.call(Lorg/gradle/internal/operations/BuildOperationContext;)Ljava/lang/Object; (11 bytes) @ 0x0000022c414e0174 [0x0000022c414e0120+0x0000000000000054]
J 14669 c2 org.gradle.internal.operations.DefaultBuildOperationRunner$CallableBuildOperationWorker.execute(Lorg/gradle/internal/operations/BuildOperation;Lorg/gradle/internal/operations/BuildOperationContext;)V (10 bytes) @ 0x0000022c40f34a1c [0x0000022c40f349a0+0x000000000000007c]
J 20461 c2 org.gradle.internal.operations.DefaultBuildOperationRunner.execute(Lorg/gradle/internal/operations/BuildOperationDescriptor$Builder;Lorg/gradle/internal/operations/BuildOperationState;Lorg/gradle/internal/operations/DefaultBuildOperationRunner$BuildOperationExecution;)Ljava/lang/Object; (147 bytes) @ 0x0000022c41a0ab98 [0x0000022c41a09f20+0x0000000000000c78]
J 20773 c2 org.gradle.internal.execution.steps.ExecuteWorkBuildOperationFiringStep.execute(Lorg/gradle/internal/execution/UnitOfWork;Lorg/gradle/internal/execution/steps/Context;)Lorg/gradle/internal/execution/steps/Result; (10 bytes) @ 0x0000022c41a58454 [0x0000022c41a57fa0+0x00000000000004b4]
J 11669 c1 org.gradle.internal.execution.steps.IdentityCacheStep.executeInCache(Lorg/gradle/internal/execution/UnitOfWork;Lorg/gradle/internal/execution/steps/IdentityContext;)Lorg/gradle/internal/execution/ExecutionEngine$IdentityCacheResult; (45 bytes) @ 0x0000022c399219b4 [0x0000022c39921860+0x0000000000000154]
J 11666 c1 org.gradle.internal.execution.steps.IdentityCacheStep$$Lambda+0x0000000800884df8.get()Ljava/lang/Object; (16 bytes) @ 0x0000022c3982d51c [0x0000022c3982d440+0x00000000000000dc]
J 7482 c1 org.gradle.cache.Cache$$Lambda+0x0000000800216830.apply(Ljava/lang/Object;)Ljava/lang/Object; (9 bytes) @ 0x0000022c392b7b8c [0x0000022c392b7a40+0x000000000000014c]
J 16436 c2 java.util.concurrent.ConcurrentHashMap.computeIfAbsent(Ljava/lang/Object;Ljava/util/function/Function;)Ljava/lang/Object; java.base@21.0.5 (576 bytes) @ 0x0000022c415b4eac [0x0000022c415b4800+0x00000000000006ac]
J 14756 c2 org.gradle.cache.Cache.get(Ljava/lang/Object;Ljava/util/function/Supplier;)Ljava/lang/Object; (14 bytes) @ 0x0000022c412172f8 [0x0000022c41217220+0x00000000000000d8]
J 11440 c1 org.gradle.internal.execution.steps.IdentityCacheStep.lambda$executeDeferred$1(Lorg/gradle/cache/Cache;Lorg/gradle/internal/execution/UnitOfWork$Identity;Lorg/gradle/internal/execution/UnitOfWork;Lorg/gradle/internal/execution/steps/IdentityContext;)Lorg/gradle/internal/Try; (41 bytes) @ 0x0000022c3a42eabc [0x0000022c3a42e580+0x000000000000053c]
J 11439 c1 org.gradle.internal.execution.steps.IdentityCacheStep$$Lambda+0x0000000800884488.get()Ljava/lang/Object; (24 bytes) @ 0x0000022c3a42e0ec [0x0000022c3a42e040+0x00000000000000ac]
J 16437 c2 org.gradle.internal.Deferrable$3.completeAndGet()Ljava/lang/Object; (46 bytes) @ 0x0000022c415b6884 [0x0000022c415b67a0+0x00000000000000e4]
J 21474 c2 org.gradle.internal.Deferrable$1.completeAndGet()Ljava/lang/Object; (18 bytes) @ 0x0000022c41813f58 [0x0000022c41813f00+0x0000000000000058]
J 21474 c2 org.gradle.internal.Deferrable$1.completeAndGet()Ljava/lang/Object; (18 bytes) @ 0x0000022c41813f58 [0x0000022c41813f00+0x0000000000000058]
J 14554 c1 org.gradle.internal.Deferrable$$Lambda+0x000000080088fc20.get()Ljava/lang/Object; (14 bytes) @ 0x0000022c39464224 [0x0000022c39464000+0x0000000000000224]
J 16437 c2 org.gradle.internal.Deferrable$3.completeAndGet()Ljava/lang/Object; (46 bytes) @ 0x0000022c415b6884 [0x0000022c415b67a0+0x00000000000000e4]
J 11403 c1 org.gradle.api.internal.artifacts.transform.TransformingAsyncArtifactListener$TransformedArtifact.finalizeValue()Lorg/gradle/internal/Try; (168 bytes) @ 0x0000022c3a421b2c [0x0000022c3a420f00+0x0000000000000c2c]
J 11539 c1 org.gradle.api.internal.artifacts.transform.TransformingAsyncArtifactListener$TransformedArtifact.run(Lorg/gradle/internal/operations/BuildOperationContext;)V (6 bytes) @ 0x0000022c3a4685bc [0x0000022c3a468540+0x000000000000007c]
J 11174 c1 org.gradle.internal.operations.DefaultBuildOperationExecutor$$Lambda+0x000000080086a8c8.execute(Lorg/gradle/internal/operations/BuildOperation;Lorg/gradle/internal/operations/BuildOperationContext;)V (11 bytes) @ 0x0000022c3a3a29d4 [0x0000022c3a3a27c0+0x0000000000000214]
J 20461 c2 org.gradle.internal.operations.DefaultBuildOperationRunner.execute(Lorg/gradle/internal/operations/BuildOperationDescriptor$Builder;Lorg/gradle/internal/operations/BuildOperationState;Lorg/gradle/internal/operations/DefaultBuildOperationRunner$BuildOperationExecution;)Ljava/lang/Object; (147 bytes) @ 0x0000022c41a0ab98 [0x0000022c41a09f20+0x0000000000000c78]
J 20255 c2 org.gradle.internal.operations.DefaultBuildOperationRunner.execute(Lorg/gradle/internal/operations/BuildOperation;Lorg/gradle/internal/operations/BuildOperationWorker;Lorg/gradle/internal/operations/BuildOperationState;)V (23 bytes) @ 0x0000022c419b3b1c [0x0000022c419b3a40+0x00000000000000dc]
J 16144 c1 org.gradle.internal.operations.DefaultBuildOperationQueue$WorkerRunnable.doRunBatch(Lorg/gradle/internal/operations/BuildOperation;)I (44 bytes) @ 0x0000022c3ab4fafc [0x0000022c3ab4f8a0+0x000000000000025c]
J 16142 c1 org.gradle.internal.operations.DefaultBuildOperationQueue$WorkerRunnable$$Lambda+0x000000080086b878.create()Ljava/lang/Object; (12 bytes) @ 0x0000022c3ab504b4 [0x0000022c3ab503e0+0x00000000000000d4]
J 16385 c1 org.gradle.internal.resources.AbstractResourceLockRegistry.whileDisallowingLockChanges(Lorg/gradle/internal/Factory;)Ljava/lang/Object; (44 bytes) @ 0x0000022c395fe27c [0x0000022c395fe0e0+0x000000000000019c]
J 14526 c1 org.gradle.internal.operations.DefaultBuildOperationQueue$WorkerRunnable.lambda$runBatch$1(Lorg/gradle/internal/operations/BuildOperation;)Ljava/lang/Integer; (42 bytes) @ 0x0000022c3a92858c [0x0000022c3a927bc0+0x00000000000009cc]
J 14525 c1 org.gradle.internal.operations.DefaultBuildOperationQueue$WorkerRunnable$$Lambda+0x000000080086b408.create()Ljava/lang/Object; (12 bytes) @ 0x0000022c3a927754 [0x0000022c3a9276c0+0x0000000000000094]
J 16387 c1 org.gradle.internal.work.DefaultWorkerLeaseService.withLocks(Ljava/util/Collection;Lorg/gradle/internal/Factory;)Ljava/lang/Object; (53 bytes) @ 0x0000022c3a846c5c [0x0000022c3a8467e0+0x000000000000047c]
J 14521 c1 org.gradle.internal.work.DefaultWorkerLeaseService.runAsWorkerThread(Lorg/gradle/internal/Factory;)Ljava/lang/Object; (37 bytes) @ 0x0000022c3a9246bc [0x0000022c3a9240e0+0x00000000000005dc]
J 14522 c1 org.gradle.internal.operations.DefaultBuildOperationQueue$WorkerRunnable.run()V (48 bytes) @ 0x0000022c3a925494 [0x0000022c3a924f40+0x0000000000000554]
J 14542 c2 org.gradle.internal.concurrent.ExecutorPolicy$CatchAndRecordFailures.onExecute(Ljava/lang/Runnable;)V (29 bytes) @ 0x0000022c41459794 [0x0000022c41459740+0x0000000000000054]
J 17771 c1 org.gradle.internal.concurrent.AbstractManagedExecutor$1.run()V (57 bytes) @ 0x0000022c394702cc [0x0000022c39470100+0x00000000000001cc]
j  java.util.concurrent.ThreadPoolExecutor.runWorker(Ljava/util/concurrent/ThreadPoolExecutor$Worker;)V+92 java.base@21.0.5
j  java.util.concurrent.ThreadPoolExecutor$Worker.run()V+5 java.base@21.0.5
j  java.lang.Thread.runWith(Ljava/lang/Object;Ljava/lang/Runnable;)V+5 java.base@21.0.5
j  java.lang.Thread.run()V+19 java.base@21.0.5
v  ~StubRoutines::call_stub 0x0000022c406a100d
--------------------------------------------------------------------------------
Decoding CodeBlob, name: _new_array_nozero_Java, at  [0x0000022c407b6100, 0x0000022c407b6170]  112 bytes
[MachCode]
  0x0000022c407b6100: 4881 ec28 | 0000 0048 | 896c 2420 | 4989 a798 | 0300 0048 | 8bca 418b | d04d 8bc7 | 49ba 80c5 
  0x0000022c407b6120: 8843 fd7f | 0000 41ff | d20f 1f84 | 0000 0000 | 004d 89a7 | 9803 0000 | 4d89 a7a0 | 0300 0049 
  0x0000022c407b6140: 8b87 f003 | 0000 4d89 | a7f0 0300 | 004d 3b67 | 0875 0648 | 83c4 205d | c333 db49 | ba00 0f6a 
  0x0000022c407b6160: 402c 0200 | 0048 83c4 | 205d 41ff | e2f4 f4f4 
[/MachCode]
--------------------------------------------------------------------------------


Compiled method (c2) 63919 2590       4       java.util.Arrays::copyOf (33 bytes)
 total in heap  [0x0000022c40d75a10,0x0000022c40d760b8] = 1704
 relocation     [0x0000022c40d75b70,0x0000022c40d75ba8] = 56
 main code      [0x0000022c40d75bc0,0x0000022c40d75f88] = 968
 stub code      [0x0000022c40d75f88,0x0000022c40d75fa0] = 24
 metadata       [0x0000022c40d75fa0,0x0000022c40d75fb0] = 16
 scopes data    [0x0000022c40d75fb0,0x0000022c40d76000] = 80
 scopes pcs     [0x0000022c40d76000,0x0000022c40d76070] = 112
 dependencies   [0x0000022c40d76070,0x0000022c40d76078] = 8
 handler table  [0x0000022c40d76078,0x0000022c40d760a8] = 48
 nul chk table  [0x0000022c40d760a8,0x0000022c40d760b8] = 16

[Constant Pool (empty)]

[MachCode]
[Verified Entry Point]
  # {method} {0x0000022c511d75a0} 'copyOf' '([BI)[B' in 'java/util/Arrays'
  # parm0:    rdx:rdx   = '[B'
  # parm1:    r8        = int
  #           [sp+0x70]  (sp of caller)
  0x0000022c40d75bc0: 8984 2400 | 80ff ff55 | 4883 ec60 | 4181 7f20 | 2700 0000 | 0f85 a403 | 0000 4889 | 5424 2044 
  0x0000022c40d75be0: 8b4a 0c4c | 8bd2 4983 | c210 4c89 | 5424 2845 | 3bc1 0f84 | 8501 0000 | 4181 f800 | 0010 000f 
  0x0000022c40d75c00: 8764 0200 | 004d 63d8 | 453b c841 | 8be9 410f | 4fe8 443b | cd0f 82c2 | 0200 0044 | 3bc5 0f82 
  0x0000022c40d75c20: b902 0000 | 4983 c317 | 4d8b cb49 | 83e1 f841 | 81f8 0000 | 1000 0f87 | d801 0000 | 498b 9fb8 
  0x0000022c40d75c40: 0100 004c | 8bd3 4d03 | d14d 3b97 | c801 0000 | 0f83 be01 | 0000 4d89 | 97b8 0100 | 0041 0f18 
  0x0000022c40d75c60: 8200 0100 | 0048 c703 | 0100 0000 | 410f 1882 | 4001 0000 

  0x0000022c40d75c74: ;   {metadata({type array byte})}
  0x0000022c40d75c74: c743 0828 | 0a04 0044 | 8943 0c41 | 0f18 8280 | 0100 0048 | 8bd3 4883 | c210 49c1 | eb03 85ed 
  0x0000022c40d75c94: 0f84 d701 | 0000 413b | e87c 4149 | 83c1 f049 | c1e9 0348 | 8b4c 2428 | 4d8b c1c5 | f877 49ba 
  0x0000022c40d75cb4: 6081 6d40 | 2c02 0000 

  0x0000022c40d75cbc: ;   {other}
  0x0000022c40d75cbc: 41ff d20f | 1f84 0000 | 0000 0048 | 8bc3 c5f8 | 7748 83c4 

  0x0000022c40d75cd0: ;   {poll_return}
  0x0000022c40d75cd0: 605d 493b | a748 0400 | 000f 8789 | 0200 00c3 | 4c63 c54d | 8d50 104d | 8bca 4983 | e1f8 488b 
  0x0000022c40d75cf0: fb49 03f9 | 49c1 ea03 | 4d2b da49 | 8bcb 4833 | c048 83f9 | 087f 1048 | ffc9 784f | 4889 04cf 
  0x0000022c40d75d10: 48ff c97d | f7eb 44c5 | fdef c0e9 | 0d00 0000 | c5fe 7f07 | c5fe 7f47 | 2048 83c7 | 4048 83e9 
  0x0000022c40d75d30: 087d ed48 | 83c1 047c | 0cc5 fe7f | 0748 83c7 | 2048 83e9 | 0448 83c1 | 047e 1048 | ffc9 c5f9 
  0x0000022c40d75d50: d607 4883 | c708 48ff | c97d f348 | 8b4c 2428 | c5f8 7749 | bac0 7a6d | 402c 0200 | 0041 ffd2 
  0x0000022c40d75d70: ;   {other}
  0x0000022c40d75d70: 0f1f 8400 | 0000 0000 | e94a ffff | ff49 63e9 | 4181 f900 | 0010 000f | 876f 0100 | 0049 8b9f 
  0x0000022c40d75d90: b801 0000 | 4c8d 5517 | 4983 e2f8 | 4c8b db4d | 03da 4d3b | 9fc8 0100 | 000f 834d | 0100 004d 
  0x0000022c40d75db0: 899f b801 | 0000 410f | 1883 0001 | 0000 48c7 | 0301 0000 | 0041 0f18 | 8340 0100 

  0x0000022c40d75dcc: ;   {metadata({type array byte})}
  0x0000022c40d75dcc: 00c7 4308 | 280a 0400 | 4489 4b0c | 410f 1883 | 8001 0000 | 488b d348 | 83c2 1048 | 83c5 0748 
  0x0000022c40d75dec: c1ed 0348 | 8b4c 2428 | 4c8b c5c5 | f877 49ba | 6081 6d40 | 2c02 0000 

  0x0000022c40d75e04: ;   {other}
  0x0000022c40d75e04: 41ff d20f | 1f84 0000 | 0000 00e9 | b3fe ffff | 4c89 4c24 | 484c 895c | 2440 48ff | 7424 2848 
  0x0000022c40d75e24: 8f44 2438 | 4489 4424 

  0x0000022c40d75e2c: ;   {metadata({type array byte})}
  0x0000022c40d75e2c: 3048 ba28 | 0a04 0008 | 0000 0090 

  0x0000022c40d75e38: ;   {runtime_call _new_array_nozero_Java}
  0x0000022c40d75e38: c5f8 77e8 

  0x0000022c40d75e3c: ; ImmutableOopMap {[32]=Oop [56]=Derived_oop_[32] }
                      ;*newarray {reexecute=0 rethrow=0 return_oop=1}
                      ; - java.util.Arrays::copyOf@15
  0x0000022c40d75e3c: c002 a4ff 

  0x0000022c40d75e40: ;   {other}
  0x0000022c40d75e40: 0f1f 8400 | 3004 0000 | 448b 4424 | 3048 ff74 | 2438 488f | 4424 284c | 8b5c 2440 | 4c8b 4c24 
  0x0000022c40d75e60: 4848 8bd8 | e91e feff | ff4d 63d8 | e997 fdff | ff49 83c3 | fe49 8bcb | 488b fa48 | 33c0 4883 
  0x0000022c40d75e80: f908 7f10 | 48ff c978 | 4f48 8904 | cf48 ffc9 | 7df7 eb44 | c5fd efc0 | e90d 0000 | 00c5 fe7f 
  0x0000022c40d75ea0: 07c5 fe7f | 4720 4883 | c740 4883 | e908 7ded | 4883 c104 | 7c0c c5fe | 7f07 4883 | c720 4883 
  0x0000022c40d75ec0: e904 4883 | c104 7e10 | 48ff c9c5 | f9d6 0748 | 83c7 0848 | ffc9 7df3 | e9ea fdff | ffba ccff 
  0x0000022c40d75ee0: ffff 488b | 6c24 2044 | 8944 2424 

  0x0000022c40d75eec: ;   {runtime_call UncommonTrapBlob}
  0x0000022c40d75eec: c5f8 77e8 

  0x0000022c40d75ef0: ; ImmutableOopMap {rbp=Oop }
                      ;*newarray {reexecute=1 rethrow=0 return_oop=0}
                      ; - (reexecute) java.util.Arrays::copyOf@15
  0x0000022c40d75ef0: 0ce7 97ff 

  0x0000022c40d75ef4: ;   {other}
  0x0000022c40d75ef4: 0f1f 8400 | e404 0001 

  0x0000022c40d75efc: ;   {metadata({type array byte})}
  0x0000022c40d75efc: 48ba 280a | 0400 0800 | 0000 458b | c166 6690 

  0x0000022c40d75f0c: ;   {runtime_call _new_array_nozero_Java}
  0x0000022c40d75f0c: c5f8 77e8 

  0x0000022c40d75f10: ; ImmutableOopMap {[32]=Oop [40]=Derived_oop_[32] }
                      ;*invokevirtual clone {reexecute=1 rethrow=0 return_oop=1}
                      ; - (reexecute) java.util.Arrays::copyOf@7
  0x0000022c40d75f10: ec01 a4ff 

  0x0000022c40d75f14: ;   {other}
  0x0000022c40d75f14: 0f1f 8400 | 0405 0002 | 488b d8e9 | bcfe ffff | baf6 ffff | ff66 6690 

  0x0000022c40d75f2c: ;   {runtime_call UncommonTrapBlob}
  0x0000022c40d75f2c: c5f8 77e8 

  0x0000022c40d75f30: ; ImmutableOopMap {}
                      ;*arraylength {reexecute=0 rethrow=0 return_oop=0}
                      ; - java.util.Arrays::copyOf@2
  0x0000022c40d75f30: cce6 97ff 

  0x0000022c40d75f34: ;   {other}
  0x0000022c40d75f34: 0f1f 8400 | 2405 0003 | 488b d0c5 | f877 4883 

  0x0000022c40d75f44: ;   {runtime_call _rethrow_Java}
  0x0000022c40d75f44: c460 5de9 | b4d3 a3ff | ba97 ffff | ff48 8b6c | 2420 6690 

  0x0000022c40d75f58: ;   {runtime_call UncommonTrapBlob}
  0x0000022c40d75f58: c5f8 77e8 

  0x0000022c40d75f5c: ; ImmutableOopMap {rbp=Oop }
                      ;*invokevirtual clone {reexecute=1 rethrow=0 return_oop=0}
                      ; - (reexecute) java.util.Arrays::copyOf@7
  0x0000022c40d75f5c: a0e6 97ff 

  0x0000022c40d75f60: ;   {other}
  0x0000022c40d75f60: 0f1f 8400 | 5005 0004 

  0x0000022c40d75f68: ;   {internal_word}
  0x0000022c40d75f68: 49ba d25c | d740 2c02 | 0000 4d89 | 9760 0400 

  0x0000022c40d75f78: ;   {runtime_call SafepointBlob}
  0x0000022c40d75f78: 00e9 82f7 

  0x0000022c40d75f7c: ;   {runtime_call StubRoutines (final stubs)}
  0x0000022c40d75f7c: 97ff e8dd | 3b96 ffe9 | 52fc ffff 
[Exception Handler]
  0x0000022c40d75f88: ;   {no_reloc}
  0x0000022c40d75f88: e973 c2a3 | ffe8 0000 | 0000 4883 

  0x0000022c40d75f94: ;   {runtime_call DeoptimizationBlob}
  0x0000022c40d75f94: 2c24 05e9 | 04ea 97ff | f4f4 f4f4 
[/MachCode]


Compiled method (c2) 63927 22333       4       com.android.tools.build.jetifier.processor.archive.Archive$Builder::extractFile (39 bytes)
 total in heap  [0x0000022c41a81590,0x0000022c41a83148] = 7096
 relocation     [0x0000022c41a816f0,0x0000022c41a817e0] = 240
 main code      [0x0000022c41a817e0,0x0000022c41a825c0] = 3552
 stub code      [0x0000022c41a825c0,0x0000022c41a82610] = 80
 oops           [0x0000022c41a82610,0x0000022c41a82658] = 72
 metadata       [0x0000022c41a82658,0x0000022c41a82790] = 312
 scopes data    [0x0000022c41a82790,0x0000022c41a82e08] = 1656
 scopes pcs     [0x0000022c41a82e08,0x0000022c41a82fe8] = 480
 dependencies   [0x0000022c41a82fe8,0x0000022c41a83038] = 80
 handler table  [0x0000022c41a83038,0x0000022c41a83110] = 216
 nul chk table  [0x0000022c41a83110,0x0000022c41a83148] = 56

[Constant Pool (empty)]

[MachCode]
[Entry Point]
  # {method} {0x0000022c61a80d98} 'extractFile' '(Ljava/util/zip/ZipInputStream;Ljava/nio/file/Path;Ljava/nio/file/attribute/FileTime;)Lcom/android/tools/build/jetifier/processor/archive/ArchiveFile;' in 'com/android/tools/build/jetifier/processor/archive/Archive$Builder'
  # this:     rdx:rdx   = 'com/android/tools/build/jetifier/processor/archive/Archive$Builder'
  # parm0:    r8:r8     = 'java/util/zip/ZipInputStream'
  # parm1:    r9:r9     = 'java/nio/file/Path'
  # parm2:    rdi:rdi   = 'java/nio/file/attribute/FileTime'
  #           [sp+0xa0]  (sp of caller)
  0x0000022c41a817e0: 448b 5208 | 49bb 0000 | 0000 0800 | 0000 4d03 | d349 3bc2 

  0x0000022c41a817f4: ;   {runtime_call ic_miss_stub}
  0x0000022c41a817f4: 0f85 86cf | c6fe 6690 | 0f1f 4000 
[Verified Entry Point]
  0x0000022c41a81800: 8984 2400 | 80ff ff55 | 4881 ec90 | 0000 0090 | 4181 7f20 | 2700 0000 | 0f85 980d | 0000 4889 
  0x0000022c41a81820: 7c24 584c | 894c 2450 | 4c89 4424 

  0x0000022c41a8182c: ;   {oop(a 'java/lang/Class'{0x00000007099192c8} = 'com/android/tools/build/jetifier/core/utils/Log')}
  0x0000022c41a8182c: 4849 bac8 | 9291 0907 | 0000 0045 | 8b52 7043 | 8b6c d40c | 83c5 fd85 | ed0f 8dc1 | 0b00 0041 
  0x0000022c41a8184c: 0fb6 6817 | 85ed 0f85 | d00b 0000 | 410f b668 | 3085 ed0f | 85df 0b00 | 0049 8baf | b801 0000 
  0x0000022c41a8186c: 4c8b d549 | 81c2 1020 | 0000 4d3b | 97c8 0100 | 000f 83b6 | 0800 004d | 8997 b801 | 0000 488b 
  0x0000022c41a8188c: fd48 83c7 | 1048 c745 | 0001 0000 | 0041 0f18 | 8200 0100 

  0x0000022c41a818a0: ;   {metadata({type array byte})}
  0x0000022c41a818a0: 00c7 4508 | 280a 0400 | 410f 1882 | 4001 0000 | c745 0c00 | 2000 0041 | 0f18 8280 | 0100 00b9 
  0x0000022c41a818c0: 0004 0000 | c5fd efc0 | e90d 0000 | 00c5 fe7f | 07c5 fe7f | 4720 4883 | c740 4883 | e908 7ded 
  0x0000022c41a818e0: 4883 c104 | 7c0c c5fe | 7f07 4883 | c720 4883 | e904 4883 | c104 7e10 | 48ff c9c5 | f9d6 0748 
  0x0000022c41a81900: 83c7 0848 | ffc9 7df3 | 4d8b 9fb8 | 0100 004d | 8bd3 4981 | c210 2000 | 004d 3b97 | c801 0000 
  0x0000022c41a81920: 0f83 3e08 | 0000 4d89 | 97b8 0100 | 0041 0f18 | 8200 0100 | 0049 c703 | 0100 0000 | 410f 1882 
  0x0000022c41a81940: 4001 0000 

  0x0000022c41a81944: ;   {metadata({type array byte})}
  0x0000022c41a81944: 41c7 4308 | 280a 0400 | 410f 1882 | 8001 0000 | 41c7 430c | 0020 0000 | 498b fb48 | 83c7 10b9 
  0x0000022c41a81964: 0004 0000 | c5fd efc0 | e90d 0000 | 00c5 fe7f | 07c5 fe7f | 4720 4883 | c740 4883 | e908 7ded 
  0x0000022c41a81984: 4883 c104 | 7c0c c5fe | 7f07 4883 | c720 4883 | e904 4883 | c104 7e10 | 48ff c9c5 | f9d6 0748 
  0x0000022c41a819a4: 83c7 0848 | ffc9 7df3 | 4889 6c24 | 204c 895c | 2460 488b | 5424 484d | 8bc3 4533 | c9bf 0020 
  0x0000022c41a819c4: 0000 6690 

  0x0000022c41a819c8: ;   {optimized virtual_call}
  0x0000022c41a819c8: c5f8 77e8 

  0x0000022c41a819cc: ; ImmutableOopMap {rbp=Oop [32]=Oop [72]=Oop [80]=Oop [88]=Oop [96]=Oop }
                      ;*invokevirtual read {reexecute=0 rethrow=0 return_oop=0}
                      ; - java.io.FilterInputStream::read@5
                      ; - kotlin.io.ByteStreamsKt::copyTo@22 (line 106)
                      ; - kotlin.io.ByteStreamsKt::copyTo$default@13 (line 103)
                      ; - kotlin.io.ByteStreamsKt::readBytes@32 (line 136)
                      ; - com.android.tools.build.jetifier.processor.archive.Archive$Builder::extractFile@22 (line 217)
  0x0000022c41a819cc: f068 60ff 

  0x0000022c41a819d0: ;   {other}
  0x0000022c41a819d0: 0f1f 8400 | 4004 0000 | 85c0 0f8c | 3104 0000 | 4c8b 6c24 | 6049 83c5 | 104c 8bf5 | 49c1 ee03 
  0x0000022c41a819f0: 488b d533 | f645 33d2 | eb1f 660f | 1f44 0000 | 448b 7424 | 3049 8bd6 | 48c1 e203 | 4c8b 6c24 
  0x0000022c41a81a10: 2848 8bf5 | 448b 5424 | 3441 bb00 | 2000 0044 | 0bd8 4585 | db0f 8c11 | 0800 003d | 0020 0000 
  0x0000022c41a81a30: 0f8f 4a08 | 0000 448b | 5a0c 428d | 2c10 412b | eb85 ed0f | 8f4a 0300 | 0045 85d2 | 0f8c bb07 
  0x0000022c41a81a50: 0000 3d00 | 2000 000f | 87ab 0700 | 0048 8bda | 448b 420c | 418d 3c02 | 443b c70f | 829f 0700 
  0x0000022c41a81a70: 0085 c00f | 8c97 0700 | 0048 63e8 | 85c0 7423 | 4a8d 5412 | 1049 8bcd | 4c8b c5c5 | f877 49ba 
  0x0000022c41a81a90: a07b 6d40 | 2c02 0000 

  0x0000022c41a81a98: ;   {other}
  0x0000022c41a81a98: 41ff d20f | 1f84 0000 | 0000 0089 | 7c24 3444 | 8974 2430 | 4c89 6c24 | 2848 895c | 2420 4803 
  0x0000022c41a81ab8: f548 8bee | 488b 5424 | 484c 8b44 | 2460 4533 | c9bf 0020 | 0000 6690 

  0x0000022c41a81ad0: ;   {optimized virtual_call}
  0x0000022c41a81ad0: c5f8 77e8 

  0x0000022c41a81ad4: ; ImmutableOopMap {[32]=Oop [48]=NarrowOop [72]=Oop [80]=Oop [88]=Oop [96]=Oop [40]=Derived_oop_[96] }
                      ;*invokevirtual read {reexecute=0 rethrow=0 return_oop=0}
                      ; - java.io.FilterInputStream::read@5
                      ; - kotlin.io.ByteStreamsKt::copyTo@50 (line 110)
                      ; - kotlin.io.ByteStreamsKt::copyTo$default@13 (line 103)
                      ; - kotlin.io.ByteStreamsKt::readBytes@32 (line 136)
                      ; - com.android.tools.build.jetifier.processor.archive.Archive$Builder::extractFile@22 (line 217)
  0x0000022c41a81ad4: e867 60ff 

  0x0000022c41a81ad8: ;   {other}
  0x0000022c41a81ad8: 0f1f 8400 | 4805 0001 | 4d8b 9750 

  0x0000022c41a81ae4: ; ImmutableOopMap {[32]=Oop [48]=NarrowOop [72]=Oop [80]=Oop [88]=Oop [96]=Oop [40]=Derived_oop_[96] }
                      ;*goto {reexecute=1 rethrow=0 return_oop=0}
                      ; - (reexecute) kotlin.io.ByteStreamsKt::copyTo@55 (line 110)
                      ; - kotlin.io.ByteStreamsKt::copyTo$default@13 (line 103)
                      ; - kotlin.io.ByteStreamsKt::readBytes@32 (line 136)
                      ; - com.android.tools.build.jetifier.processor.archive.Archive$Builder::extractFile@22 (line 217)
                      ;   {poll}
  0x0000022c41a81ae4: 0400 0041 | 8502 85c0 | 0f8d 0eff | ffff 8b4c | 2434 4c8b | 5c24 2045 | 8b43 0c4c | 8b4c 2420 
  0x0000022c41a81b04: 4983 c110 | 413b c80f | 8491 0500 | 0081 f900 | 0010 000f | 87a3 0700 | 0048 63d9 | 443b c145 
  0x0000022c41a81b24: 8bd0 440f | 4fd1 453b | c20f 8235 | 0800 0041 | 3bca 0f82 | 2c08 0000 | 4883 c317 | 488b fb48 
  0x0000022c41a81b44: 83e7 f881 | f900 0010 | 000f 875e | 0600 0049 | 8b97 b801 | 0000 4c8b | c24c 03c7 | 4d3b 87c8 
  0x0000022c41a81b64: 0100 000f | 8344 0600 | 004d 8987 | b801 0000 | 410f 1880 | 0001 0000 | 48c7 0201 | 0000 0041 
  0x0000022c41a81b84: 0f18 8040 

  0x0000022c41a81b88: ;   {metadata({type array byte})}
  0x0000022c41a81b88: 0100 00c7 | 4208 280a | 0400 894a | 0c41 0f18 | 8080 0100 | 0048 8954 | 2438 4883 | c210 48c1 
  0x0000022c41a81ba8: eb03 4585 | d20f 8415 | 0700 0044 | 3bd1 0f8c | 0103 0000 | 4883 c7f0 | 48c1 ef03 | 498b c94c 
  0x0000022c41a81bc8: 8bc7 c5f8 | 7749 ba60 | 816d 402c | 0200 0041 

  0x0000022c41a81bd8: ;   {other}
  0x0000022c41a81bd8: ffd2 0f1f | 8400 0000 | 0000 498b | 87b8 0100 | 004c 8bd0 | 4983 c220 | 4d3b 97c8 | 0100 000f 
  0x0000022c41a81bf8: 838f 0500 | 004d 8997 | b801 0000 | 410f 1882 | 0001 0000 | 48c7 0001 

  0x0000022c41a81c10: ;   {metadata('com/android/tools/build/jetifier/processor/archive/ArchiveFile')}
  0x0000022c41a81c10: 0000 00c7 | 4008 e893 | 4601 4489 | 600c 4c89 | 6010 4c89 | 6018 488b | e848 8b5c | 2450 8b7b 
  0x0000022c41a81c30: 084c 8bd5 | 4c8b 4424 | 584d 8bd8 | 49c1 eb03 | 4489 5d1c | 4c8b eb49 | c1ed 034d | 8bd8 4d33 
  0x0000022c41a81c50: da49 c1eb | 154d 85db | 741f 4d85 | c074 1a49 | c1ea 0948 | b900 006c | 452c 0200 | 0049 03ca 
  0x0000022c41a81c70: 8039 020f | 8587 0300 | 0041 807f | 4000 0f85 | 9401 0000 | 4489 6d10 | 4c8b d34c | 8bdd 4d33 
  0x0000022c41a81c90: d349 c1ea | 154d 85d2 | 741a 49c1 | eb09 48b9 | 0000 6c45 | 2c02 0000 | 4903 cb80 | 3902 0f85 
  0x0000022c41a81cb0: a602 0000 

  0x0000022c41a81cb4: ;   {metadata('sun/nio/fs/WindowsPath')}
  0x0000022c41a81cb4: 81ff 6016 | 0000 0f85 | 7406 0000 | 488b d390 

  0x0000022c41a81cc4: ;   {optimized virtual_call}
  0x0000022c41a81cc4: c5f8 77e8 

  0x0000022c41a81cc8: ; ImmutableOopMap {rbp=Oop [56]=Oop }
                      ;*invokeinterface getFileName {reexecute=0 rethrow=0 return_oop=1}
                      ; - com.android.tools.build.jetifier.processor.archive.ArchiveFile::<init>@28 (line 37)
                      ; - com.android.tools.build.jetifier.processor.archive.Archive$Builder::extractFile@35 (line 218)
  0x0000022c41a81cc8: 742d 25ff 

  0x0000022c41a81ccc: ;   {other}
  0x0000022c41a81ccc: 0f1f 8400 | 3c07 0003 | 488b d844 

  0x0000022c41a81cd8: ;   {metadata('sun/nio/fs/WindowsPath')}
  0x0000022c41a81cd8: 8b58 0841 | 81fb 6016 | 0000 0f85 | 6406 0000 | 4180 7f40 | 000f 855c | 0100 0044 | 8b5b 1c44 
  0x0000022c41a81cf8: 895d 144c | 8bd5 4d8b | c349 c1e0 | 0348 8b5c | 2438 488b | fb48 c1ef | 034d 33c2 | 49c1 e815 
  0x0000022c41a81d18: 4d85 c074 | 1f45 85db | 741a 49c1 | ea09 48b9 | 0000 6c45 | 2c02 0000 | 4903 ca80 | 3902 0f85 
  0x0000022c41a81d38: 1503 0000 | 4180 7f40 | 000f 853f | 0100 0089 | 7d18 4c8b | d34c 8bdd | 4d33 d349 | c1ea 154d 
  0x0000022c41a81d58: 85d2 741b | 49c1 eb09 | 49b8 0000 | 6c45 2c02 | 0000 4d03 | c341 8038 | 020f 8534 | 0200 0048 
  0x0000022c41a81d78: 8bc5 c5f8 | 7748 81c4 | 9000 0000 

  0x0000022c41a81d84: ;   {poll_return}
  0x0000022c41a81d84: 5d49 3ba7 | 4804 0000 | 0f87 0e08 | 0000 c341 | 3beb 448b | c545 0f4c | c345 03c3 | 458d 48ff 
  0x0000022c41a81da4: 4181 f9f7 | ffff 7f0f | 83ab 0600 | 0044 8954 | 243c 8944 | 2438 4889 | 7424 304c | 896c 2428 
  0x0000022c41a81dc4: 4889 5424 | 204c 8b54 | 2460 4c89 | 5424 408b | e866 6690 

  0x0000022c41a81dd8: ;   {static_call}
  0x0000022c41a81dd8: c5f8 77e8 

  0x0000022c41a81ddc: ; ImmutableOopMap {[32]=Oop [64]=Oop [40]=Derived_oop_[64] [72]=Oop [80]=Oop [88]=Oop [96]=Oop }
                      ;*invokestatic copyOf {reexecute=0 rethrow=0 return_oop=1}
                      ; - java.io.ByteArrayOutputStream::ensureCapacity@25
                      ; - java.io.ByteArrayOutputStream::write@15
                      ; - kotlin.io.ByteStreamsKt::copyTo@38 (line 108)
                      ; - kotlin.io.ByteStreamsKt::copyTo$default@13 (line 103)
                      ; - kotlin.io.ByteStreamsKt::readBytes@32 (line 136)
                      ; - com.android.tools.build.jetifier.processor.archive.Archive$Builder::extractFile@22 (line 217)
  0x0000022c41a81ddc: e03d 2fff 

  0x0000022c41a81de0: ;   {other}
  0x0000022c41a81de0: 0f1f 8400 | 5008 0004 | 4885 c00f | 849b 0500 | 004c 8bf0 | 49c1 ee03 | 488b d04c | 8b6c 2428 
  0x0000022c41a81e00: 488b 7424 | 308b c544 | 8b54 243c | e938 fcff | ff33 c9e9 | defc ffff | 448b 5d10 | 4585 db0f 
  0x0000022c41a81e20: 845f feff | ff4d 8b57 | 2849 8bcb | 48c1 e103 | 4d85 d20f | 8473 0500 | 004d 8b5f | 384b 894c 
  0x0000022c41a81e40: 13f8 4983 | c2f8 4d89 | 5728 e935 | feff ff44 | 8b55 1445 | 85d2 0f84 | 97fe ffff | 4d8b 5f28 
  0x0000022c41a81e60: 498b ca48 | c1e1 034d | 85db 0f84 | 5c05 0000 | 4d8b 5738 | 4b89 4c1a | f849 83c3 | f84d 895f 
  0x0000022c41a81e80: 28e9 6dfe | ffff 448b | 5518 4585 | d20f 84b4 | feff ff4d | 8b5f 2849 | 8bca 48c1 | e103 4d85 
  0x0000022c41a81ea0: db0f 8445 | 0500 004d | 8b57 384b | 894c 1af8 | 4983 c3f8 | 4d89 5f28 | e98a feff | ff4d 63c2 
  0x0000022c41a81ec0: 4d8d 5010 | 4d8b da49 | 83e3 f848 | 8b7c 2438 | 4903 fb49 | c1ea 0349 | 2bda 488b 

  0x0000022c41a81edc: ;   {no_reloc}
  0x0000022c41a81edc: cb48 33c0 | 4883 f908 | 7f10 48ff | c978 4f48 | 8904 cf48 | ffc9 7df7 | eb44 c5fd | efc0 e90d 
  0x0000022c41a81efc: 0000 00c5 | fe7f 07c5 | fe7f 4720 | 4883 c740 | 4883 e908 | 7ded 4883 | c104 7c0c | c5fe 7f07 
  0x0000022c41a81f1c: 4883 c720 | 4883 e904 | 4883 c104 | 7e10 48ff | c9c5 f9d6 | 0748 83c7 | 0848 ffc9 | 7df3 498b 
  0x0000022c41a81f3c: c9c5 f877 | 49ba c07a | 6d40 2c02 | 0000 41ff 

  0x0000022c41a81f4c: ;   {other}
  0x0000022c41a81f4c: d20f 1f84 | 0000 0000 | 00e9 88fc | ffff 4d8b | 5748 4d8b | 5f58 f083 | 4424 c000 | 8039 000f 
  0x0000022c41a81f6c: 8443 fdff | ff44 8821 | 4d85 d275 | 2049 8bd7 | c5f8 7749 | ba50 ed47 | 43fd 7f00 | 0041 ffd2 
  0x0000022c41a81f8c: ;   {other}
  0x0000022c41a81f8c: 0f1f 8400 | 0000 0000 | e91b fdff | ff4b 894c | 13f8 4983 | c2f8 4d89 | 5748 e909 | fdff ff4d 
  0x0000022c41a81fac: 8b57 484d | 8b5f 58f0 | 8344 24c0 | 0041 8038 | 000f 84b4 | fdff ff45 | 8820 4d85 | d275 2349 
  0x0000022c41a81fcc: 8bc8 498b | d7c5 f877 | 49ba 50ed | 4743 fd7f | 0000 41ff 

  0x0000022c41a81fe0: ;   {other}
  0x0000022c41a81fe0: d20f 1f84 | 0000 0000 | 00e9 89fd | ffff 4f89 | 4413 f849 | 83c2 f84d | 8957 48e9 | 77fd ffff 
  0x0000022c41a82000: 4d8b 5748 | 4d8b 5f58 | f083 4424 | c000 8039 | 000f 8462 | fcff ff44 | 8821 4d85 | d275 2049 
  0x0000022c41a82020: 8bd7 c5f8 | 7749 ba50 | ed47 43fd | 7f00 0041 

  0x0000022c41a82030: ;   {other}
  0x0000022c41a82030: ffd2 0f1f | 8400 0000 | 0000 e93a | fcff ff4b | 894c 13f8 | 4983 c2f8 | 4d89 5748 | e928 fcff 
  0x0000022c41a82050: ff4d 8b57 | 484d 8b5f | 58f0 8344 | 24c0 0080 | 3900 0f84 | d4fc ffff | 4488 214d | 85d2 7520 
  0x0000022c41a82070: 498b d7c5 | f877 49ba | 50ed 4743 | fd7f 0000 

  0x0000022c41a82080: ;   {other}
  0x0000022c41a82080: 41ff d20f | 1f84 0000 | 0000 00e9 | acfc ffff | 4b89 4c13 | f849 83c2 | f84d 8957 | 48e9 9afc 
  0x0000022c41a820a0: ffff 4963 | f041 81f8 | 0000 1000 | 0f87 de03 | 0000 498b | 9fb8 0100 | 004c 8d56 | 1749 83e2 
  0x0000022c41a820c0: f848 8bfb | 4903 fa49 | 3bbf c801 | 0000 0f83 | bc03 0000 | 4989 bfb8 | 0100 000f | 1887 0001 
  0x0000022c41a820e0: 0000 48c7 | 0301 0000 | 000f 1887 | 4001 0000 

  0x0000022c41a820f0: ;   {metadata({type array byte})}
  0x0000022c41a820f0: c743 0828 | 0a04 0044 | 8943 0c0f | 1887 8001 | 0000 488b | d348 83c2 | 1048 83c6 | 0748 c1ee 
  0x0000022c41a82110: 0349 8bc9 | 4c8b c6c5 | f877 49ba | 6081 6d40 | 2c02 0000 

  0x0000022c41a82124: ;   {other}
  0x0000022c41a82124: 41ff d20f | 1f84 0000 | 0000 0048 | 895c 2438 | e9a9 faff 

  0x0000022c41a82138: ;   {metadata({type array byte})}
  0x0000022c41a82138: ff48 ba28 | 0a04 0008 | 0000 0041 | b800 2000 | 0049 8be9 

  0x0000022c41a8214c: ;   {runtime_call _new_array_Java}
  0x0000022c41a8214c: c5f8 77e8 

  0x0000022c41a82150: ; ImmutableOopMap {rbp=Oop [72]=Oop [80]=Oop [88]=Oop }
                      ;*newarray {reexecute=0 rethrow=0 return_oop=1}
                      ; - java.io.ByteArrayOutputStream::<init>@37
                      ; - kotlin.io.ByteStreamsKt::readBytes@20 (line 135)
                      ; - com.android.tools.build.jetifier.processor.archive.Archive$Builder::extractFile@22 (line 217)
  0x0000022c41a82150: ac3c d3fe 

  0x0000022c41a82154: ;   {other}
  0x0000022c41a82154: 0f1f 8400 | c40b 0005 | 488b e8e9 | a4f7 ffff 

  0x0000022c41a82164: ;   {metadata({type array byte})}
  0x0000022c41a82164: 48ba 280a | 0400 0800 | 0000 41b8 | 0020 0000 

  0x0000022c41a82174: ;   {runtime_call _new_array_Java}
  0x0000022c41a82174: c5f8 77e8 

  0x0000022c41a82178: ; ImmutableOopMap {rbp=Oop [72]=Oop [80]=Oop [88]=Oop }
                      ;*newarray {reexecute=0 rethrow=0 return_oop=1}
                      ; - kotlin.io.ByteStreamsKt::copyTo@15 (line 105)
                      ; - kotlin.io.ByteStreamsKt::copyTo$default@13 (line 103)
                      ; - kotlin.io.ByteStreamsKt::readBytes@32 (line 136)
                      ; - com.android.tools.build.jetifier.processor.archive.Archive$Builder::extractFile@22 (line 217)
  0x0000022c41a82178: 843c d3fe 

  0x0000022c41a8217c: ;   {other}
  0x0000022c41a8217c: 0f1f 8400 | ec0b 0006 | 4c8b d8e9 | 20f8 ffff 

  0x0000022c41a8218c: ;   {metadata('com/android/tools/build/jetifier/processor/archive/ArchiveFile')}
  0x0000022c41a8218c: 48ba e893 | 4601 0800 | 0000 488b | 6c24 5090 

  0x0000022c41a8219c: ;   {runtime_call _new_instance_Java}
  0x0000022c41a8219c: c5f8 77e8 

  0x0000022c41a821a0: ; ImmutableOopMap {rbp=Oop [56]=Oop [80]=Oop [88]=Oop }
                      ;*new {reexecute=0 rethrow=0 return_oop=1}
                      ; - com.android.tools.build.jetifier.processor.archive.Archive$Builder::extractFile@27 (line 218)
  0x0000022c41a821a0: 5c39 d3fe 

  0x0000022c41a821a4: ;   {other}
  0x0000022c41a821a4: 0f1f 8400 | 140c 0007 | e975 faff | ff48 897c | 2448 4489 | 5424 3448 | 895c 2440 | 4c89 4c24 
  0x0000022c41a821c4: 3889 4c24 

  0x0000022c41a821c8: ;   {metadata({type array byte})}
  0x0000022c41a821c8: 3048 ba28 | 0a04 0008 | 0000 0044 | 8bc1 6690 

  0x0000022c41a821d8: ;   {runtime_call _new_array_nozero_Java}
  0x0000022c41a821d8: c5f8 77e8 

  0x0000022c41a821dc: ; ImmutableOopMap {[32]=Oop [56]=Derived_oop_[32] [80]=Oop [88]=Oop }
                      ;*newarray {reexecute=0 rethrow=0 return_oop=1}
                      ; - java.util.Arrays::copyOf@15
                      ; - java.io.ByteArrayOutputStream::toByteArray@8
                      ; - kotlin.io.ByteStreamsKt::readBytes@37 (line 137)
                      ; - com.android.tools.build.jetifier.processor.archive.Archive$Builder::extractFile@22 (line 217)
  0x0000022c41a821dc: 203f d3fe 

  0x0000022c41a821e0: ;   {other}
  0x0000022c41a821e0: 0f1f 8400 | 500c 0008 | 8b4c 2430 | 4c8b 4c24 | 3848 8b5c | 2440 448b | 5424 3448 | 8b7c 2448 
  0x0000022c41a82200: 488b d0e9 | 95f9 ffff | 488b daeb | 0348 8bda | bacc ffff | ff48 8bee | 8944 2424 | 8944 2434 
  0x0000022c41a82220: 4489 5424 | 3848 895c | 2440 6690 

  0x0000022c41a8222c: ;   {runtime_call UncommonTrapBlob}
  0x0000022c41a8222c: c5f8 77e8 

  0x0000022c41a82230: ; ImmutableOopMap {[64]=Oop [72]=Oop [80]=Oop [88]=Oop [96]=Oop }
                      ;*invokestatic arraycopy {reexecute=0 rethrow=0 return_oop=0}
                      ; - java.io.ByteArrayOutputStream::write@29
                      ; - kotlin.io.ByteStreamsKt::copyTo@38 (line 108)
                      ; - kotlin.io.ByteStreamsKt::copyTo$default@13 (line 103)
                      ; - kotlin.io.ByteStreamsKt::readBytes@32 (line 136)
                      ; - com.android.tools.build.jetifier.processor.archive.Archive$Builder::extractFile@22 (line 217)
  0x0000022c41a82230: cc23 c7fe 

  0x0000022c41a82234: ;   {other}
  0x0000022c41a82234: 0f1f 8400 | a40c 0009 | 488b ee89 | 4424 2489 | 4424 2844 | 895c 242c | 4489 5424 | 3048 8954 
  0x0000022c41a82254: 2438 4c8b | 5424 504c | 8954 2440 | 4c8b 5424 | 584c 8954 | 2450 ba45 | ffff ff90 

  0x0000022c41a82270: ;   {runtime_call UncommonTrapBlob}
  0x0000022c41a82270: c5f8 77e8 

  0x0000022c41a82274: ; ImmutableOopMap {[56]=Oop [64]=Oop [72]=Oop [80]=Oop [96]=Oop }
                      ;*iflt {reexecute=1 rethrow=0 return_oop=0}
                      ; - (reexecute) jdk.internal.util.Preconditions::checkFromIndexSize@5
                      ; - java.util.Objects::checkFromIndexSize@4
                      ; - java.io.ByteArrayOutputStream::write@4
                      ; - kotlin.io.ByteStreamsKt::copyTo@38 (line 108)
                      ; - kotlin.io.ByteStreamsKt::copyTo$default@13 (line 103)
                      ; - kotlin.io.ByteStreamsKt::readBytes@32 (line 136)
                      ; - com.android.tools.build.jetifier.processor.archive.Archive$Builder::extractFile@22 (line 217)
  0x0000022c41a82274: 8823 c7fe 

  0x0000022c41a82278: ;   {other}
  0x0000022c41a82278: 0f1f 8400 | e80c 000a | 488b ee89 | 4424 2489 | 4424 2844 | 8954 2430 | 4889 5424 | 384c 8b54 
  0x0000022c41a82298: 2450 4c89 | 5424 404c | 8b54 2458 | 4c89 5424 | 50ba 45ff | ffff 6690 

  0x0000022c41a822b0: ;   {runtime_call UncommonTrapBlob}
  0x0000022c41a822b0: c5f8 77e8 

  0x0000022c41a822b4: ; ImmutableOopMap {[56]=Oop [64]=Oop [72]=Oop [80]=Oop [96]=Oop }
                      ;*if_icmple {reexecute=1 rethrow=0 return_oop=0}
                      ; - (reexecute) jdk.internal.util.Preconditions::checkFromIndexSize@12
                      ; - java.util.Objects::checkFromIndexSize@4
                      ; - java.io.ByteArrayOutputStream::write@4
                      ; - kotlin.io.ByteStreamsKt::copyTo@38 (line 108)
                      ; - kotlin.io.ByteStreamsKt::copyTo$default@13 (line 103)
                      ; - kotlin.io.ByteStreamsKt::readBytes@32 (line 136)
                      ; - com.android.tools.build.jetifier.processor.archive.Archive$Builder::extractFile@22 (line 217)
  0x0000022c41a822b4: 4823 c7fe 

  0x0000022c41a822b8: ;   {other}
  0x0000022c41a822b8: 0f1f 8400 | 280d 000b | 4863 d9e9 | 58f8 ffff | 4883 c3fe | 488b cb48 | 8bfa 4833 | c048 83f9 
  0x0000022c41a822d8: 087f 1048 | ffc9 784f | 4889 04cf | 48ff c97d | f7eb 44c5 | fdef c0e9 | 0d00 0000 | c5fe 7f07 
  0x0000022c41a822f8: c5fe 7f47 | 2048 83c7 | 4048 83e9 | 087d ed48 | 83c1 047c | 0cc5 fe7f | 0748 83c7 | 2048 83e9 
  0x0000022c41a82318: 0448 83c1 | 047e 1048 | ffc9 c5f9 | d607 4883 | c708 48ff | c97d f3e9 | aef8 ffff | ba66 ffff 
  0x0000022c41a82338: ff66 6690 

  0x0000022c41a8233c: ;   {runtime_call UncommonTrapBlob}
  0x0000022c41a8233c: c5f8 77e8 

  0x0000022c41a82340: ; ImmutableOopMap {rbp=Oop [56]=Oop [80]=Oop }
                      ;*invokeinterface getFileName {reexecute=0 rethrow=0 return_oop=0}
                      ; - com.android.tools.build.jetifier.processor.archive.ArchiveFile::<init>@28 (line 37)
                      ; - com.android.tools.build.jetifier.processor.archive.Archive$Builder::extractFile@35 (line 218)
  0x0000022c41a82340: bc22 c7fe 

  0x0000022c41a82344: ;   {other}
  0x0000022c41a82344: 0f1f 8400 | b40d 000c | bade ffff | ff48 8944 | 2430 6690 

  0x0000022c41a82358: ;   {runtime_call UncommonTrapBlob}
  0x0000022c41a82358: c5f8 77e8 

  0x0000022c41a8235c: ; ImmutableOopMap {rbp=Oop [48]=Oop [56]=Oop }
                      ;*invokevirtual toString {reexecute=0 rethrow=0 return_oop=0}
                      ; - com.android.tools.build.jetifier.processor.archive.ArchiveFile::<init>@33 (line 37)
                      ; - com.android.tools.build.jetifier.processor.archive.Archive$Builder::extractFile@35 (line 218)
  0x0000022c41a8235c: a022 c7fe 

  0x0000022c41a82360: ;   {other}
  0x0000022c41a82360: 0f1f 8400 | d00d 000d | bacc ffff | ff89 4c24 | 2489 4c24 | 284c 895c | 2430 6690 

  0x0000022c41a8237c: ;   {runtime_call UncommonTrapBlob}
  0x0000022c41a8237c: c5f8 77e8 

  0x0000022c41a82380: ; ImmutableOopMap {[48]=Oop [80]=Oop [88]=Oop }
                      ;*newarray {reexecute=1 rethrow=0 return_oop=0}
                      ; - (reexecute) java.util.Arrays::copyOf@15
                      ; - java.io.ByteArrayOutputStream::toByteArray@8
                      ; - kotlin.io.ByteStreamsKt::readBytes@37 (line 137)
                      ; - com.android.tools.build.jetifier.processor.archive.Archive$Builder::extractFile@22 (line 217)
  0x0000022c41a82380: 7c22 c7fe 

  0x0000022c41a82384: ;   {other}
  0x0000022c41a82384: 0f1f 8400 | f40d 000e | baf6 ffff | ff8b 6c24 | 3c48 8944 | 2430 6690 

  0x0000022c41a8239c: ;   {runtime_call UncommonTrapBlob}
  0x0000022c41a8239c: c5f8 77e8 

  0x0000022c41a823a0: ; ImmutableOopMap {[48]=Oop [64]=Oop }
                      ;*invokestatic arraycopy {reexecute=0 rethrow=0 return_oop=0}
                      ; - java.io.ByteArrayOutputStream::write@29
                      ; - kotlin.io.ByteStreamsKt::copyTo@38 (line 108)
                      ; - kotlin.io.ByteStreamsKt::copyTo$default@13 (line 103)
                      ; - kotlin.io.ByteStreamsKt::readBytes@32 (line 136)
                      ; - com.android.tools.build.jetifier.processor.archive.Archive$Builder::extractFile@22 (line 217)
  0x0000022c41a823a0: 5c22 c7fe 

  0x0000022c41a823a4: ;   {other}
  0x0000022c41a823a4: 0f1f 8400 | 140e 000f | 498b d7c5 | f877 49ba | 70ed 4743 | fd7f 0000 

  0x0000022c41a823bc: ;   {other}
  0x0000022c41a823bc: 41ff d20f | 1f84 0000 | 0000 00e9 | b8f8 ffff | 498b d7c5 | f877 49ba | 70ed 4743 | fd7f 0000 
  0x0000022c41a823dc: ;   {other}
  0x0000022c41a823dc: 41ff d20f | 1f84 0000 | 0000 00e9 | 07f9 ffff | 498b d7c5 | f877 49ba | 70ed 4743 | fd7f 0000 
  0x0000022c41a823fc: ;   {other}
  0x0000022c41a823fc: 41ff d20f | 1f84 0000 | 0000 00e9 | 3bf9 ffff | ba45 ffff | ff4c 894c | 2438 6690 

  0x0000022c41a82418: ;   {runtime_call UncommonTrapBlob}
  0x0000022c41a82418: c5f8 77e8 

  0x0000022c41a8241c: ; ImmutableOopMap {[56]=Oop [72]=Oop [80]=Oop [88]=Oop }
                      ;*iflt {reexecute=1 rethrow=0 return_oop=0}
                      ; - (reexecute) com.android.tools.build.jetifier.core.utils.Log::v@30 (line 54)
                      ; - com.android.tools.build.jetifier.processor.archive.Archive$Builder::extractFile@15 (line 215)
  0x0000022c41a8241c: e021 c7fe 

  0x0000022c41a82420: ;   {other}
  0x0000022c41a82420: 0f1f 8400 | 900e 0010 | ba45 ffff | ff4c 8944 | 2438 6690 

  0x0000022c41a82434: ;   {runtime_call UncommonTrapBlob}
  0x0000022c41a82434: c5f8 77e8 

  0x0000022c41a82438: ; ImmutableOopMap {[56]=Oop [72]=Oop [80]=Oop [88]=Oop }
                      ;*ifeq {reexecute=1 rethrow=0 return_oop=0}
                      ; - (reexecute) java.util.zip.ZipInputStream::ensureOpen@4
                      ; - java.util.zip.ZipInputStream::available@1
                      ; - kotlin.io.ByteStreamsKt::readBytes@14 (line 135)
                      ; - com.android.tools.build.jetifier.processor.archive.Archive$Builder::extractFile@22 (line 217)
  0x0000022c41a82438: c421 c7fe 

  0x0000022c41a8243c: ;   {other}
  0x0000022c41a8243c: 0f1f 8400 | ac0e 0011 | ba45 ffff | ff66 6690 

  0x0000022c41a8244c: ;   {runtime_call UncommonTrapBlob}
  0x0000022c41a8244c: c5f8 77e8 

  0x0000022c41a82450: ; ImmutableOopMap {[72]=Oop [80]=Oop [88]=Oop }
                      ;*ifeq {reexecute=1 rethrow=0 return_oop=0}
                      ; - (reexecute) java.util.zip.ZipInputStream::available@8
                      ; - kotlin.io.ByteStreamsKt::readBytes@14 (line 135)
                      ; - com.android.tools.build.jetifier.processor.archive.Archive$Builder::extractFile@22 (line 217)
  0x0000022c41a82450: ac21 c7fe 

  0x0000022c41a82454: ;   {other}
  0x0000022c41a82454: 0f1f 8400 | c40e 0012 | 4889 7424 | 2089 4424 | 2c44 8954 | 2438 4889 | 5424 4044 | 895c 243c 
  0x0000022c41a82474: 4489 4424 | 74ba 3dff | ffff 6690 

  0x0000022c41a82480: ;   {runtime_call UncommonTrapBlob}
  0x0000022c41a82480: c5f8 77e8 

  0x0000022c41a82484: ; ImmutableOopMap {[64]=Oop [72]=Oop [80]=Oop [88]=Oop [96]=Oop }
                      ;*if_icmpge {reexecute=1 rethrow=0 return_oop=0}
                      ; - (reexecute) jdk.internal.util.ArraysSupport::newLength@10
                      ; - java.io.ByteArrayOutputStream::ensureCapacity@22
                      ; - java.io.ByteArrayOutputStream::write@15
                      ; - kotlin.io.ByteStreamsKt::copyTo@38 (line 108)
                      ; - kotlin.io.ByteStreamsKt::copyTo$default@13 (line 103)
                      ; - kotlin.io.ByteStreamsKt::readBytes@32 (line 136)
                      ; - com.android.tools.build.jetifier.processor.archive.Archive$Builder::extractFile@22 (line 217)
  0x0000022c41a82484: 7821 c7fe 

  0x0000022c41a82488: ;   {other}
  0x0000022c41a82488: 0f1f 8400 | f80e 0013 | 4889 7424 | 304c 894c | 2428 894c | 2420 498b 

  0x0000022c41a824a0: ;   {metadata({type array byte})}
  0x0000022c41a824a0: eb48 ba28 | 0a04 0008 | 0000 0090 

  0x0000022c41a824ac: ;   {runtime_call _new_array_nozero_Java}
  0x0000022c41a824ac: c5f8 77e8 

  0x0000022c41a824b0: ; ImmutableOopMap {rbp=Oop [40]=Derived_oop_rbp [80]=Oop [88]=Oop }
                      ;*invokevirtual clone {reexecute=1 rethrow=0 return_oop=1}
                      ; - (reexecute) java.util.Arrays::copyOf@7
                      ; - java.io.ByteArrayOutputStream::toByteArray@8
                      ; - kotlin.io.ByteStreamsKt::readBytes@37 (line 137)
                      ; - com.android.tools.build.jetifier.processor.archive.Archive$Builder::extractFile@22 (line 217)
  0x0000022c41a824b0: 4c3c d3fe 

  0x0000022c41a824b4: ;   {other}
  0x0000022c41a824b4: 0f1f 8400 | 240f 0014 | 4c8b 4c24 | 2848 8b74 | 2430 488b | d8e9 34fc | ffff 418b | ea48 8954 
  0x0000022c41a824d4: 2420 baf6 | ffff ff90 

  0x0000022c41a824dc: ;   {runtime_call UncommonTrapBlob}
  0x0000022c41a824dc: c5f8 77e8 

  0x0000022c41a824e0: ; ImmutableOopMap {[32]=Oop }
                      ;*arraylength {reexecute=0 rethrow=0 return_oop=0}
                      ; - java.io.ByteArrayOutputStream::ensureCapacity@4
                      ; - java.io.ByteArrayOutputStream::write@15
                      ; - kotlin.io.ByteStreamsKt::copyTo@38 (line 108)
                      ; - kotlin.io.ByteStreamsKt::copyTo$default@13 (line 103)
                      ; - kotlin.io.ByteStreamsKt::readBytes@32 (line 136)
                      ; - com.android.tools.build.jetifier.processor.archive.Archive$Builder::extractFile@22 (line 217)
  0x0000022c41a824e0: 1c21 c7fe 

  0x0000022c41a824e4: ;   {other}
  0x0000022c41a824e4: 0f1f 8400 | 540f 0015 | baf6 ffff | ff66 6690 

  0x0000022c41a824f4: ;   {runtime_call UncommonTrapBlob}
  0x0000022c41a824f4: c5f8 77e8 

  0x0000022c41a824f8: ; ImmutableOopMap {}
                      ;*invokevirtual compareTo {reexecute=0 rethrow=0 return_oop=0}
                      ; - com.android.tools.build.jetifier.core.utils.Log::v@27 (line 54)
                      ; - com.android.tools.build.jetifier.processor.archive.Archive$Builder::extractFile@15 (line 215)
  0x0000022c41a824f8: 0421 c7fe 

  0x0000022c41a824fc: ;   {other}
  0x0000022c41a824fc: 0f1f 8400 | 6c0f 0016 | ba5c ffff | ff49 8be9 

  0x0000022c41a8250c: ;   {runtime_call UncommonTrapBlob}
  0x0000022c41a8250c: c5f8 77e8 

  0x0000022c41a82510: ; ImmutableOopMap {rbp=Oop [72]=Oop [88]=Oop }
                      ;*ifnonnull {reexecute=1 rethrow=0 return_oop=0}
                      ; - (reexecute) kotlin.jvm.internal.Intrinsics::checkNotNullParameter@1 (line 130)
                      ; - kotlin.io.ByteStreamsKt::readBytes@3
                      ; - com.android.tools.build.jetifier.processor.archive.Archive$Builder::extractFile@22 (line 217)
  0x0000022c41a82510: ec20 c7fe 

  0x0000022c41a82514: ;   {other}
  0x0000022c41a82514: 0f1f 8400 | 840f 0017 | baf6 ffff | ff8b e990 

  0x0000022c41a82524: ;   {runtime_call UncommonTrapBlob}
  0x0000022c41a82524: c5f8 77e8 

  0x0000022c41a82528: ; ImmutableOopMap {[32]=Oop }
                      ;*arraylength {reexecute=0 rethrow=0 return_oop=0}
                      ; - java.util.Arrays::copyOf@2
                      ; - java.io.ByteArrayOutputStream::toByteArray@8
                      ; - kotlin.io.ByteStreamsKt::readBytes@37 (line 137)
                      ; - com.android.tools.build.jetifier.processor.archive.Archive$Builder::extractFile@22 (line 217)
  0x0000022c41a82528: d420 c7fe 

  0x0000022c41a8252c: ;   {other}
  0x0000022c41a8252c: 0f1f 8400 | 9c0f 0018 | ba5c ffff | ff66 6690 

  0x0000022c41a8253c: ;   {runtime_call UncommonTrapBlob}
  0x0000022c41a8253c: c5f8 77e8 

  0x0000022c41a82540: ; ImmutableOopMap {rbp=Oop [56]=Oop [80]=Oop [88]=Oop }
                      ;*ifnonnull {reexecute=1 rethrow=0 return_oop=0}
                      ; - (reexecute) kotlin.jvm.internal.Intrinsics::checkParameterIsNotNull@1 (line 124)
                      ; - com.android.tools.build.jetifier.processor.archive.ArchiveFile::<init>@3
                      ; - com.android.tools.build.jetifier.processor.archive.Archive$Builder::extractFile@35 (line 218)
  0x0000022c41a82540: bc20 c7fe 

  0x0000022c41a82544: ;   {other}
  0x0000022c41a82544: 0f1f 8400 | b40f 0019 | baf6 ffff | ff66 6690 

  0x0000022c41a82554: ;   {runtime_call UncommonTrapBlob}
  0x0000022c41a82554: c5f8 77e8 

  0x0000022c41a82558: ; ImmutableOopMap {}
                      ;*invokevirtual toString {reexecute=0 rethrow=0 return_oop=0}
                      ; - com.android.tools.build.jetifier.processor.archive.ArchiveFile::<init>@33 (line 37)
                      ; - com.android.tools.build.jetifier.processor.archive.Archive$Builder::extractFile@35 (line 218)
  0x0000022c41a82558: a420 c7fe 

  0x0000022c41a8255c: ;   {other}
  0x0000022c41a8255c: 0f1f 8400 | cc0f 001a | 488b d0eb | 12eb 0deb | 0beb 09eb | 0748 8bd0 | eb05 eb00 | 488b d0c5 
  0x0000022c41a8257c: f877 4881 | c490 0000 

  0x0000022c41a82584: ;   {runtime_call _rethrow_Java}
  0x0000022c41a82584: 005d e975 | 0dd3 feba | 97ff ffff 

  0x0000022c41a82590: ;   {runtime_call UncommonTrapBlob}
  0x0000022c41a82590: c5f8 77e8 

  0x0000022c41a82594: ; ImmutableOopMap {rbp=Oop [80]=Oop [88]=Oop }
                      ;*invokevirtual clone {reexecute=1 rethrow=0 return_oop=0}
                      ; - (reexecute) java.util.Arrays::copyOf@7
                      ; - java.io.ByteArrayOutputStream::toByteArray@8
                      ; - kotlin.io.ByteStreamsKt::readBytes@37 (line 137)
                      ; - com.android.tools.build.jetifier.processor.archive.Archive$Builder::extractFile@22 (line 217)
  0x0000022c41a82594: 6820 c7fe 

  0x0000022c41a82598: ;   {other}
  0x0000022c41a82598: 0f1f 8400 | 0810 001b 

  0x0000022c41a825a0: ;   {internal_word}
  0x0000022c41a825a0: 49ba 851d | a841 2c02 | 0000 4d89 | 9760 0400 

  0x0000022c41a825b0: ;   {runtime_call SafepointBlob}
  0x0000022c41a825b0: 00e9 4a31 

  0x0000022c41a825b4: ;   {runtime_call StubRoutines (final stubs)}
  0x0000022c41a825b4: c7fe e8a5 | 75c5 fee9 | 5ef2 ffff 
[Stub Code]
  0x0000022c41a825c0: ;   {no_reloc}
  0x0000022c41a825c0: 48bb 0000 | 0000 0000 

  0x0000022c41a825c8: ;   {runtime_call nmethod}
  0x0000022c41a825c8: 0000 e9fb 

  0x0000022c41a825cc: ;   {static_stub}
  0x0000022c41a825cc: ffff ff48 | bb00 0000 | 0000 0000 

  0x0000022c41a825d8: ;   {runtime_call nmethod}
  0x0000022c41a825d8: 00e9 fbff 

  0x0000022c41a825dc: ;   {static_stub}
  0x0000022c41a825dc: ffff 48bb | 0000 0000 | 0000 0000 

  0x0000022c41a825e8: ;   {runtime_call nmethod}
  0x0000022c41a825e8: e9fb ffff 

  0x0000022c41a825ec: ;   {static_stub}
  0x0000022c41a825ec: ff48 bb00 | 0000 0000 

  0x0000022c41a825f4: ;   {runtime_call nmethod}
  0x0000022c41a825f4: 0000 00e9 | fbff ffff 
[Exception Handler]
  0x0000022c41a825fc: ;   {runtime_call ExceptionBlob}
  0x0000022c41a825fc: e9ff fbd2 | fee8 0000 | 0000 4883 

  0x0000022c41a82608: ;   {runtime_call DeoptimizationBlob}
  0x0000022c41a82608: 2c24 05e9 | 9023 c7fe 
[/MachCode]


---------------  P R O C E S S  ---------------

Threads class SMR info:
_java_thread_list=0x0000022c597048c0, length=242, elements={
0x0000022c36022220, 0x0000022c5056a860, 0x0000022c5054af70, 0x0000022c5054bd10,
0x0000022c5054c370, 0x0000022c5054c9d0, 0x0000022c5057cfb0, 0x0000022c5057d610,
0x0000022c505821c0, 0x0000022c506e73b0, 0x0000022c506e8760, 0x0000022c506e8df0,
0x0000022c506e6000, 0x0000022c506e6690, 0x0000022c506e6d20, 0x0000022c506e7a40,
0x0000022c506e80d0, 0x0000022c506e9480, 0x0000022c56dd24f0, 0x0000022c56dd4c50,
0x0000022c56dd38a0, 0x0000022c56dd3f30, 0x0000022c56dd45c0, 0x0000022c56dd52e0,
0x0000022c56dd5970, 0x0000022c56dd6000, 0x0000022c56dd2b80, 0x0000022c56dd6690,
0x0000022c56dd80d0, 0x0000022c56dd9480, 0x0000022c56dd73b0, 0x0000022c56dd7a40,
0x0000022c56dd6d20, 0x0000022c56dd9b10, 0x0000022c56dd8760, 0x0000022c59951770,
0x0000022c59953ed0, 0x0000022c599510e0, 0x0000022c599531b0, 0x0000022c59955280,
0x0000022c59953840, 0x0000022c59954560, 0x0000022c59952490, 0x0000022c59954bf0,
0x0000022c59955910, 0x0000022c59955fa0, 0x0000022c59952b20, 0x0000022c59957350,
0x0000022c59956630, 0x0000022c599579e0, 0x0000022c59958700, 0x0000022c59958070,
0x0000022c59956cc0, 0x0000022c59dba3a0, 0x0000022c59dbd190, 0x0000022c59dbd820,
0x0000022c59dbc470, 0x0000022c59dbdeb0, 0x0000022c59dbbde0, 0x0000022c59dbaa30,
0x0000022c59dbe540, 0x0000022c59dbcb00, 0x0000022c59dbb0c0, 0x0000022c59dbebd0,
0x0000022c59dbb750, 0x0000022c59dbf260, 0x0000022c59dbf8f0, 0x0000022c59dc1330,
0x0000022c59dbff80, 0x0000022c59dc19c0, 0x0000022c59dc0610, 0x0000022c59dc0ca0,
0x0000022c59ca5df0, 0x0000022c59ca9900, 0x0000022c59ca6b10, 0x0000022c59ca7ec0,
0x0000022c59ca9270, 0x0000022c59ca71a0, 0x0000022c59caa620, 0x0000022c59caacb0,
0x0000022c59ca7830, 0x0000022c59cab340, 0x0000022c59cab9d0, 0x0000022c59cac060,
0x0000022c59cac6f0, 0x0000022c59cad410, 0x0000022c59cacd80, 0x0000022c5c39aa50,
0x0000022c5c399010, 0x0000022c5c39b0e0, 0x0000022c5c39b770, 0x0000022c5c3982f0,
0x0000022c5c3996a0, 0x0000022c5c398980, 0x0000022c5c39a3c0, 0x0000022c5c39cb20,
0x0000022c5c39be00, 0x0000022c5c39c490, 0x0000022c5c39d1b0, 0x0000022c5c399d30,
0x0000022c5c39ded0, 0x0000022c5c39f910, 0x0000022c5c39e560, 0x0000022c5c39ebf0,
0x0000022c5c39f280, 0x0000022c59366920, 0x0000022c59366290, 0x0000022c59369080,
0x0000022c59365c00, 0x0000022c59369710, 0x0000022c5936a430, 0x0000022c59369da0,
0x0000022c59366fb0, 0x0000022c5936aac0, 0x0000022c59367cd0, 0x0000022c59367640,
0x0000022c5936b150, 0x0000022c5936b7e0, 0x0000022c59368360, 0x0000022c5936be70,
0x0000022c593689f0, 0x0000022c5936c500, 0x0000022c5936cb90, 0x0000022c5936d220,
0x0000022c5b03fd80, 0x0000022c5b03f6f0, 0x0000022c5b040aa0, 0x0000022c5b0452d0,
0x0000022c5b045960, 0x0000022c5b043200, 0x0000022c5b043890, 0x0000022c5b045ff0,
0x0000022c5b046680, 0x0000022c5c7c7020, 0x0000022c5c7cab30, 0x0000022c5c7c7d40,
0x0000022c5c7c8a60, 0x0000022c5c7c90f0, 0x0000022c5c7c9780, 0x0000022c5c7c83d0,
0x0000022c5c7c9e10, 0x0000022c5c7ca4a0, 0x0000022c5c7c76b0, 0x0000022c5c7ce640,
0x0000022c5c7cc570, 0x0000022c5c7cd290, 0x0000022c5c7cdfb0, 0x0000022c5c7cd920,
0x0000022c5c7cb1c0, 0x0000022c5c7cb850, 0x0000022c5c7cbee0, 0x0000022c5c7ccc00,
0x0000022c5c8d59b0, 0x0000022c5c8d6040, 0x0000022c5c8d66d0, 0x0000022c5c8d8e30,
0x0000022c5c8d8110, 0x0000022c5c8da1e0, 0x0000022c5c8d87a0, 0x0000022c5c8d7a80,
0x0000022c5c8d9b50, 0x0000022c5c8d94c0, 0x0000022c5c8da870, 0x0000022c5c8d73f0,
0x0000022c5c8dbc20, 0x0000022c5c8db590, 0x0000022c5c8dc2b0, 0x0000022c5c8daf00,
0x0000022c5c8df0a0, 0x0000022c5c8de380, 0x0000022c5c8dfdc0, 0x0000022c5c8df730,
0x0000022c5c8e0450, 0x0000022c5c8dcfd0, 0x0000022c5c8e0ae0, 0x0000022c5c8dd660,
0x0000022c5c8e1170, 0x0000022c5c8e1800, 0x0000022c5c8e1e90, 0x0000022c5c8dea10,
0x0000022c5c8e2520, 0x0000022c5c8e2bb0, 0x0000022c5c8e3240, 0x0000022c5b040410,
0x0000022c5b041130, 0x0000022c5b0417c0, 0x0000022c59e9b370, 0x0000022c59e98c10,
0x0000022c59e9a650, 0x0000022c59e9c090, 0x0000022c59ea43d0, 0x0000022c59ea4a60,
0x0000022c59ea1c70, 0x0000022c59ea36b0, 0x0000022c5d34bde0, 0x0000022c5d34f260,
0x0000022c5d34ebd0, 0x0000022c5d340cb0, 0x0000022c5d340620, 0x0000022c5d605dc0,
0x0000022c5d5ff4c0, 0x0000022c5d604a10, 0x0000022c5d605730, 0x0000022c5d606450,
0x0000022c5d6050a0, 0x0000022c5d603cf0, 0x0000022c5d604380, 0x0000022c5d603660,
0x0000022c5d3426f0, 0x0000022c6502f590, 0x0000022c65032a10, 0x0000022c650330a0,
0x0000022c65032380, 0x0000022c6502fc20, 0x0000022c650302b0, 0x0000022c65031cf0,
0x0000022c65030940, 0x0000022c65030fd0, 0x0000022c65031660, 0x0000022c65033730,
0x0000022c65035800, 0x0000022c65035e90, 0x0000022c65036520, 0x0000022c65035170,
0x0000022c65036bb0, 0x0000022c65037240, 0x0000022c65033dc0, 0x0000022c650378d0,
0x0000022c65034450, 0x0000022c65037f60, 0x0000022c65034ae0, 0x0000022c650399a0,
0x0000022c6503ad50, 0x0000022c6503b3e0, 0x0000022c6503ba70, 0x0000022c650385f0,
0x0000022c6503c100, 0x0000022c65049990, 0x0000022c6504b3d0, 0x0000022c6504ad40,
0x0000022c6504ba60, 0x0000022c6504c780
}

Java Threads: ( => current thread )
  0x0000022c36022220 JavaThread "main"                              [_thread_blocked, id=21752, stack(0x000000e974900000,0x000000e974a00000) (1024K)]
  0x0000022c5056a860 JavaThread "Reference Handler"          daemon [_thread_blocked, id=25264, stack(0x000000e975100000,0x000000e975200000) (1024K)]
  0x0000022c5054af70 JavaThread "Finalizer"                  daemon [_thread_blocked, id=22280, stack(0x000000e975200000,0x000000e975300000) (1024K)]
  0x0000022c5054bd10 JavaThread "Signal Dispatcher"          daemon [_thread_blocked, id=22980, stack(0x000000e975300000,0x000000e975400000) (1024K)]
  0x0000022c5054c370 JavaThread "Attach Listener"            daemon [_thread_blocked, id=21808, stack(0x000000e975400000,0x000000e975500000) (1024K)]
  0x0000022c5054c9d0 JavaThread "Service Thread"             daemon [_thread_blocked, id=24800, stack(0x000000e975500000,0x000000e975600000) (1024K)]
  0x0000022c5057cfb0 JavaThread "Monitor Deflation Thread"   daemon [_thread_blocked, id=23528, stack(0x000000e975600000,0x000000e975700000) (1024K)]
  0x0000022c5057d610 JavaThread "C2 CompilerThread0"         daemon [_thread_blocked, id=20580, stack(0x000000e975700000,0x000000e975800000) (1024K)]
  0x0000022c505821c0 JavaThread "C1 CompilerThread0"         daemon [_thread_blocked, id=23200, stack(0x000000e975800000,0x000000e975900000) (1024K)]
  0x0000022c506e73b0 JavaThread "Common-Cleaner"             daemon [_thread_blocked, id=7892, stack(0x000000e975900000,0x000000e975a00000) (1024K)]
  0x0000022c506e8760 JavaThread "Notification Thread"        daemon [_thread_blocked, id=22984, stack(0x000000e975a00000,0x000000e975b00000) (1024K)]
  0x0000022c506e8df0 JavaThread "Daemon health stats"               [_thread_blocked, id=20236, stack(0x000000e976200000,0x000000e976300000) (1024K)]
  0x0000022c506e6000 JavaThread "Incoming local TCP Connector on port 62821"        [_thread_in_native, id=22348, stack(0x000000e976300000,0x000000e976400000) (1024K)]
  0x0000022c506e6690 JavaThread "Daemon periodic checks"            [_thread_blocked, id=12632, stack(0x000000e976800000,0x000000e976900000) (1024K)]
  0x0000022c506e6d20 JavaThread "Daemon"                            [_thread_blocked, id=10528, stack(0x000000e976900000,0x000000e976a00000) (1024K)]
  0x0000022c506e7a40 JavaThread "Handler for socket connection from /127.0.0.1:62821 to /127.0.0.1:62822"        [_thread_in_native, id=24640, stack(0x000000e976a00000,0x000000e976b00000) (1024K)]
  0x0000022c506e80d0 JavaThread "Cancel handler"                    [_thread_blocked, id=3704, stack(0x000000e976b00000,0x000000e976c00000) (1024K)]
  0x0000022c506e9480 JavaThread "Daemon worker"                     [_thread_blocked, id=22172, stack(0x000000e976c00000,0x000000e976d00000) (1024K)]
  0x0000022c56dd24f0 JavaThread "Asynchronous log dispatcher for DefaultDaemonConnection: socket connection from /127.0.0.1:62821 to /127.0.0.1:62822"        [_thread_blocked, id=24916, stack(0x000000e976d00000,0x000000e976e00000) (1024K)]
  0x0000022c56dd4c50 JavaThread "Stdin handler"                     [_thread_blocked, id=24672, stack(0x000000e976e00000,0x000000e976f00000) (1024K)]
  0x0000022c56dd38a0 JavaThread "Daemon client event forwarder"        [_thread_blocked, id=12676, stack(0x000000e976f00000,0x000000e977000000) (1024K)]
  0x0000022c56dd3f30 JavaThread "Cache worker for journal cache (C:\Users\ADMIN\.gradle\caches\journal-1)"        [_thread_blocked, id=12128, stack(0x000000e977200000,0x000000e977300000) (1024K)]
  0x0000022c56dd45c0 JavaThread "File lock request listener"        [_thread_in_native, id=17936, stack(0x000000e977300000,0x000000e977400000) (1024K)]
  0x0000022c56dd52e0 JavaThread "Cache worker for file hash cache (C:\Users\ADMIN\.gradle\caches\8.13\fileHashes)"        [_thread_blocked, id=16804, stack(0x000000e977400000,0x000000e977500000) (1024K)]
  0x0000022c56dd5970 JavaThread "Cache worker for file hash cache (C:\Users\ADMIN\Desktop\3rd Year\CAPSTONE\capstone_mobile\android\.gradle\8.13\fileHashes)"        [_thread_blocked, id=24940, stack(0x000000e977500000,0x000000e977600000) (1024K)]
  0x0000022c56dd6000 JavaThread "Cache worker for Build Output Cleanup Cache (C:\Users\ADMIN\Desktop\3rd Year\CAPSTONE\capstone_mobile\android\.gradle\buildOutputCleanup)"        [_thread_blocked, id=22480, stack(0x000000e977600000,0x000000e977700000) (1024K)]
  0x0000022c56dd2b80 JavaThread "File watcher server"        daemon [_thread_in_native, id=20100, stack(0x000000e977700000,0x000000e977800000) (1024K)]
  0x0000022c56dd6690 JavaThread "File watcher consumer"      daemon [_thread_blocked, id=15720, stack(0x000000e977800000,0x000000e977900000) (1024K)]
  0x0000022c56dd80d0 JavaThread "jar transforms"                    [_thread_blocked, id=23356, stack(0x000000e977900000,0x000000e977a00000) (1024K)]
  0x0000022c56dd9480 JavaThread "Cache worker for checksums cache (C:\Users\ADMIN\Desktop\3rd Year\CAPSTONE\capstone_mobile\android\.gradle\8.13\checksums)"        [_thread_blocked, id=22096, stack(0x000000e977a00000,0x000000e977b00000) (1024K)]
  0x0000022c56dd73b0 JavaThread "Cache worker for file content cache (C:\Users\ADMIN\.gradle\caches\8.13\fileContent)"        [_thread_blocked, id=13208, stack(0x000000e977b00000,0x000000e977c00000) (1024K)]
  0x0000022c56dd7a40 JavaThread "Cache worker for cache directory md-supplier (C:\Users\ADMIN\.gradle\caches\8.13\md-supplier)"        [_thread_blocked, id=2576, stack(0x000000e977c00000,0x000000e977d00000) (1024K)]
  0x0000022c56dd6d20 JavaThread "Cache worker for cache directory md-rule (C:\Users\ADMIN\.gradle\caches\8.13\md-rule)"        [_thread_blocked, id=25024, stack(0x000000e977d00000,0x000000e977e00000) (1024K)]
  0x0000022c56dd9b10 JavaThread "Cache worker for Build Output Cleanup Cache (C:\Users\ADMIN\Desktop\3rd Year\CAPSTONE\capstone_mobile\node_modules\@react-native\gradle-plugin\.gradle\buildOutputCleanup)"        [_thread_blocked, id=13184, stack(0x000000e977e00000,0x000000e977f00000) (1024K)]
  0x0000022c56dd8760 JavaThread "Unconstrained build operations"        [_thread_blocked, id=24128, stack(0x000000e977f00000,0x000000e978000000) (1024K)]
  0x0000022c59951770 JavaThread "Unconstrained build operations Thread 2"        [_thread_blocked, id=22180, stack(0x000000e978000000,0x000000e978100000) (1024K)]
  0x0000022c59953ed0 JavaThread "Unconstrained build operations Thread 3"        [_thread_blocked, id=9444, stack(0x000000e978100000,0x000000e978200000) (1024K)]
  0x0000022c599510e0 JavaThread "Unconstrained build operations Thread 4"        [_thread_blocked, id=16440, stack(0x000000e978200000,0x000000e978300000) (1024K)]
  0x0000022c599531b0 JavaThread "Unconstrained build operations Thread 5"        [_thread_blocked, id=2212, stack(0x000000e978300000,0x000000e978400000) (1024K)]
  0x0000022c59955280 JavaThread "Unconstrained build operations Thread 6"        [_thread_blocked, id=24684, stack(0x000000e978400000,0x000000e978500000) (1024K)]
  0x0000022c59953840 JavaThread "Unconstrained build operations Thread 7"        [_thread_blocked, id=23620, stack(0x000000e978500000,0x000000e978600000) (1024K)]
  0x0000022c59954560 JavaThread "Unconstrained build operations Thread 8"        [_thread_blocked, id=25016, stack(0x000000e978600000,0x000000e978700000) (1024K)]
  0x0000022c59952490 JavaThread "Unconstrained build operations Thread 9"        [_thread_blocked, id=14392, stack(0x000000e978700000,0x000000e978800000) (1024K)]
  0x0000022c59954bf0 JavaThread "Unconstrained build operations Thread 10"        [_thread_blocked, id=2388, stack(0x000000e978800000,0x000000e978900000) (1024K)]
  0x0000022c59955910 JavaThread "Unconstrained build operations Thread 11"        [_thread_blocked, id=23612, stack(0x000000e978900000,0x000000e978a00000) (1024K)]
  0x0000022c59955fa0 JavaThread "Unconstrained build operations Thread 12"        [_thread_blocked, id=5284, stack(0x000000e978a00000,0x000000e978b00000) (1024K)]
  0x0000022c59952b20 JavaThread "Unconstrained build operations Thread 13"        [_thread_blocked, id=10724, stack(0x000000e978b00000,0x000000e978c00000) (1024K)]
  0x0000022c59957350 JavaThread "Unconstrained build operations Thread 14"        [_thread_blocked, id=17108, stack(0x000000e978c00000,0x000000e978d00000) (1024K)]
  0x0000022c59956630 JavaThread "Unconstrained build operations Thread 15"        [_thread_blocked, id=4252, stack(0x000000e978d00000,0x000000e978e00000) (1024K)]
  0x0000022c599579e0 JavaThread "Unconstrained build operations Thread 16"        [_thread_blocked, id=25592, stack(0x000000e978e00000,0x000000e978f00000) (1024K)]
  0x0000022c59958700 JavaThread "Unconstrained build operations Thread 17"        [_thread_blocked, id=25420, stack(0x000000e978f00000,0x000000e979000000) (1024K)]
  0x0000022c59958070 JavaThread "Unconstrained build operations Thread 18"        [_thread_blocked, id=7704, stack(0x000000e979000000,0x000000e979100000) (1024K)]
  0x0000022c59956cc0 JavaThread "Unconstrained build operations Thread 19"        [_thread_blocked, id=16528, stack(0x000000e979100000,0x000000e979200000) (1024K)]
  0x0000022c59dba3a0 JavaThread "Unconstrained build operations Thread 20"        [_thread_blocked, id=7416, stack(0x000000e979200000,0x000000e979300000) (1024K)]
  0x0000022c59dbd190 JavaThread "Unconstrained build operations Thread 21"        [_thread_blocked, id=10040, stack(0x000000e979300000,0x000000e979400000) (1024K)]
  0x0000022c59dbd820 JavaThread "Unconstrained build operations Thread 22"        [_thread_blocked, id=9484, stack(0x000000e979400000,0x000000e979500000) (1024K)]
  0x0000022c59dbc470 JavaThread "Unconstrained build operations Thread 23"        [_thread_blocked, id=24564, stack(0x000000e979500000,0x000000e979600000) (1024K)]
  0x0000022c59dbdeb0 JavaThread "Unconstrained build operations Thread 24"        [_thread_blocked, id=10244, stack(0x000000e979600000,0x000000e979700000) (1024K)]
  0x0000022c59dbbde0 JavaThread "Unconstrained build operations Thread 25"        [_thread_blocked, id=13300, stack(0x000000e979700000,0x000000e979800000) (1024K)]
  0x0000022c59dbaa30 JavaThread "Unconstrained build operations Thread 26"        [_thread_blocked, id=1268, stack(0x000000e979800000,0x000000e979900000) (1024K)]
  0x0000022c59dbe540 JavaThread "Unconstrained build operations Thread 27"        [_thread_blocked, id=12684, stack(0x000000e979900000,0x000000e979a00000) (1024K)]
  0x0000022c59dbcb00 JavaThread "Unconstrained build operations Thread 28"        [_thread_blocked, id=200, stack(0x000000e979a00000,0x000000e979b00000) (1024K)]
  0x0000022c59dbb0c0 JavaThread "Unconstrained build operations Thread 29"        [_thread_blocked, id=25284, stack(0x000000e979b00000,0x000000e979c00000) (1024K)]
  0x0000022c59dbebd0 JavaThread "Unconstrained build operations Thread 30"        [_thread_blocked, id=20392, stack(0x000000e979c00000,0x000000e979d00000) (1024K)]
  0x0000022c59dbb750 JavaThread "Unconstrained build operations Thread 31"        [_thread_blocked, id=23276, stack(0x000000e979d00000,0x000000e979e00000) (1024K)]
  0x0000022c59dbf260 JavaThread "Unconstrained build operations Thread 32"        [_thread_blocked, id=25000, stack(0x000000e979e00000,0x000000e979f00000) (1024K)]
  0x0000022c59dbf8f0 JavaThread "Unconstrained build operations Thread 33"        [_thread_blocked, id=7360, stack(0x000000e979f00000,0x000000e97a000000) (1024K)]
  0x0000022c59dc1330 JavaThread "Unconstrained build operations Thread 34"        [_thread_blocked, id=5848, stack(0x000000e97a000000,0x000000e97a100000) (1024K)]
  0x0000022c59dbff80 JavaThread "Unconstrained build operations Thread 35"        [_thread_blocked, id=24848, stack(0x000000e97a100000,0x000000e97a200000) (1024K)]
  0x0000022c59dc19c0 JavaThread "Unconstrained build operations Thread 36"        [_thread_blocked, id=13108, stack(0x000000e97a200000,0x000000e97a300000) (1024K)]
  0x0000022c59dc0610 JavaThread "Unconstrained build operations Thread 37"        [_thread_blocked, id=24104, stack(0x000000e97a300000,0x000000e97a400000) (1024K)]
  0x0000022c59dc0ca0 JavaThread "Unconstrained build operations Thread 38"        [_thread_blocked, id=14780, stack(0x000000e97a400000,0x000000e97a500000) (1024K)]
  0x0000022c59ca5df0 JavaThread "Unconstrained build operations Thread 39"        [_thread_blocked, id=23900, stack(0x000000e97a500000,0x000000e97a600000) (1024K)]
  0x0000022c59ca9900 JavaThread "build event listener"              [_thread_blocked, id=5156, stack(0x000000e97a600000,0x000000e97a700000) (1024K)]
  0x0000022c59ca6b10 JavaThread "Memory manager"                    [_thread_blocked, id=25292, stack(0x000000e975c00000,0x000000e975d00000) (1024K)]
  0x0000022c59ca7ec0 JavaThread "ForkJoinPool.commonPool-worker-1" daemon [_thread_blocked, id=23792, stack(0x000000e97a800000,0x000000e97a900000) (1024K)]
  0x0000022c59ca9270 JavaThread "ForkJoinPool.commonPool-worker-2" daemon [_thread_blocked, id=24384, stack(0x000000e97a900000,0x000000e97aa00000) (1024K)]
  0x0000022c59ca71a0 JavaThread "ForkJoinPool.commonPool-worker-3" daemon [_thread_blocked, id=25040, stack(0x000000e97aa00000,0x000000e97ab00000) (1024K)]
  0x0000022c59caa620 JavaThread "ForkJoinPool.commonPool-worker-5" daemon [_thread_blocked, id=20472, stack(0x000000e97ac00000,0x000000e97ad00000) (1024K)]
  0x0000022c59caacb0 JavaThread "ForkJoinPool.commonPool-worker-6" daemon [_thread_blocked, id=2708, stack(0x000000e97ad00000,0x000000e97ae00000) (1024K)]
  0x0000022c59ca7830 JavaThread "ForkJoinPool.commonPool-worker-7" daemon [_thread_blocked, id=8132, stack(0x000000e97ae00000,0x000000e97af00000) (1024K)]
  0x0000022c59cab340 JavaThread "ForkJoinPool.commonPool-worker-8" daemon [_thread_blocked, id=19088, stack(0x000000e97af00000,0x000000e97b000000) (1024K)]
  0x0000022c59cab9d0 JavaThread "ForkJoinPool.commonPool-worker-9" daemon [_thread_blocked, id=13076, stack(0x000000e97b000000,0x000000e97b100000) (1024K)]
  0x0000022c59cac060 JavaThread "ForkJoinPool.commonPool-worker-10" daemon [_thread_blocked, id=10728, stack(0x000000e97b100000,0x000000e97b200000) (1024K)]
  0x0000022c59cac6f0 JavaThread "Exec process"               daemon [_thread_blocked, id=21764, stack(0x000000e97b200000,0x000000e97b300000) (1024K)]
  0x0000022c59cad410 JavaThread "Exec process Thread 2"      daemon [_thread_blocked, id=22452, stack(0x000000e97b300000,0x000000e97b400000) (1024K)]
  0x0000022c59cacd80 JavaThread "Exec process Thread 3"      daemon [_thread_blocked, id=22148, stack(0x000000e97b400000,0x000000e97b500000) (1024K)]
  0x0000022c5c39aa50 JavaThread "included builds"                   [_thread_blocked, id=7772, stack(0x000000e975b00000,0x000000e975c00000) (1024K)]
  0x0000022c5c399010 JavaThread "Execution worker"                  [_thread_blocked, id=18344, stack(0x000000e97a700000,0x000000e97a800000) (1024K)]
  0x0000022c5c39b0e0 JavaThread "Execution worker Thread 2"         [_thread_blocked, id=25008, stack(0x000000e97b500000,0x000000e97b600000) (1024K)]
  0x0000022c5c39b770 JavaThread "Execution worker Thread 3"         [_thread_blocked, id=25012, stack(0x000000e97b600000,0x000000e97b700000) (1024K)]
  0x0000022c5c3982f0 JavaThread "Execution worker Thread 4"         [_thread_blocked, id=12864, stack(0x000000e97b700000,0x000000e97b800000) (1024K)]
  0x0000022c5c3996a0 JavaThread "Execution worker Thread 5"         [_thread_blocked, id=10500, stack(0x000000e97b800000,0x000000e97b900000) (1024K)]
  0x0000022c5c398980 JavaThread "Execution worker Thread 6"         [_thread_blocked, id=5624, stack(0x000000e97b900000,0x000000e97ba00000) (1024K)]
  0x0000022c5c39a3c0 JavaThread "Execution worker Thread 7"         [_thread_blocked, id=24396, stack(0x000000e97ba00000,0x000000e97bb00000) (1024K)]
  0x0000022c5c39cb20 JavaThread "Execution worker Thread 8"         [_thread_blocked, id=25172, stack(0x000000e97bb00000,0x000000e97bc00000) (1024K)]
  0x0000022c5c39be00 JavaThread "Execution worker Thread 9"         [_thread_blocked, id=22384, stack(0x000000e97bc00000,0x000000e97bd00000) (1024K)]
  0x0000022c5c39c490 JavaThread "Execution worker Thread 10"        [_thread_blocked, id=3184, stack(0x000000e97bd00000,0x000000e97be00000) (1024K)]
  0x0000022c5c39d1b0 JavaThread "Execution worker Thread 11"        [_thread_blocked, id=23824, stack(0x000000e97be00000,0x000000e97bf00000) (1024K)]
  0x0000022c5c399d30 JavaThread "Cache worker for execution history cache (C:\Users\ADMIN\Desktop\3rd Year\CAPSTONE\capstone_mobile\node_modules\@react-native\gradle-plugin\.gradle\8.13\executionHistory)"        [_thread_blocked, id=12500, stack(0x000000e97c000000,0x000000e97c100000) (1024K)]
  0x0000022c5c39ded0 JavaThread "Unconstrained build operations Thread 40"        [_thread_blocked, id=23856, stack(0x000000e97c200000,0x000000e97c300000) (1024K)]
  0x0000022c5c39f910 JavaThread "Unconstrained build operations Thread 41"        [_thread_blocked, id=23992, stack(0x000000e97c300000,0x000000e97c400000) (1024K)]
  0x0000022c5c39e560 JavaThread "Unconstrained build operations Thread 42"        [_thread_blocked, id=24248, stack(0x000000e97c400000,0x000000e97c500000) (1024K)]
  0x0000022c5c39ebf0 JavaThread "Unconstrained build operations Thread 43"        [_thread_blocked, id=22320, stack(0x000000e97c500000,0x000000e97c600000) (1024K)]
  0x0000022c5c39f280 JavaThread "Unconstrained build operations Thread 44"        [_thread_blocked, id=18844, stack(0x000000e97c600000,0x000000e97c700000) (1024K)]
  0x0000022c59366920 JavaThread "Unconstrained build operations Thread 45"        [_thread_blocked, id=21836, stack(0x000000e97c700000,0x000000e97c800000) (1024K)]
  0x0000022c59366290 JavaThread "Unconstrained build operations Thread 46"        [_thread_blocked, id=6052, stack(0x000000e97c800000,0x000000e97c900000) (1024K)]
  0x0000022c59369080 JavaThread "Unconstrained build operations Thread 47"        [_thread_blocked, id=14804, stack(0x000000e97c900000,0x000000e97ca00000) (1024K)]
  0x0000022c59365c00 JavaThread "Unconstrained build operations Thread 48"        [_thread_blocked, id=25032, stack(0x000000e97ca00000,0x000000e97cb00000) (1024K)]
  0x0000022c59369710 JavaThread "Unconstrained build operations Thread 49"        [_thread_blocked, id=24496, stack(0x000000e97cb00000,0x000000e97cc00000) (1024K)]
  0x0000022c5936a430 JavaThread "Unconstrained build operations Thread 50"        [_thread_blocked, id=2824, stack(0x000000e97cc00000,0x000000e97cd00000) (1024K)]
  0x0000022c59369da0 JavaThread "Unconstrained build operations Thread 51"        [_thread_blocked, id=5704, stack(0x000000e97cd00000,0x000000e97ce00000) (1024K)]
  0x0000022c59366fb0 JavaThread "Unconstrained build operations Thread 52"        [_thread_blocked, id=16732, stack(0x000000e97ce00000,0x000000e97cf00000) (1024K)]
  0x0000022c5936aac0 JavaThread "Unconstrained build operations Thread 53"        [_thread_blocked, id=20740, stack(0x000000e97cf00000,0x000000e97d000000) (1024K)]
  0x0000022c59367cd0 JavaThread "Unconstrained build operations Thread 54"        [_thread_blocked, id=20848, stack(0x000000e97d000000,0x000000e97d100000) (1024K)]
  0x0000022c59367640 JavaThread "Unconstrained build operations Thread 55"        [_thread_blocked, id=2856, stack(0x000000e97d100000,0x000000e97d200000) (1024K)]
  0x0000022c5936b150 JavaThread "Unconstrained build operations Thread 56"        [_thread_blocked, id=25372, stack(0x000000e97d200000,0x000000e97d300000) (1024K)]
  0x0000022c5936b7e0 JavaThread "Unconstrained build operations Thread 57"        [_thread_blocked, id=20952, stack(0x000000e97d300000,0x000000e97d400000) (1024K)]
  0x0000022c59368360 JavaThread "Unconstrained build operations Thread 58"        [_thread_blocked, id=23220, stack(0x000000e97d400000,0x000000e97d500000) (1024K)]
=>0x0000022c5936be70 JavaThread "Unconstrained build operations Thread 59"        [_thread_in_vm, id=14412, stack(0x000000e97d500000,0x000000e97d600000) (1024K)]
  0x0000022c593689f0 JavaThread "Unconstrained build operations Thread 60"        [_thread_blocked, id=2364, stack(0x000000e97d600000,0x000000e97d700000) (1024K)]
  0x0000022c5936c500 JavaThread "Unconstrained build operations Thread 61"        [_thread_blocked, id=1924, stack(0x000000e97d700000,0x000000e97d800000) (1024K)]
  0x0000022c5936cb90 JavaThread "Unconstrained build operations Thread 62"        [_thread_blocked, id=16348, stack(0x000000e97d800000,0x000000e97d900000) (1024K)]
  0x0000022c5936d220 JavaThread "Unconstrained build operations Thread 63"        [_thread_blocked, id=23952, stack(0x000000e97d900000,0x000000e97da00000) (1024K)]
  0x0000022c5b03fd80 JavaThread "Unconstrained build operations Thread 64"        [_thread_blocked, id=5308, stack(0x000000e97da00000,0x000000e97db00000) (1024K)]
  0x0000022c5b03f6f0 JavaThread "Unconstrained build operations Thread 65"        [_thread_blocked, id=24652, stack(0x000000e97db00000,0x000000e97dc00000) (1024K)]
  0x0000022c5b040aa0 JavaThread "Unconstrained build operations Thread 66"        [_thread_blocked, id=3940, stack(0x000000e97dc00000,0x000000e97dd00000) (1024K)]
  0x0000022c5b0452d0 JavaThread "Unconstrained build operations Thread 67"        [_thread_blocked, id=18136, stack(0x000000e97dd00000,0x000000e97de00000) (1024K)]
  0x0000022c5b045960 JavaThread "Unconstrained build operations Thread 68"        [_thread_blocked, id=24632, stack(0x000000e97de00000,0x000000e97df00000) (1024K)]
  0x0000022c5b043200 JavaThread "Unconstrained build operations Thread 69"        [_thread_blocked, id=24804, stack(0x000000e97df00000,0x000000e97e000000) (1024K)]
  0x0000022c5b043890 JavaThread "Unconstrained build operations Thread 70"        [_thread_blocked, id=23156, stack(0x000000e97e000000,0x000000e97e100000) (1024K)]
  0x0000022c5b045ff0 JavaThread "Unconstrained build operations Thread 71"        [_thread_blocked, id=24300, stack(0x000000e97e100000,0x000000e97e200000) (1024K)]
  0x0000022c5b046680 JavaThread "Unconstrained build operations Thread 72"        [_thread_blocked, id=16616, stack(0x000000e97e200000,0x000000e97e300000) (1024K)]
  0x0000022c5c7c7020 JavaThread "Unconstrained build operations Thread 73"        [_thread_blocked, id=25200, stack(0x000000e97e300000,0x000000e97e400000) (1024K)]
  0x0000022c5c7cab30 JavaThread "Unconstrained build operations Thread 74"        [_thread_blocked, id=24948, stack(0x000000e97e400000,0x000000e97e500000) (1024K)]
  0x0000022c5c7c7d40 JavaThread "Unconstrained build operations Thread 75"        [_thread_blocked, id=13512, stack(0x000000e97e500000,0x000000e97e600000) (1024K)]
  0x0000022c5c7c8a60 JavaThread "Unconstrained build operations Thread 76"        [_thread_blocked, id=21548, stack(0x000000e97e600000,0x000000e97e700000) (1024K)]
  0x0000022c5c7c90f0 JavaThread "Unconstrained build operations Thread 77"        [_thread_blocked, id=8340, stack(0x000000e97e700000,0x000000e97e800000) (1024K)]
  0x0000022c5c7c9780 JavaThread "Unconstrained build operations Thread 78"        [_thread_blocked, id=24844, stack(0x000000e97e800000,0x000000e97e900000) (1024K)]
  0x0000022c5c7c83d0 JavaThread "Unconstrained build operations Thread 79"        [_thread_blocked, id=22892, stack(0x000000e97e900000,0x000000e97ea00000) (1024K)]
  0x0000022c5c7c9e10 JavaThread "Unconstrained build operations Thread 80"        [_thread_blocked, id=10520, stack(0x000000e97ea00000,0x000000e97eb00000) (1024K)]
  0x0000022c5c7ca4a0 JavaThread "Unconstrained build operations Thread 81"        [_thread_blocked, id=23268, stack(0x000000e97eb00000,0x000000e97ec00000) (1024K)]
  0x0000022c5c7c76b0 JavaThread "Unconstrained build operations Thread 82"        [_thread_blocked, id=9000, stack(0x000000e97ec00000,0x000000e97ed00000) (1024K)]
  0x0000022c5c7ce640 JavaThread "Unconstrained build operations Thread 83"        [_thread_blocked, id=8940, stack(0x000000e97ed00000,0x000000e97ee00000) (1024K)]
  0x0000022c5c7cc570 JavaThread "Unconstrained build operations Thread 84"        [_thread_blocked, id=22660, stack(0x000000e97ee00000,0x000000e97ef00000) (1024K)]
  0x0000022c5c7cd290 JavaThread "Unconstrained build operations Thread 85"        [_thread_blocked, id=16028, stack(0x000000e97ef00000,0x000000e97f000000) (1024K)]
  0x0000022c5c7cdfb0 JavaThread "Unconstrained build operations Thread 86"        [_thread_blocked, id=10616, stack(0x000000e97f000000,0x000000e97f100000) (1024K)]
  0x0000022c5c7cd920 JavaThread "Unconstrained build operations Thread 87"        [_thread_blocked, id=19216, stack(0x000000e97f100000,0x000000e97f200000) (1024K)]
  0x0000022c5c7cb1c0 JavaThread "Unconstrained build operations Thread 88"        [_thread_blocked, id=24004, stack(0x000000e97f200000,0x000000e97f300000) (1024K)]
  0x0000022c5c7cb850 JavaThread "Unconstrained build operations Thread 89"        [_thread_blocked, id=22976, stack(0x000000e97f300000,0x000000e97f400000) (1024K)]
  0x0000022c5c7cbee0 JavaThread "Unconstrained build operations Thread 90"        [_thread_blocked, id=20280, stack(0x000000e97f400000,0x000000e97f500000) (1024K)]
  0x0000022c5c7ccc00 JavaThread "Unconstrained build operations Thread 91"        [_thread_blocked, id=24760, stack(0x000000e97f500000,0x000000e97f600000) (1024K)]
  0x0000022c5c8d59b0 JavaThread "Unconstrained build operations Thread 92"        [_thread_blocked, id=21028, stack(0x000000e97f600000,0x000000e97f700000) (1024K)]
  0x0000022c5c8d6040 JavaThread "Unconstrained build operations Thread 93"        [_thread_blocked, id=7008, stack(0x000000e97f700000,0x000000e97f800000) (1024K)]
  0x0000022c5c8d66d0 JavaThread "Unconstrained build operations Thread 94"        [_thread_blocked, id=23888, stack(0x000000e97f800000,0x000000e97f900000) (1024K)]
  0x0000022c5c8d8e30 JavaThread "Unconstrained build operations Thread 95"        [_thread_blocked, id=21900, stack(0x000000e97f900000,0x000000e97fa00000) (1024K)]
  0x0000022c5c8d8110 JavaThread "Unconstrained build operations Thread 96"        [_thread_blocked, id=1372, stack(0x000000e97fa00000,0x000000e97fb00000) (1024K)]
  0x0000022c5c8da1e0 JavaThread "Unconstrained build operations Thread 97"        [_thread_blocked, id=23480, stack(0x000000e97fb00000,0x000000e97fc00000) (1024K)]
  0x0000022c5c8d87a0 JavaThread "Unconstrained build operations Thread 98"        [_thread_blocked, id=8316, stack(0x000000e97fc00000,0x000000e97fd00000) (1024K)]
  0x0000022c5c8d7a80 JavaThread "Unconstrained build operations Thread 99"        [_thread_blocked, id=24964, stack(0x000000e97fd00000,0x000000e97fe00000) (1024K)]
  0x0000022c5c8d9b50 JavaThread "Unconstrained build operations Thread 100"        [_thread_blocked, id=21960, stack(0x000000e97fe00000,0x000000e97ff00000) (1024K)]
  0x0000022c5c8d94c0 JavaThread "Unconstrained build operations Thread 101"        [_thread_blocked, id=5260, stack(0x000000e97ff00000,0x000000e980000000) (1024K)]
  0x0000022c5c8da870 JavaThread "Unconstrained build operations Thread 102"        [_thread_blocked, id=16760, stack(0x000000e900000000,0x000000e900100000) (1024K)]
  0x0000022c5c8d73f0 JavaThread "Unconstrained build operations Thread 103"        [_thread_blocked, id=7796, stack(0x000000e900100000,0x000000e900200000) (1024K)]
  0x0000022c5c8dbc20 JavaThread "Unconstrained build operations Thread 104"        [_thread_blocked, id=9588, stack(0x000000e900200000,0x000000e900300000) (1024K)]
  0x0000022c5c8db590 JavaThread "Unconstrained build operations Thread 105"        [_thread_blocked, id=19760, stack(0x000000e900300000,0x000000e900400000) (1024K)]
  0x0000022c5c8dc2b0 JavaThread "Unconstrained build operations Thread 106"        [_thread_blocked, id=25556, stack(0x000000e900400000,0x000000e900500000) (1024K)]
  0x0000022c5c8daf00 JavaThread "Unconstrained build operations Thread 107"        [_thread_blocked, id=19036, stack(0x000000e900500000,0x000000e900600000) (1024K)]
  0x0000022c5c8df0a0 JavaThread "Unconstrained build operations Thread 108"        [_thread_blocked, id=20972, stack(0x000000e900600000,0x000000e900700000) (1024K)]
  0x0000022c5c8de380 JavaThread "Unconstrained build operations Thread 109"        [_thread_blocked, id=22088, stack(0x000000e900700000,0x000000e900800000) (1024K)]
  0x0000022c5c8dfdc0 JavaThread "Unconstrained build operations Thread 110"        [_thread_blocked, id=7408, stack(0x000000e900800000,0x000000e900900000) (1024K)]
  0x0000022c5c8df730 JavaThread "jar transforms Thread 2"           [_thread_blocked, id=840, stack(0x000000e900900000,0x000000e900a00000) (1024K)]
  0x0000022c5c8e0450 JavaThread "jar transforms Thread 3"           [_thread_blocked, id=19832, stack(0x000000e900a00000,0x000000e900b00000) (1024K)]
  0x0000022c5c8dcfd0 JavaThread "Unconstrained build operations Thread 111"        [_thread_blocked, id=19364, stack(0x000000e900b00000,0x000000e900c00000) (1024K)]
  0x0000022c5c8e0ae0 JavaThread "Unconstrained build operations Thread 112"        [_thread_blocked, id=9920, stack(0x000000e900c00000,0x000000e900d00000) (1024K)]
  0x0000022c5c8dd660 JavaThread "Unconstrained build operations Thread 113"        [_thread_blocked, id=20408, stack(0x000000e900d00000,0x000000e900e00000) (1024K)]
  0x0000022c5c8e1170 JavaThread "Unconstrained build operations Thread 114"        [_thread_blocked, id=5556, stack(0x000000e900e00000,0x000000e900f00000) (1024K)]
  0x0000022c5c8e1800 JavaThread "Unconstrained build operations Thread 115"        [_thread_blocked, id=5160, stack(0x000000e900f00000,0x000000e901000000) (1024K)]
  0x0000022c5c8e1e90 JavaThread "Unconstrained build operations Thread 116"        [_thread_blocked, id=4896, stack(0x000000e901000000,0x000000e901100000) (1024K)]
  0x0000022c5c8dea10 JavaThread "Unconstrained build operations Thread 117"        [_thread_blocked, id=16012, stack(0x000000e901100000,0x000000e901200000) (1024K)]
  0x0000022c5c8e2520 JavaThread "Unconstrained build operations Thread 118"        [_thread_blocked, id=24016, stack(0x000000e901200000,0x000000e901300000) (1024K)]
  0x0000022c5c8e2bb0 JavaThread "Unconstrained build operations Thread 119"        [_thread_blocked, id=23152, stack(0x000000e901300000,0x000000e901400000) (1024K)]
  0x0000022c5c8e3240 JavaThread "Unconstrained build operations Thread 120"        [_thread_blocked, id=23548, stack(0x000000e901400000,0x000000e901500000) (1024K)]
  0x0000022c5b040410 JavaThread "jar transforms Thread 4"           [_thread_blocked, id=22064, stack(0x000000e901500000,0x000000e901600000) (1024K)]
  0x0000022c5b041130 JavaThread "jar transforms Thread 5"           [_thread_blocked, id=10464, stack(0x000000e901600000,0x000000e901700000) (1024K)]
  0x0000022c5b0417c0 JavaThread "jar transforms Thread 6"           [_thread_blocked, id=9732, stack(0x000000e901700000,0x000000e901800000) (1024K)]
  0x0000022c59e9b370 JavaThread "Problems report writer"            [_thread_blocked, id=13036, stack(0x000000e901900000,0x000000e901a00000) (1024K)]
  0x0000022c59e98c10 JavaThread "build event listener"              [_thread_blocked, id=9380, stack(0x000000e901a00000,0x000000e901b00000) (1024K)]
  0x0000022c59e9a650 JavaThread "jar transforms Thread 7"           [_thread_blocked, id=6152, stack(0x000000e901b00000,0x000000e901c00000) (1024K)]
  0x0000022c59e9c090 JavaThread "jar transforms Thread 8"           [_thread_blocked, id=24676, stack(0x000000e901c00000,0x000000e901d00000) (1024K)]
  0x0000022c59ea43d0 JavaThread "jar transforms Thread 9"           [_thread_blocked, id=18748, stack(0x000000e901d00000,0x000000e901e00000) (1024K)]
  0x0000022c59ea4a60 JavaThread "jar transforms Thread 10"          [_thread_blocked, id=9228, stack(0x000000e901e00000,0x000000e901f00000) (1024K)]
  0x0000022c59ea1c70 JavaThread "jar transforms Thread 11"          [_thread_blocked, id=18208, stack(0x000000e901f00000,0x000000e902000000) (1024K)]
  0x0000022c59ea36b0 JavaThread "jar transforms Thread 12"          [_thread_blocked, id=20608, stack(0x000000e902000000,0x000000e902100000) (1024K)]
  0x0000022c5d34bde0 JavaThread "Exec process"                      [_thread_blocked, id=24588, stack(0x000000e902100000,0x000000e902200000) (1024K)]
  0x0000022c5d34f260 JavaThread "Exec process Thread 2"             [_thread_blocked, id=24816, stack(0x000000e902200000,0x000000e902300000) (1024K)]
  0x0000022c5d34ebd0 JavaThread "Exec process Thread 3"             [_thread_blocked, id=2244, stack(0x000000e902300000,0x000000e902400000) (1024K)]
  0x0000022c5d340cb0 JavaThread "ForkJoinPool.commonPool-worker-11" daemon [_thread_blocked, id=25584, stack(0x000000e902400000,0x000000e902500000) (1024K)]
  0x0000022c5d340620 JavaThread "ForkJoinPool.commonPool-worker-12" daemon [_thread_blocked, id=21948, stack(0x000000e902500000,0x000000e902600000) (1024K)]
  0x0000022c5d605dc0 JavaThread "Cache worker for execution history cache (C:\Users\ADMIN\Desktop\3rd Year\CAPSTONE\capstone_mobile\android\.gradle\8.13\executionHistory)"        [_thread_blocked, id=22028, stack(0x000000e902700000,0x000000e902800000) (1024K)]
  0x0000022c5d5ff4c0 JavaThread "Exec process Thread 4"             [_thread_blocked, id=12628, stack(0x000000e902800000,0x000000e902900000) (1024K)]
  0x0000022c5d604a10 JavaThread "Exec process Thread 5"             [_thread_blocked, id=18780, stack(0x000000e902900000,0x000000e902a00000) (1024K)]
  0x0000022c5d605730 JavaThread "Exec process Thread 6"             [_thread_blocked, id=8780, stack(0x000000e902a00000,0x000000e902b00000) (1024K)]
  0x0000022c5d606450 JavaThread "Exec process Thread 7"             [_thread_blocked, id=12180, stack(0x000000e902b00000,0x000000e902c00000) (1024K)]
  0x0000022c5d6050a0 JavaThread "Exec process Thread 8"             [_thread_blocked, id=24928, stack(0x000000e902c00000,0x000000e902d00000) (1024K)]
  0x0000022c5d603cf0 JavaThread "Exec process Thread 9"             [_thread_blocked, id=19184, stack(0x000000e902d00000,0x000000e902e00000) (1024K)]
  0x0000022c5d604380 JavaThread "Exec process Thread 10"            [_thread_blocked, id=24860, stack(0x000000e902e00000,0x000000e902f00000) (1024K)]
  0x0000022c5d603660 JavaThread "Exec process Thread 11"            [_thread_blocked, id=24692, stack(0x000000e902f00000,0x000000e903000000) (1024K)]
  0x0000022c5d3426f0 JavaThread "Exec process Thread 12"            [_thread_blocked, id=22888, stack(0x000000e903000000,0x000000e903100000) (1024K)]
  0x0000022c6502f590 JavaThread "Exec process Thread 13"            [_thread_blocked, id=24424, stack(0x000000e903100000,0x000000e903200000) (1024K)]
  0x0000022c65032a10 JavaThread "Exec process Thread 14"            [_thread_blocked, id=24024, stack(0x000000e903200000,0x000000e903300000) (1024K)]
  0x0000022c650330a0 JavaThread "Exec process Thread 15"            [_thread_blocked, id=19960, stack(0x000000e903300000,0x000000e903400000) (1024K)]
  0x0000022c65032380 JavaThread "Exec process Thread 16"            [_thread_blocked, id=19236, stack(0x000000e903400000,0x000000e903500000) (1024K)]
  0x0000022c6502fc20 JavaThread "Exec process Thread 17"            [_thread_blocked, id=4536, stack(0x000000e903500000,0x000000e903600000) (1024K)]
  0x0000022c650302b0 JavaThread "Exec process Thread 18"            [_thread_blocked, id=19380, stack(0x000000e903600000,0x000000e903700000) (1024K)]
  0x0000022c65031cf0 JavaThread "WorkerExecutor Queue"              [_thread_blocked, id=24112, stack(0x000000e903700000,0x000000e903800000) (1024K)]
  0x0000022c65030940 JavaThread "WorkerExecutor Queue Thread 2"        [_thread_blocked, id=22504, stack(0x000000e903800000,0x000000e903900000) (1024K)]
  0x0000022c65030fd0 JavaThread "Exec process Thread 19"            [_thread_blocked, id=23168, stack(0x000000e903900000,0x000000e903a00000) (1024K)]
  0x0000022c65031660 JavaThread "Exec process Thread 20"            [_thread_blocked, id=3436, stack(0x000000e903a00000,0x000000e903b00000) (1024K)]
  0x0000022c65033730 JavaThread "Exec process Thread 21"            [_thread_blocked, id=24208, stack(0x000000e903b00000,0x000000e903c00000) (1024K)]
  0x0000022c65035800 JavaThread "Exec process Thread 22"            [_thread_blocked, id=6536, stack(0x000000e903c00000,0x000000e903d00000) (1024K)]
  0x0000022c65035e90 JavaThread "Exec process Thread 23"            [_thread_blocked, id=25088, stack(0x000000e903d00000,0x000000e903e00000) (1024K)]
  0x0000022c65036520 JavaThread "Exec process Thread 24"            [_thread_blocked, id=23908, stack(0x000000e903e00000,0x000000e903f00000) (1024K)]
  0x0000022c65035170 JavaThread "Exec process Thread 25"            [_thread_blocked, id=21552, stack(0x000000e903f00000,0x000000e904000000) (1024K)]
  0x0000022c65036bb0 JavaThread "Exec process Thread 26"            [_thread_blocked, id=22076, stack(0x000000e904000000,0x000000e904100000) (1024K)]
  0x0000022c65037240 JavaThread "Exec process Thread 27"            [_thread_blocked, id=24480, stack(0x000000e904100000,0x000000e904200000) (1024K)]
  0x0000022c65033dc0 JavaThread "Exec process Thread 28"            [_thread_blocked, id=24968, stack(0x000000e904200000,0x000000e904300000) (1024K)]
  0x0000022c650378d0 JavaThread "Exec process Thread 29"            [_thread_blocked, id=25060, stack(0x000000e904300000,0x000000e904400000) (1024K)]
  0x0000022c65034450 JavaThread "Exec process Thread 30"            [_thread_blocked, id=23128, stack(0x000000e904400000,0x000000e904500000) (1024K)]
  0x0000022c65037f60 JavaThread "Exec process Thread 31"            [_thread_blocked, id=24228, stack(0x000000e904500000,0x000000e904600000) (1024K)]
  0x0000022c65034ae0 JavaThread "Exec process Thread 32"            [_thread_blocked, id=22336, stack(0x000000e904600000,0x000000e904700000) (1024K)]
  0x0000022c650399a0 JavaThread "Exec process Thread 33"            [_thread_blocked, id=24756, stack(0x000000e904700000,0x000000e904800000) (1024K)]
  0x0000022c6503ad50 JavaThread "WorkerExecutor Queue Thread 3"        [_thread_blocked, id=24888, stack(0x000000e904a00000,0x000000e904b00000) (1024K)]
  0x0000022c6503b3e0 JavaThread "WorkerExecutor Queue Thread 4"        [_thread_blocked, id=1548, stack(0x000000e904b00000,0x000000e904c00000) (1024K)]
  0x0000022c6503ba70 JavaThread "WorkerExecutor Queue Thread 5"        [_thread_blocked, id=24240, stack(0x000000e904c00000,0x000000e904d00000) (1024K)]
  0x0000022c650385f0 JavaThread "WorkerExecutor Queue Thread 6"        [_thread_blocked, id=16272, stack(0x000000e904d00000,0x000000e904e00000) (1024K)]
  0x0000022c6503c100 JavaThread "WorkerExecutor Queue Thread 7"        [_thread_blocked, id=18948, stack(0x000000e904e00000,0x000000e904f00000) (1024K)]
  0x0000022c65049990 JavaThread "WorkerExecutor Queue Thread 8"        [_thread_blocked, id=9964, stack(0x000000e901800000,0x000000e901900000) (1024K)]
  0x0000022c6504b3d0 JavaThread "WorkerExecutor Queue Thread 9"        [_thread_blocked, id=10172, stack(0x000000e905000000,0x000000e905100000) (1024K)]
  0x0000022c6504ad40 JavaThread "WorkerExecutor Queue Thread 10"        [_thread_blocked, id=22416, stack(0x000000e905100000,0x000000e905200000) (1024K)]
  0x0000022c6504ba60 JavaThread "WorkerExecutor Queue Thread 11"        [_thread_blocked, id=4276, stack(0x000000e905200000,0x000000e905300000) (1024K)]
  0x0000022c6504c780 JavaThread "WorkerExecutor Queue Thread 12"        [_thread_blocked, id=15572, stack(0x000000e905300000,0x000000e905400000) (1024K)]
Total: 242

Other Threads:
  0x0000022c4f9ce6c0 VMThread "VM Thread"                           [id=10624, stack(0x000000e975000000,0x000000e975100000) (1024K)] _threads_hazard_ptr=0x0000022c597048c0
  0x0000022c4f997050 WatcherThread "VM Periodic Task Thread"        [id=17756, stack(0x000000e974f00000,0x000000e975000000) (1024K)]
  0x0000022c3608c1f0 WorkerThread "GC Thread#0"                     [id=21564, stack(0x000000e974a00000,0x000000e974b00000) (1024K)]
  0x0000022c552ac870 WorkerThread "GC Thread#1"                     [id=9564, stack(0x000000e975d00000,0x000000e975e00000) (1024K)]
  0x0000022c552e4bd0 WorkerThread "GC Thread#2"                     [id=364, stack(0x000000e975e00000,0x000000e975f00000) (1024K)]
  0x0000022c55334cf0 WorkerThread "GC Thread#3"                     [id=4996, stack(0x000000e975f00000,0x000000e976000000) (1024K)]
  0x0000022c55335ca0 WorkerThread "GC Thread#4"                     [id=7800, stack(0x000000e976000000,0x000000e976100000) (1024K)]
  0x0000022c55336040 WorkerThread "GC Thread#5"                     [id=21608, stack(0x000000e976100000,0x000000e976200000) (1024K)]
  0x0000022c56ceaa50 WorkerThread "GC Thread#6"                     [id=21112, stack(0x000000e976400000,0x000000e976500000) (1024K)]
  0x0000022c56ceadf0 WorkerThread "GC Thread#7"                     [id=12768, stack(0x000000e976500000,0x000000e976600000) (1024K)]
  0x0000022c56da0c70 WorkerThread "GC Thread#8"                     [id=10444, stack(0x000000e976600000,0x000000e976700000) (1024K)]
  0x0000022c56da1750 WorkerThread "GC Thread#9"                     [id=15328, stack(0x000000e976700000,0x000000e976800000) (1024K)]
  0x0000022c3609da50 ConcurrentGCThread "G1 Main Marker"            [id=15576, stack(0x000000e974b00000,0x000000e974c00000) (1024K)]
  0x0000022c3609fff0 WorkerThread "G1 Conc#0"                       [id=24792, stack(0x000000e974c00000,0x000000e974d00000) (1024K)]
  0x0000022c56da1010 WorkerThread "G1 Conc#1"                       [id=16600, stack(0x000000e977000000,0x000000e977100000) (1024K)]
  0x0000022c56da1af0 WorkerThread "G1 Conc#2"                       [id=21924, stack(0x000000e977100000,0x000000e977200000) (1024K)]
  0x0000022c4f858470 ConcurrentGCThread "G1 Refine#0"               [id=24144, stack(0x000000e974d00000,0x000000e974e00000) (1024K)]
  0x0000022c4f8589a0 ConcurrentGCThread "G1 Service"                [id=24412, stack(0x000000e974e00000,0x000000e974f00000) (1024K)]
Total: 18

Threads with active compile tasks:
Total: 0

VM state: not at safepoint (normal execution)

VM Mutex/Monitor currently owned by a thread:  ([mutex/lock_event])
[0x00007ffd43d0d460] Heap_lock - owner thread: 0x0000022c5936be70

Heap address: 0x0000000700000000, size: 4096 MB, Compressed Oops mode: Zero based, Oop shift amount: 3

CDS archive(s) not mapped
Compressed class space mapped at: 0x0000000800000000-0x0000000834000000, reserved size: 872415232
Narrow klass base: 0x0000000800000000, Narrow klass shift: 0, Narrow klass range: 0x34000000

GC Precious Log:
 CardTable entry size: 512
 Card Set container configuration: InlinePtr #cards 4 size 8 Array Of Cards #cards 16 size 48 Howl #buckets 8 coarsen threshold 3686 Howl Bitmap #cards 512 size 80 coarsen threshold 460 Card regions per heap region 1 cards per card region 4096
 CPUs: 12 total, 12 available
 Memory: 16273M
 Large Page Support: Disabled
 NUMA Support: Disabled
 Compressed Oops: Enabled (Zero based)
 Heap Region Size: 2M
 Heap Min Capacity: 8M
 Heap Initial Capacity: 256M
 Heap Max Capacity: 4G
 Pre-touch: Disabled
 Parallel Workers: 10
 Concurrent Workers: 3
 Concurrent Refinement Workers: 10
 Periodic GC: Disabled

Heap:
 garbage-first heap   total 3227648K, used 2946647K [0x0000000700000000, 0x0000000800000000)
  region size 2048K, 42 young (86016K), 18 survivors (36864K)
 Metaspace       used 147125K, committed 150080K, reserved 983040K
  class space    used 19894K, committed 21312K, reserved 851968K

Heap Regions: E=young(eden), S=young(survivor), O=old, HS=humongous(starts), HC=humongous(continues), CS=collection set, F=free, TAMS=top-at-mark-start, PB=parsable bottom
|   0|0x0000000700000000, 0x0000000700200000, 0x0000000700200000|100%|HS|  |TAMS 0x0000000700000000| PB 0x0000000700000000| Complete 
|   1|0x0000000700200000, 0x0000000700400000, 0x0000000700400000|100%|HC|  |TAMS 0x0000000700200000| PB 0x0000000700200000| Complete 
|   2|0x0000000700400000, 0x0000000700600000, 0x0000000700600000|100%| O|  |TAMS 0x0000000700400000| PB 0x0000000700400000| Untracked 
|   3|0x0000000700600000, 0x0000000700800000, 0x0000000700800000|100%| O|  |TAMS 0x0000000700600000| PB 0x0000000700600000| Untracked 
|   4|0x0000000700800000, 0x0000000700a00000, 0x0000000700a00000|100%| O|  |TAMS 0x0000000700800000| PB 0x0000000700800000| Untracked 
|   5|0x0000000700a00000, 0x0000000700c00000, 0x0000000700c00000|100%| O|  |TAMS 0x0000000700a00000| PB 0x0000000700a00000| Untracked 
|   6|0x0000000700c00000, 0x0000000700e00000, 0x0000000700e00000|100%| O|  |TAMS 0x0000000700c00000| PB 0x0000000700c00000| Untracked 
|   7|0x0000000700e00000, 0x0000000701000000, 0x0000000701000000|100%| O|  |TAMS 0x0000000700e00000| PB 0x0000000700e00000| Untracked 
|   8|0x0000000701000000, 0x0000000701200000, 0x0000000701200000|100%| O|  |TAMS 0x0000000701000000| PB 0x0000000701000000| Untracked 
|   9|0x0000000701200000, 0x0000000701400000, 0x0000000701400000|100%| O|  |TAMS 0x0000000701200000| PB 0x0000000701200000| Untracked 
|  10|0x0000000701400000, 0x0000000701600000, 0x0000000701600000|100%| O|  |TAMS 0x0000000701400000| PB 0x0000000701400000| Untracked 
|  11|0x0000000701600000, 0x0000000701800000, 0x0000000701800000|100%| O|  |TAMS 0x0000000701600000| PB 0x0000000701600000| Untracked 
|  12|0x0000000701800000, 0x0000000701a00000, 0x0000000701a00000|100%| O|  |TAMS 0x0000000701800000| PB 0x0000000701800000| Untracked 
|  13|0x0000000701a00000, 0x0000000701c00000, 0x0000000701c00000|100%| O|  |TAMS 0x0000000701a00000| PB 0x0000000701a00000| Untracked 
|  14|0x0000000701c00000, 0x0000000701e00000, 0x0000000701e00000|100%| O|  |TAMS 0x0000000701c00000| PB 0x0000000701c00000| Untracked 
|  15|0x0000000701e00000, 0x0000000702000000, 0x0000000702000000|100%| O|  |TAMS 0x0000000701e00000| PB 0x0000000701e00000| Untracked 
|  16|0x0000000702000000, 0x0000000702200000, 0x0000000702200000|100%| O|  |TAMS 0x0000000702000000| PB 0x0000000702000000| Untracked 
|  17|0x0000000702200000, 0x0000000702400000, 0x0000000702400000|100%| O|  |TAMS 0x0000000702200000| PB 0x0000000702200000| Untracked 
|  18|0x0000000702400000, 0x0000000702600000, 0x0000000702600000|100%| O|  |TAMS 0x0000000702400000| PB 0x0000000702400000| Untracked 
|  19|0x0000000702600000, 0x0000000702800000, 0x0000000702800000|100%| O|  |TAMS 0x0000000702600000| PB 0x0000000702600000| Untracked 
|  20|0x0000000702800000, 0x0000000702a00000, 0x0000000702a00000|100%| O|  |TAMS 0x0000000702800000| PB 0x0000000702800000| Untracked 
|  21|0x0000000702a00000, 0x0000000702c00000, 0x0000000702c00000|100%| O|  |TAMS 0x0000000702a00000| PB 0x0000000702a00000| Untracked 
|  22|0x0000000702c00000, 0x0000000702e00000, 0x0000000702e00000|100%| O|  |TAMS 0x0000000702c00000| PB 0x0000000702c00000| Untracked 
|  23|0x0000000702e00000, 0x0000000703000000, 0x0000000703000000|100%| O|  |TAMS 0x0000000702e00000| PB 0x0000000702e00000| Untracked 
|  24|0x0000000703000000, 0x0000000703200000, 0x0000000703200000|100%|HS|  |TAMS 0x0000000703000000| PB 0x0000000703000000| Complete 
|  25|0x0000000703200000, 0x0000000703400000, 0x0000000703400000|100%|HS|  |TAMS 0x0000000703200000| PB 0x0000000703200000| Complete 
|  26|0x0000000703400000, 0x0000000703600000, 0x0000000703600000|100%|HC|  |TAMS 0x0000000703400000| PB 0x0000000703400000| Complete 
|  27|0x0000000703600000, 0x0000000703800000, 0x0000000703800000|100%|HS|  |TAMS 0x0000000703600000| PB 0x0000000703600000| Complete 
|  28|0x0000000703800000, 0x0000000703a00000, 0x0000000703a00000|100%| O|  |TAMS 0x0000000703800000| PB 0x0000000703800000| Untracked 
|  29|0x0000000703a00000, 0x0000000703c00000, 0x0000000703c00000|100%| O|  |TAMS 0x0000000703a00000| PB 0x0000000703a00000| Untracked 
|  30|0x0000000703c00000, 0x0000000703e00000, 0x0000000703e00000|100%| O|  |TAMS 0x0000000703c00000| PB 0x0000000703c00000| Untracked 
|  31|0x0000000703e00000, 0x0000000704000000, 0x0000000704000000|100%|HS|  |TAMS 0x0000000703e00000| PB 0x0000000703e00000| Complete 
|  32|0x0000000704000000, 0x0000000704200000, 0x0000000704200000|100%|HC|  |TAMS 0x0000000704000000| PB 0x0000000704000000| Complete 
|  33|0x0000000704200000, 0x0000000704400000, 0x0000000704400000|100%| O|  |TAMS 0x0000000704200000| PB 0x0000000704200000| Untracked 
|  34|0x0000000704400000, 0x0000000704600000, 0x0000000704600000|100%|HS|  |TAMS 0x0000000704400000| PB 0x0000000704400000| Complete 
|  35|0x0000000704600000, 0x0000000704800000, 0x0000000704800000|100%| O|  |TAMS 0x0000000704600000| PB 0x0000000704600000| Untracked 
|  36|0x0000000704800000, 0x0000000704a00000, 0x0000000704a00000|100%| O|  |TAMS 0x0000000704800000| PB 0x0000000704800000| Untracked 
|  37|0x0000000704a00000, 0x0000000704c00000, 0x0000000704c00000|100%| O|  |TAMS 0x0000000704a00000| PB 0x0000000704a00000| Untracked 
|  38|0x0000000704c00000, 0x0000000704e00000, 0x0000000704e00000|100%| O|  |TAMS 0x0000000704c00000| PB 0x0000000704c00000| Untracked 
|  39|0x0000000704e00000, 0x0000000705000000, 0x0000000705000000|100%| O|  |TAMS 0x0000000704e00000| PB 0x0000000704e00000| Untracked 
|  40|0x0000000705000000, 0x0000000705200000, 0x0000000705200000|100%| O|  |TAMS 0x0000000705000000| PB 0x0000000705000000| Untracked 
|  41|0x0000000705200000, 0x0000000705400000, 0x0000000705400000|100%| O|  |TAMS 0x0000000705200000| PB 0x0000000705200000| Untracked 
|  42|0x0000000705400000, 0x0000000705600000, 0x0000000705600000|100%| O|  |TAMS 0x0000000705400000| PB 0x0000000705400000| Untracked 
|  43|0x0000000705600000, 0x0000000705800000, 0x0000000705800000|100%| O|  |TAMS 0x0000000705600000| PB 0x0000000705600000| Untracked 
|  44|0x0000000705800000, 0x0000000705a00000, 0x0000000705a00000|100%| O|  |TAMS 0x0000000705800000| PB 0x0000000705800000| Untracked 
|  45|0x0000000705a00000, 0x0000000705c00000, 0x0000000705c00000|100%| O|  |TAMS 0x0000000705a00000| PB 0x0000000705a00000| Untracked 
|  46|0x0000000705c00000, 0x0000000705e00000, 0x0000000705e00000|100%| O|  |TAMS 0x0000000705c00000| PB 0x0000000705c00000| Untracked 
|  47|0x0000000705e00000, 0x0000000706000000, 0x0000000706000000|100%| O|  |TAMS 0x0000000705e00000| PB 0x0000000705e00000| Untracked 
|  48|0x0000000706000000, 0x0000000706200000, 0x0000000706200000|100%| O|  |TAMS 0x0000000706000000| PB 0x0000000706000000| Untracked 
|  49|0x0000000706200000, 0x0000000706400000, 0x0000000706400000|100%| O|Cm|TAMS 0x0000000706200000| PB 0x0000000706200000| Complete 
|  50|0x0000000706400000, 0x0000000706600000, 0x0000000706600000|100%| O|  |TAMS 0x0000000706400000| PB 0x0000000706400000| Untracked 
|  51|0x0000000706600000, 0x0000000706800000, 0x0000000706800000|100%| O|  |TAMS 0x0000000706600000| PB 0x0000000706600000| Untracked 
|  52|0x0000000706800000, 0x0000000706a00000, 0x0000000706a00000|100%| O|  |TAMS 0x0000000706800000| PB 0x0000000706800000| Untracked 
|  53|0x0000000706a00000, 0x0000000706c00000, 0x0000000706c00000|100%| O|  |TAMS 0x0000000706a00000| PB 0x0000000706a00000| Untracked 
|  54|0x0000000706c00000, 0x0000000706e00000, 0x0000000706e00000|100%| O|  |TAMS 0x0000000706c00000| PB 0x0000000706c00000| Untracked 
|  55|0x0000000706e00000, 0x0000000707000000, 0x0000000707000000|100%| O|  |TAMS 0x0000000706e00000| PB 0x0000000706e00000| Untracked 
|  56|0x0000000707000000, 0x0000000707200000, 0x0000000707200000|100%| O|  |TAMS 0x0000000707000000| PB 0x0000000707000000| Untracked 
|  57|0x0000000707200000, 0x0000000707400000, 0x0000000707400000|100%| O|  |TAMS 0x0000000707200000| PB 0x0000000707200000| Untracked 
|  58|0x0000000707400000, 0x0000000707600000, 0x0000000707600000|100%| O|  |TAMS 0x0000000707400000| PB 0x0000000707400000| Untracked 
|  59|0x0000000707600000, 0x0000000707800000, 0x0000000707800000|100%| O|  |TAMS 0x0000000707600000| PB 0x0000000707600000| Untracked 
|  60|0x0000000707800000, 0x0000000707a00000, 0x0000000707a00000|100%| O|  |TAMS 0x0000000707800000| PB 0x0000000707800000| Untracked 
|  61|0x0000000707a00000, 0x0000000707c00000, 0x0000000707c00000|100%| O|  |TAMS 0x0000000707a00000| PB 0x0000000707a00000| Untracked 
|  62|0x0000000707c00000, 0x0000000707e00000, 0x0000000707e00000|100%| O|  |TAMS 0x0000000707c00000| PB 0x0000000707c00000| Untracked 
|  63|0x0000000707e00000, 0x0000000708000000, 0x0000000708000000|100%| O|  |TAMS 0x0000000707e00000| PB 0x0000000707e00000| Untracked 
|  64|0x0000000708000000, 0x0000000708200000, 0x0000000708200000|100%|HS|  |TAMS 0x0000000708000000| PB 0x0000000708000000| Complete 
|  65|0x0000000708200000, 0x0000000708400000, 0x0000000708400000|100%| O|  |TAMS 0x0000000708200000| PB 0x0000000708200000| Untracked 
|  66|0x0000000708400000, 0x0000000708600000, 0x0000000708600000|100%| O|  |TAMS 0x0000000708400000| PB 0x0000000708400000| Untracked 
|  67|0x0000000708600000, 0x0000000708800000, 0x0000000708800000|100%|HS|  |TAMS 0x0000000708600000| PB 0x0000000708600000| Complete 
|  68|0x0000000708800000, 0x0000000708a00000, 0x0000000708a00000|100%|HC|  |TAMS 0x0000000708800000| PB 0x0000000708800000| Complete 
|  69|0x0000000708a00000, 0x0000000708c00000, 0x0000000708c00000|100%| O|  |TAMS 0x0000000708a00000| PB 0x0000000708a00000| Untracked 
|  70|0x0000000708c00000, 0x0000000708e00000, 0x0000000708e00000|100%| O|  |TAMS 0x0000000708c00000| PB 0x0000000708c00000| Untracked 
|  71|0x0000000708e00000, 0x0000000709000000, 0x0000000709000000|100%| O|  |TAMS 0x0000000708e00000| PB 0x0000000708e00000| Untracked 
|  72|0x0000000709000000, 0x0000000709200000, 0x0000000709200000|100%| O|  |TAMS 0x0000000709000000| PB 0x0000000709000000| Untracked 
|  73|0x0000000709200000, 0x0000000709400000, 0x0000000709400000|100%| O|  |TAMS 0x0000000709200000| PB 0x0000000709200000| Untracked 
|  74|0x0000000709400000, 0x0000000709600000, 0x0000000709600000|100%| O|  |TAMS 0x0000000709400000| PB 0x0000000709400000| Untracked 
|  75|0x0000000709600000, 0x0000000709800000, 0x0000000709800000|100%| O|  |TAMS 0x0000000709600000| PB 0x0000000709600000| Untracked 
|  76|0x0000000709800000, 0x0000000709a00000, 0x0000000709a00000|100%| O|  |TAMS 0x0000000709800000| PB 0x0000000709800000| Untracked 
|  77|0x0000000709a00000, 0x0000000709c00000, 0x0000000709c00000|100%| O|  |TAMS 0x0000000709a00000| PB 0x0000000709a00000| Untracked 
|  78|0x0000000709c00000, 0x0000000709e00000, 0x0000000709e00000|100%| O|  |TAMS 0x0000000709c00000| PB 0x0000000709c00000| Untracked 
|  79|0x0000000709e00000, 0x000000070a000000, 0x000000070a000000|100%| O|  |TAMS 0x0000000709e00000| PB 0x0000000709e00000| Untracked 
|  80|0x000000070a000000, 0x000000070a200000, 0x000000070a200000|100%| O|  |TAMS 0x000000070a000000| PB 0x000000070a000000| Untracked 
|  81|0x000000070a200000, 0x000000070a400000, 0x000000070a400000|100%| O|  |TAMS 0x000000070a200000| PB 0x000000070a200000| Untracked 
|  82|0x000000070a400000, 0x000000070a600000, 0x000000070a600000|100%| O|  |TAMS 0x000000070a400000| PB 0x000000070a400000| Untracked 
|  83|0x000000070a600000, 0x000000070a800000, 0x000000070a800000|100%| O|  |TAMS 0x000000070a600000| PB 0x000000070a600000| Untracked 
|  84|0x000000070a800000, 0x000000070aa00000, 0x000000070aa00000|100%| O|  |TAMS 0x000000070a800000| PB 0x000000070a800000| Untracked 
|  85|0x000000070aa00000, 0x000000070ac00000, 0x000000070ac00000|100%| O|  |TAMS 0x000000070aa00000| PB 0x000000070aa00000| Untracked 
|  86|0x000000070ac00000, 0x000000070ae00000, 0x000000070ae00000|100%| O|  |TAMS 0x000000070ac00000| PB 0x000000070ac00000| Untracked 
|  87|0x000000070ae00000, 0x000000070b000000, 0x000000070b000000|100%| O|  |TAMS 0x000000070ae00000| PB 0x000000070ae00000| Untracked 
|  88|0x000000070b000000, 0x000000070b200000, 0x000000070b200000|100%| O|  |TAMS 0x000000070b000000| PB 0x000000070b000000| Untracked 
|  89|0x000000070b200000, 0x000000070b400000, 0x000000070b400000|100%| O|  |TAMS 0x000000070b200000| PB 0x000000070b200000| Untracked 
|  90|0x000000070b400000, 0x000000070b600000, 0x000000070b600000|100%| O|  |TAMS 0x000000070b400000| PB 0x000000070b400000| Untracked 
|  91|0x000000070b600000, 0x000000070b800000, 0x000000070b800000|100%|HS|  |TAMS 0x000000070b600000| PB 0x000000070b600000| Complete 
|  92|0x000000070b800000, 0x000000070ba00000, 0x000000070ba00000|100%| O|  |TAMS 0x000000070b800000| PB 0x000000070b800000| Untracked 
|  93|0x000000070ba00000, 0x000000070bc00000, 0x000000070bc00000|100%| O|  |TAMS 0x000000070ba00000| PB 0x000000070ba00000| Untracked 
|  94|0x000000070bc00000, 0x000000070be00000, 0x000000070be00000|100%| O|  |TAMS 0x000000070bc00000| PB 0x000000070bc00000| Untracked 
|  95|0x000000070be00000, 0x000000070c000000, 0x000000070c000000|100%| O|  |TAMS 0x000000070be00000| PB 0x000000070be00000| Untracked 
|  96|0x000000070c000000, 0x000000070c200000, 0x000000070c200000|100%| O|  |TAMS 0x000000070c000000| PB 0x000000070c000000| Untracked 
|  97|0x000000070c200000, 0x000000070c400000, 0x000000070c400000|100%| O|  |TAMS 0x000000070c200000| PB 0x000000070c200000| Untracked 
|  98|0x000000070c400000, 0x000000070c600000, 0x000000070c600000|100%| O|  |TAMS 0x000000070c400000| PB 0x000000070c400000| Untracked 
|  99|0x000000070c600000, 0x000000070c800000, 0x000000070c800000|100%| O|  |TAMS 0x000000070c600000| PB 0x000000070c600000| Untracked 
| 100|0x000000070c800000, 0x000000070ca00000, 0x000000070ca00000|100%| O|  |TAMS 0x000000070c800000| PB 0x000000070c800000| Untracked 
| 101|0x000000070ca00000, 0x000000070cc00000, 0x000000070cc00000|100%| O|  |TAMS 0x000000070ca00000| PB 0x000000070ca00000| Untracked 
| 102|0x000000070cc00000, 0x000000070ce00000, 0x000000070ce00000|100%| O|  |TAMS 0x000000070cc00000| PB 0x000000070cc00000| Untracked 
| 103|0x000000070ce00000, 0x000000070d000000, 0x000000070d000000|100%| O|  |TAMS 0x000000070ce00000| PB 0x000000070ce00000| Untracked 
| 104|0x000000070d000000, 0x000000070d200000, 0x000000070d200000|100%|HS|  |TAMS 0x000000070d000000| PB 0x000000070d000000| Complete 
| 105|0x000000070d200000, 0x000000070d400000, 0x000000070d400000|100%| O|  |TAMS 0x000000070d200000| PB 0x000000070d200000| Untracked 
| 106|0x000000070d400000, 0x000000070d600000, 0x000000070d600000|100%| O|  |TAMS 0x000000070d400000| PB 0x000000070d400000| Untracked 
| 107|0x000000070d600000, 0x000000070d800000, 0x000000070d800000|100%| O|  |TAMS 0x000000070d600000| PB 0x000000070d600000| Untracked 
| 108|0x000000070d800000, 0x000000070da00000, 0x000000070da00000|100%| O|  |TAMS 0x000000070d800000| PB 0x000000070d800000| Untracked 
| 109|0x000000070da00000, 0x000000070dc00000, 0x000000070dc00000|100%| O|  |TAMS 0x000000070da00000| PB 0x000000070da00000| Untracked 
| 110|0x000000070dc00000, 0x000000070de00000, 0x000000070de00000|100%| O|  |TAMS 0x000000070dc00000| PB 0x000000070dc00000| Untracked 
| 111|0x000000070de00000, 0x000000070e000000, 0x000000070e000000|100%| O|  |TAMS 0x000000070de00000| PB 0x000000070de00000| Untracked 
| 112|0x000000070e000000, 0x000000070e200000, 0x000000070e200000|100%| O|  |TAMS 0x000000070e000000| PB 0x000000070e000000| Untracked 
| 113|0x000000070e200000, 0x000000070e400000, 0x000000070e400000|100%| O|  |TAMS 0x000000070e200000| PB 0x000000070e200000| Untracked 
| 114|0x000000070e400000, 0x000000070e600000, 0x000000070e600000|100%| O|  |TAMS 0x000000070e400000| PB 0x000000070e400000| Untracked 
| 115|0x000000070e600000, 0x000000070e800000, 0x000000070e800000|100%| O|  |TAMS 0x000000070e600000| PB 0x000000070e600000| Untracked 
| 116|0x000000070e800000, 0x000000070ea00000, 0x000000070ea00000|100%| O|  |TAMS 0x000000070e800000| PB 0x000000070e800000| Untracked 
| 117|0x000000070ea00000, 0x000000070ec00000, 0x000000070ec00000|100%| O|  |TAMS 0x000000070ea00000| PB 0x000000070ea00000| Untracked 
| 118|0x000000070ec00000, 0x000000070ee00000, 0x000000070ee00000|100%| O|  |TAMS 0x000000070ec00000| PB 0x000000070ec00000| Untracked 
| 119|0x000000070ee00000, 0x000000070f000000, 0x000000070f000000|100%| O|  |TAMS 0x000000070ee00000| PB 0x000000070ee00000| Untracked 
| 120|0x000000070f000000, 0x000000070f200000, 0x000000070f200000|100%| O|  |TAMS 0x000000070f000000| PB 0x000000070f000000| Untracked 
| 121|0x000000070f200000, 0x000000070f400000, 0x000000070f400000|100%| O|  |TAMS 0x000000070f200000| PB 0x000000070f200000| Untracked 
| 122|0x000000070f400000, 0x000000070f600000, 0x000000070f600000|100%| O|  |TAMS 0x000000070f400000| PB 0x000000070f400000| Untracked 
| 123|0x000000070f600000, 0x000000070f800000, 0x000000070f800000|100%| O|  |TAMS 0x000000070f600000| PB 0x000000070f600000| Untracked 
| 124|0x000000070f800000, 0x000000070fa00000, 0x000000070fa00000|100%| O|  |TAMS 0x000000070f800000| PB 0x000000070f800000| Untracked 
| 125|0x000000070fa00000, 0x000000070fc00000, 0x000000070fc00000|100%| O|  |TAMS 0x000000070fa00000| PB 0x000000070fa00000| Untracked 
| 126|0x000000070fc00000, 0x000000070fe00000, 0x000000070fe00000|100%| O|  |TAMS 0x000000070fc00000| PB 0x000000070fc00000| Untracked 
| 127|0x000000070fe00000, 0x0000000710000000, 0x0000000710000000|100%| O|  |TAMS 0x000000070fe00000| PB 0x000000070fe00000| Untracked 
| 128|0x0000000710000000, 0x0000000710200000, 0x0000000710200000|100%|HS|  |TAMS 0x0000000710000000| PB 0x0000000710000000| Complete 
| 129|0x0000000710200000, 0x0000000710400000, 0x0000000710400000|100%|HS|  |TAMS 0x0000000710200000| PB 0x0000000710200000| Complete 
| 130|0x0000000710400000, 0x0000000710600000, 0x0000000710600000|100%|HS|  |TAMS 0x0000000710400000| PB 0x0000000710400000| Complete 
| 131|0x0000000710600000, 0x0000000710800000, 0x0000000710800000|100%|HS|  |TAMS 0x0000000710600000| PB 0x0000000710600000| Complete 
| 132|0x0000000710800000, 0x0000000710a00000, 0x0000000710a00000|100%| O|  |TAMS 0x0000000710800000| PB 0x0000000710800000| Untracked 
| 133|0x0000000710a00000, 0x0000000710c00000, 0x0000000710c00000|100%| O|  |TAMS 0x0000000710a00000| PB 0x0000000710a00000| Untracked 
| 134|0x0000000710c00000, 0x0000000710e00000, 0x0000000710e00000|100%| O|  |TAMS 0x0000000710c00000| PB 0x0000000710c00000| Untracked 
| 135|0x0000000710e00000, 0x0000000711000000, 0x0000000711000000|100%| O|  |TAMS 0x0000000710e00000| PB 0x0000000710e00000| Untracked 
| 136|0x0000000711000000, 0x0000000711200000, 0x0000000711200000|100%| O|  |TAMS 0x0000000711000000| PB 0x0000000711000000| Untracked 
| 137|0x0000000711200000, 0x0000000711400000, 0x0000000711400000|100%| O|  |TAMS 0x0000000711200000| PB 0x0000000711200000| Untracked 
| 138|0x0000000711400000, 0x0000000711600000, 0x0000000711600000|100%| O|  |TAMS 0x0000000711400000| PB 0x0000000711400000| Untracked 
| 139|0x0000000711600000, 0x0000000711800000, 0x0000000711800000|100%| O|Cm|TAMS 0x0000000711600000| PB 0x0000000711600000| Complete 
| 140|0x0000000711800000, 0x0000000711a00000, 0x0000000711a00000|100%| O|  |TAMS 0x0000000711800000| PB 0x0000000711800000| Untracked 
| 141|0x0000000711a00000, 0x0000000711c00000, 0x0000000711c00000|100%| O|  |TAMS 0x0000000711a00000| PB 0x0000000711a00000| Untracked 
| 142|0x0000000711c00000, 0x0000000711e00000, 0x0000000711e00000|100%| O|Cm|TAMS 0x0000000711c00000| PB 0x0000000711c00000| Complete 
| 143|0x0000000711e00000, 0x0000000712000000, 0x0000000712000000|100%|HS|  |TAMS 0x0000000711e00000| PB 0x0000000711e00000| Complete 
| 144|0x0000000712000000, 0x0000000712200000, 0x0000000712200000|100%|HC|  |TAMS 0x0000000712000000| PB 0x0000000712000000| Complete 
| 145|0x0000000712200000, 0x0000000712400000, 0x0000000712400000|100%| O|  |TAMS 0x0000000712200000| PB 0x0000000712200000| Untracked 
| 146|0x0000000712400000, 0x0000000712600000, 0x0000000712600000|100%| O|  |TAMS 0x0000000712400000| PB 0x0000000712400000| Untracked 
| 147|0x0000000712600000, 0x0000000712800000, 0x0000000712800000|100%| O|  |TAMS 0x0000000712600000| PB 0x0000000712600000| Untracked 
| 148|0x0000000712800000, 0x0000000712a00000, 0x0000000712a00000|100%| O|  |TAMS 0x0000000712800000| PB 0x0000000712800000| Untracked 
| 149|0x0000000712a00000, 0x0000000712c00000, 0x0000000712c00000|100%| O|  |TAMS 0x0000000712a00000| PB 0x0000000712a00000| Untracked 
| 150|0x0000000712c00000, 0x0000000712e00000, 0x0000000712e00000|100%|HS|  |TAMS 0x0000000712c00000| PB 0x0000000712c00000| Complete 
| 151|0x0000000712e00000, 0x0000000713000000, 0x0000000713000000|100%|HC|  |TAMS 0x0000000712e00000| PB 0x0000000712e00000| Complete 
| 152|0x0000000713000000, 0x0000000713200000, 0x0000000713200000|100%|HC|  |TAMS 0x0000000713000000| PB 0x0000000713000000| Complete 
| 153|0x0000000713200000, 0x0000000713400000, 0x0000000713400000|100%|HS|  |TAMS 0x0000000713200000| PB 0x0000000713200000| Complete 
| 154|0x0000000713400000, 0x0000000713600000, 0x0000000713600000|100%|HC|  |TAMS 0x0000000713400000| PB 0x0000000713400000| Complete 
| 155|0x0000000713600000, 0x0000000713800000, 0x0000000713800000|100%|HC|  |TAMS 0x0000000713600000| PB 0x0000000713600000| Complete 
| 156|0x0000000713800000, 0x0000000713a00000, 0x0000000713a00000|100%|HC|  |TAMS 0x0000000713800000| PB 0x0000000713800000| Complete 
| 157|0x0000000713a00000, 0x0000000713c00000, 0x0000000713c00000|100%|HC|  |TAMS 0x0000000713a00000| PB 0x0000000713a00000| Complete 
| 158|0x0000000713c00000, 0x0000000713e00000, 0x0000000713e00000|100%|HS|  |TAMS 0x0000000713c00000| PB 0x0000000713c00000| Complete 
| 159|0x0000000713e00000, 0x0000000714000000, 0x0000000714000000|100%|HC|  |TAMS 0x0000000713e00000| PB 0x0000000713e00000| Complete 
| 160|0x0000000714000000, 0x0000000714200000, 0x0000000714200000|100%|HC|  |TAMS 0x0000000714000000| PB 0x0000000714000000| Complete 
| 161|0x0000000714200000, 0x0000000714400000, 0x0000000714400000|100%|HC|  |TAMS 0x0000000714200000| PB 0x0000000714200000| Complete 
| 162|0x0000000714400000, 0x0000000714600000, 0x0000000714600000|100%|HC|  |TAMS 0x0000000714400000| PB 0x0000000714400000| Complete 
| 163|0x0000000714600000, 0x0000000714800000, 0x0000000714800000|100%|HC|  |TAMS 0x0000000714600000| PB 0x0000000714600000| Complete 
| 164|0x0000000714800000, 0x0000000714a00000, 0x0000000714a00000|100%|HC|  |TAMS 0x0000000714800000| PB 0x0000000714800000| Complete 
| 165|0x0000000714a00000, 0x0000000714c00000, 0x0000000714c00000|100%|HC|  |TAMS 0x0000000714a00000| PB 0x0000000714a00000| Complete 
| 166|0x0000000714c00000, 0x0000000714e00000, 0x0000000714e00000|100%|HC|  |TAMS 0x0000000714c00000| PB 0x0000000714c00000| Complete 
| 167|0x0000000714e00000, 0x0000000715000000, 0x0000000715000000|100%|HS|  |TAMS 0x0000000714e00000| PB 0x0000000714e00000| Complete 
| 168|0x0000000715000000, 0x0000000715200000, 0x0000000715200000|100%|HC|  |TAMS 0x0000000715000000| PB 0x0000000715000000| Complete 
| 169|0x0000000715200000, 0x0000000715400000, 0x0000000715400000|100%|HS|  |TAMS 0x0000000715200000| PB 0x0000000715200000| Complete 
| 170|0x0000000715400000, 0x0000000715600000, 0x0000000715600000|100%|HC|  |TAMS 0x0000000715400000| PB 0x0000000715400000| Complete 
| 171|0x0000000715600000, 0x0000000715800000, 0x0000000715800000|100%|HC|  |TAMS 0x0000000715600000| PB 0x0000000715600000| Complete 
| 172|0x0000000715800000, 0x0000000715a00000, 0x0000000715a00000|100%|HS|  |TAMS 0x0000000715800000| PB 0x0000000715800000| Complete 
| 173|0x0000000715a00000, 0x0000000715c00000, 0x0000000715c00000|100%|HC|  |TAMS 0x0000000715a00000| PB 0x0000000715a00000| Complete 
| 174|0x0000000715c00000, 0x0000000715e00000, 0x0000000715e00000|100%|HS|  |TAMS 0x0000000715c00000| PB 0x0000000715c00000| Complete 
| 175|0x0000000715e00000, 0x0000000715e00000, 0x0000000716000000|  0%| F|  |TAMS 0x0000000715e00000| PB 0x0000000715e00000| Untracked 
| 176|0x0000000716000000, 0x0000000716200000, 0x0000000716200000|100%|HS|  |TAMS 0x0000000716000000| PB 0x0000000716000000| Complete 
| 177|0x0000000716200000, 0x0000000716400000, 0x0000000716400000|100%|HS|  |TAMS 0x0000000716200000| PB 0x0000000716200000| Complete 
| 178|0x0000000716400000, 0x0000000716600000, 0x0000000716600000|100%|HC|  |TAMS 0x0000000716400000| PB 0x0000000716400000| Complete 
| 179|0x0000000716600000, 0x0000000716800000, 0x0000000716800000|100%|HC|  |TAMS 0x0000000716600000| PB 0x0000000716600000| Complete 
| 180|0x0000000716800000, 0x0000000716a00000, 0x0000000716a00000|100%|HC|  |TAMS 0x0000000716800000| PB 0x0000000716800000| Complete 
| 181|0x0000000716a00000, 0x0000000716c00000, 0x0000000716c00000|100%|HC|  |TAMS 0x0000000716a00000| PB 0x0000000716a00000| Complete 
| 182|0x0000000716c00000, 0x0000000716e00000, 0x0000000716e00000|100%|HC|  |TAMS 0x0000000716c00000| PB 0x0000000716c00000| Complete 
| 183|0x0000000716e00000, 0x0000000717000000, 0x0000000717000000|100%|HC|  |TAMS 0x0000000716e00000| PB 0x0000000716e00000| Complete 
| 184|0x0000000717000000, 0x0000000717200000, 0x0000000717200000|100%|HC|  |TAMS 0x0000000717000000| PB 0x0000000717000000| Complete 
| 185|0x0000000717200000, 0x0000000717400000, 0x0000000717400000|100%|HC|  |TAMS 0x0000000717200000| PB 0x0000000717200000| Complete 
| 186|0x0000000717400000, 0x0000000717600000, 0x0000000717600000|100%|HC|  |TAMS 0x0000000717400000| PB 0x0000000717400000| Complete 
| 187|0x0000000717600000, 0x0000000717800000, 0x0000000717800000|100%|HC|  |TAMS 0x0000000717600000| PB 0x0000000717600000| Complete 
| 188|0x0000000717800000, 0x0000000717a00000, 0x0000000717a00000|100%|HS|  |TAMS 0x0000000717800000| PB 0x0000000717800000| Complete 
| 189|0x0000000717a00000, 0x0000000717c00000, 0x0000000717c00000|100%|HC|  |TAMS 0x0000000717a00000| PB 0x0000000717a00000| Complete 
| 190|0x0000000717c00000, 0x0000000717e00000, 0x0000000717e00000|100%|HC|  |TAMS 0x0000000717c00000| PB 0x0000000717c00000| Complete 
| 191|0x0000000717e00000, 0x0000000718000000, 0x0000000718000000|100%|HC|  |TAMS 0x0000000717e00000| PB 0x0000000717e00000| Complete 
| 192|0x0000000718000000, 0x0000000718200000, 0x0000000718200000|100%|HS|  |TAMS 0x0000000718000000| PB 0x0000000718000000| Complete 
| 193|0x0000000718200000, 0x0000000718400000, 0x0000000718400000|100%|HC|  |TAMS 0x0000000718200000| PB 0x0000000718200000| Complete 
| 194|0x0000000718400000, 0x0000000718600000, 0x0000000718600000|100%|HS|  |TAMS 0x0000000718400000| PB 0x0000000718400000| Complete 
| 195|0x0000000718600000, 0x0000000718800000, 0x0000000718800000|100%|HC|  |TAMS 0x0000000718600000| PB 0x0000000718600000| Complete 
| 196|0x0000000718800000, 0x0000000718a00000, 0x0000000718a00000|100%|HC|  |TAMS 0x0000000718800000| PB 0x0000000718800000| Complete 
| 197|0x0000000718a00000, 0x0000000718c00000, 0x0000000718c00000|100%|HC|  |TAMS 0x0000000718a00000| PB 0x0000000718a00000| Complete 
| 198|0x0000000718c00000, 0x0000000718e00000, 0x0000000718e00000|100%|HC|  |TAMS 0x0000000718c00000| PB 0x0000000718c00000| Complete 
| 199|0x0000000718e00000, 0x0000000719000000, 0x0000000719000000|100%|HC|  |TAMS 0x0000000718e00000| PB 0x0000000718e00000| Complete 
| 200|0x0000000719000000, 0x0000000719200000, 0x0000000719200000|100%|HC|  |TAMS 0x0000000719000000| PB 0x0000000719000000| Complete 
| 201|0x0000000719200000, 0x0000000719400000, 0x0000000719400000|100%|HC|  |TAMS 0x0000000719200000| PB 0x0000000719200000| Complete 
| 202|0x0000000719400000, 0x0000000719600000, 0x0000000719600000|100%|HC|  |TAMS 0x0000000719400000| PB 0x0000000719400000| Complete 
| 203|0x0000000719600000, 0x0000000719800000, 0x0000000719800000|100%|HC|  |TAMS 0x0000000719600000| PB 0x0000000719600000| Complete 
| 204|0x0000000719800000, 0x0000000719a00000, 0x0000000719a00000|100%|HC|  |TAMS 0x0000000719800000| PB 0x0000000719800000| Complete 
| 205|0x0000000719a00000, 0x0000000719c00000, 0x0000000719c00000|100%|HS|  |TAMS 0x0000000719a00000| PB 0x0000000719a00000| Complete 
| 206|0x0000000719c00000, 0x0000000719e00000, 0x0000000719e00000|100%|HC|  |TAMS 0x0000000719c00000| PB 0x0000000719c00000| Complete 
| 207|0x0000000719e00000, 0x000000071a000000, 0x000000071a000000|100%|HC|  |TAMS 0x0000000719e00000| PB 0x0000000719e00000| Complete 
| 208|0x000000071a000000, 0x000000071a200000, 0x000000071a200000|100%|HS|  |TAMS 0x000000071a000000| PB 0x000000071a000000| Complete 
| 209|0x000000071a200000, 0x000000071a400000, 0x000000071a400000|100%|HC|  |TAMS 0x000000071a200000| PB 0x000000071a200000| Complete 
| 210|0x000000071a400000, 0x000000071a600000, 0x000000071a600000|100%|HC|  |TAMS 0x000000071a400000| PB 0x000000071a400000| Complete 
| 211|0x000000071a600000, 0x000000071a800000, 0x000000071a800000|100%|HC|  |TAMS 0x000000071a600000| PB 0x000000071a600000| Complete 
| 212|0x000000071a800000, 0x000000071aa00000, 0x000000071aa00000|100%|HC|  |TAMS 0x000000071a800000| PB 0x000000071a800000| Complete 
| 213|0x000000071aa00000, 0x000000071ac00000, 0x000000071ac00000|100%|HC|  |TAMS 0x000000071aa00000| PB 0x000000071aa00000| Complete 
| 214|0x000000071ac00000, 0x000000071ae00000, 0x000000071ae00000|100%|HC|  |TAMS 0x000000071ac00000| PB 0x000000071ac00000| Complete 
| 215|0x000000071ae00000, 0x000000071b000000, 0x000000071b000000|100%|HC|  |TAMS 0x000000071ae00000| PB 0x000000071ae00000| Complete 
| 216|0x000000071b000000, 0x000000071b200000, 0x000000071b200000|100%|HC|  |TAMS 0x000000071b000000| PB 0x000000071b000000| Complete 
| 217|0x000000071b200000, 0x000000071b400000, 0x000000071b400000|100%|HC|  |TAMS 0x000000071b200000| PB 0x000000071b200000| Complete 
| 218|0x000000071b400000, 0x000000071b600000, 0x000000071b600000|100%|HC|  |TAMS 0x000000071b400000| PB 0x000000071b400000| Complete 
| 219|0x000000071b600000, 0x000000071b800000, 0x000000071b800000|100%|HS|  |TAMS 0x000000071b600000| PB 0x000000071b600000| Complete 
| 220|0x000000071b800000, 0x000000071ba00000, 0x000000071ba00000|100%|HC|  |TAMS 0x000000071b800000| PB 0x000000071b800000| Complete 
| 221|0x000000071ba00000, 0x000000071bc00000, 0x000000071bc00000|100%|HC|  |TAMS 0x000000071ba00000| PB 0x000000071ba00000| Complete 
| 222|0x000000071bc00000, 0x000000071be00000, 0x000000071be00000|100%|HC|  |TAMS 0x000000071bc00000| PB 0x000000071bc00000| Complete 
| 223|0x000000071be00000, 0x000000071c000000, 0x000000071c000000|100%|HC|  |TAMS 0x000000071be00000| PB 0x000000071be00000| Complete 
| 224|0x000000071c000000, 0x000000071c000000, 0x000000071c200000|  0%| F|  |TAMS 0x000000071c000000| PB 0x000000071c000000| Untracked 
| 225|0x000000071c200000, 0x000000071c400000, 0x000000071c400000|100%|HS|  |TAMS 0x000000071c200000| PB 0x000000071c200000| Complete 
| 226|0x000000071c400000, 0x000000071c600000, 0x000000071c600000|100%|HC|  |TAMS 0x000000071c400000| PB 0x000000071c400000| Complete 
| 227|0x000000071c600000, 0x000000071c800000, 0x000000071c800000|100%|HC|  |TAMS 0x000000071c600000| PB 0x000000071c600000| Complete 
| 228|0x000000071c800000, 0x000000071ca00000, 0x000000071ca00000|100%|HC|  |TAMS 0x000000071c800000| PB 0x000000071c800000| Complete 
| 229|0x000000071ca00000, 0x000000071cc00000, 0x000000071cc00000|100%|HS|  |TAMS 0x000000071ca00000| PB 0x000000071ca00000| Complete 
| 230|0x000000071cc00000, 0x000000071ce00000, 0x000000071ce00000|100%|HC|  |TAMS 0x000000071cc00000| PB 0x000000071cc00000| Complete 
| 231|0x000000071ce00000, 0x000000071d000000, 0x000000071d000000|100%|HC|  |TAMS 0x000000071ce00000| PB 0x000000071ce00000| Complete 
| 232|0x000000071d000000, 0x000000071d200000, 0x000000071d200000|100%|HC|  |TAMS 0x000000071d000000| PB 0x000000071d000000| Complete 
| 233|0x000000071d200000, 0x000000071d400000, 0x000000071d400000|100%|HC|  |TAMS 0x000000071d200000| PB 0x000000071d200000| Complete 
| 234|0x000000071d400000, 0x000000071d600000, 0x000000071d600000|100%|HC|  |TAMS 0x000000071d400000| PB 0x000000071d400000| Complete 
| 235|0x000000071d600000, 0x000000071d800000, 0x000000071d800000|100%|HC|  |TAMS 0x000000071d600000| PB 0x000000071d600000| Complete 
| 236|0x000000071d800000, 0x000000071da00000, 0x000000071da00000|100%|HC|  |TAMS 0x000000071d800000| PB 0x000000071d800000| Complete 
| 237|0x000000071da00000, 0x000000071dc00000, 0x000000071dc00000|100%|HC|  |TAMS 0x000000071da00000| PB 0x000000071da00000| Complete 
| 238|0x000000071dc00000, 0x000000071dc00000, 0x000000071de00000|  0%| F|  |TAMS 0x000000071dc00000| PB 0x000000071dc00000| Untracked 
| 239|0x000000071de00000, 0x000000071de00000, 0x000000071e000000|  0%| F|  |TAMS 0x000000071de00000| PB 0x000000071de00000| Untracked 
| 240|0x000000071e000000, 0x000000071e200000, 0x000000071e200000|100%|HS|  |TAMS 0x000000071e000000| PB 0x000000071e000000| Complete 
| 241|0x000000071e200000, 0x000000071e400000, 0x000000071e400000|100%|HC|  |TAMS 0x000000071e200000| PB 0x000000071e200000| Complete 
| 242|0x000000071e400000, 0x000000071e600000, 0x000000071e600000|100%|HC|  |TAMS 0x000000071e400000| PB 0x000000071e400000| Complete 
| 243|0x000000071e600000, 0x000000071e800000, 0x000000071e800000|100%|HC|  |TAMS 0x000000071e600000| PB 0x000000071e600000| Complete 
| 244|0x000000071e800000, 0x000000071ea00000, 0x000000071ea00000|100%|HS|  |TAMS 0x000000071e800000| PB 0x000000071e800000| Complete 
| 245|0x000000071ea00000, 0x000000071ec00000, 0x000000071ec00000|100%|HC|  |TAMS 0x000000071ea00000| PB 0x000000071ea00000| Complete 
| 246|0x000000071ec00000, 0x000000071ee00000, 0x000000071ee00000|100%|HC|  |TAMS 0x000000071ec00000| PB 0x000000071ec00000| Complete 
| 247|0x000000071ee00000, 0x000000071f000000, 0x000000071f000000|100%|HC|  |TAMS 0x000000071ee00000| PB 0x000000071ee00000| Complete 
| 248|0x000000071f000000, 0x000000071f200000, 0x000000071f200000|100%|HC|  |TAMS 0x000000071f000000| PB 0x000000071f000000| Complete 
| 249|0x000000071f200000, 0x000000071f400000, 0x000000071f400000|100%|HS|  |TAMS 0x000000071f200000| PB 0x000000071f200000| Complete 
| 250|0x000000071f400000, 0x000000071f600000, 0x000000071f600000|100%|HC|  |TAMS 0x000000071f400000| PB 0x000000071f400000| Complete 
| 251|0x000000071f600000, 0x000000071f800000, 0x000000071f800000|100%|HC|  |TAMS 0x000000071f600000| PB 0x000000071f600000| Complete 
| 252|0x000000071f800000, 0x000000071f800000, 0x000000071fa00000|  0%| F|  |TAMS 0x000000071f800000| PB 0x000000071f800000| Untracked 
| 253|0x000000071fa00000, 0x000000071fa00000, 0x000000071fc00000|  0%| F|  |TAMS 0x000000071fa00000| PB 0x000000071fa00000| Untracked 
| 254|0x000000071fc00000, 0x000000071fc00000, 0x000000071fe00000|  0%| F|  |TAMS 0x000000071fc00000| PB 0x000000071fc00000| Untracked 
| 255|0x000000071fe00000, 0x0000000720000000, 0x0000000720000000|100%|HS|  |TAMS 0x000000071fe00000| PB 0x000000071fe00000| Complete 
| 256|0x0000000720000000, 0x0000000720200000, 0x0000000720200000|100%|HC|  |TAMS 0x0000000720000000| PB 0x0000000720000000| Complete 
| 257|0x0000000720200000, 0x0000000720400000, 0x0000000720400000|100%|HC|  |TAMS 0x0000000720200000| PB 0x0000000720200000| Complete 
| 258|0x0000000720400000, 0x0000000720600000, 0x0000000720600000|100%|HC|  |TAMS 0x0000000720400000| PB 0x0000000720400000| Complete 
| 259|0x0000000720600000, 0x0000000720800000, 0x0000000720800000|100%|HS|  |TAMS 0x0000000720600000| PB 0x0000000720600000| Complete 
| 260|0x0000000720800000, 0x0000000720a00000, 0x0000000720a00000|100%|HC|  |TAMS 0x0000000720800000| PB 0x0000000720800000| Complete 
| 261|0x0000000720a00000, 0x0000000720c00000, 0x0000000720c00000|100%|HC|  |TAMS 0x0000000720a00000| PB 0x0000000720a00000| Complete 
| 262|0x0000000720c00000, 0x0000000720e00000, 0x0000000720e00000|100%|HC|  |TAMS 0x0000000720c00000| PB 0x0000000720c00000| Complete 
| 263|0x0000000720e00000, 0x0000000721000000, 0x0000000721000000|100%|HC|  |TAMS 0x0000000720e00000| PB 0x0000000720e00000| Complete 
| 264|0x0000000721000000, 0x0000000721000000, 0x0000000721200000|  0%| F|  |TAMS 0x0000000721000000| PB 0x0000000721000000| Untracked 
| 265|0x0000000721200000, 0x0000000721400000, 0x0000000721400000|100%|HS|  |TAMS 0x0000000721200000| PB 0x0000000721200000| Complete 
| 266|0x0000000721400000, 0x0000000721600000, 0x0000000721600000|100%|HC|  |TAMS 0x0000000721400000| PB 0x0000000721400000| Complete 
| 267|0x0000000721600000, 0x0000000721600000, 0x0000000721800000|  0%| F|  |TAMS 0x0000000721600000| PB 0x0000000721600000| Untracked 
| 268|0x0000000721800000, 0x0000000721800000, 0x0000000721a00000|  0%| F|  |TAMS 0x0000000721800000| PB 0x0000000721800000| Untracked 
| 269|0x0000000721a00000, 0x0000000721a00000, 0x0000000721c00000|  0%| F|  |TAMS 0x0000000721a00000| PB 0x0000000721a00000| Untracked 
| 270|0x0000000721c00000, 0x0000000721c00000, 0x0000000721e00000|  0%| F|  |TAMS 0x0000000721c00000| PB 0x0000000721c00000| Untracked 
| 271|0x0000000721e00000, 0x0000000721e00000, 0x0000000722000000|  0%| F|  |TAMS 0x0000000721e00000| PB 0x0000000721e00000| Untracked 
| 272|0x0000000722000000, 0x0000000722000000, 0x0000000722200000|  0%| F|  |TAMS 0x0000000722000000| PB 0x0000000722000000| Untracked 
| 273|0x0000000722200000, 0x0000000722400000, 0x0000000722400000|100%|HS|  |TAMS 0x0000000722200000| PB 0x0000000722200000| Complete 
| 274|0x0000000722400000, 0x0000000722600000, 0x0000000722600000|100%|HC|  |TAMS 0x0000000722400000| PB 0x0000000722400000| Complete 
| 275|0x0000000722600000, 0x0000000722600000, 0x0000000722800000|  0%| F|  |TAMS 0x0000000722600000| PB 0x0000000722600000| Untracked 
| 276|0x0000000722800000, 0x0000000722800000, 0x0000000722a00000|  0%| F|  |TAMS 0x0000000722800000| PB 0x0000000722800000| Untracked 
| 277|0x0000000722a00000, 0x0000000722a00000, 0x0000000722c00000|  0%| F|  |TAMS 0x0000000722a00000| PB 0x0000000722a00000| Untracked 
| 278|0x0000000722c00000, 0x0000000722c00000, 0x0000000722e00000|  0%| F|  |TAMS 0x0000000722c00000| PB 0x0000000722c00000| Untracked 
| 279|0x0000000722e00000, 0x0000000722e00000, 0x0000000723000000|  0%| F|  |TAMS 0x0000000722e00000| PB 0x0000000722e00000| Untracked 
| 280|0x0000000723000000, 0x0000000723000000, 0x0000000723200000|  0%| F|  |TAMS 0x0000000723000000| PB 0x0000000723000000| Untracked 
| 281|0x0000000723200000, 0x0000000723400000, 0x0000000723400000|100%|HS|  |TAMS 0x0000000723200000| PB 0x0000000723200000| Complete 
| 282|0x0000000723400000, 0x0000000723600000, 0x0000000723600000|100%|HC|  |TAMS 0x0000000723400000| PB 0x0000000723400000| Complete 
| 283|0x0000000723600000, 0x0000000723600000, 0x0000000723800000|  0%| F|  |TAMS 0x0000000723600000| PB 0x0000000723600000| Untracked 
| 284|0x0000000723800000, 0x0000000723800000, 0x0000000723a00000|  0%| F|  |TAMS 0x0000000723800000| PB 0x0000000723800000| Untracked 
| 285|0x0000000723a00000, 0x0000000723a00000, 0x0000000723c00000|  0%| F|  |TAMS 0x0000000723a00000| PB 0x0000000723a00000| Untracked 
| 286|0x0000000723c00000, 0x0000000723c00000, 0x0000000723e00000|  0%| F|  |TAMS 0x0000000723c00000| PB 0x0000000723c00000| Untracked 
| 287|0x0000000723e00000, 0x0000000723e00000, 0x0000000724000000|  0%| F|  |TAMS 0x0000000723e00000| PB 0x0000000723e00000| Untracked 
| 288|0x0000000724000000, 0x0000000724000000, 0x0000000724200000|  0%| F|  |TAMS 0x0000000724000000| PB 0x0000000724000000| Untracked 
| 289|0x0000000724200000, 0x0000000724400000, 0x0000000724400000|100%|HS|  |TAMS 0x0000000724200000| PB 0x0000000724200000| Complete 
| 290|0x0000000724400000, 0x0000000724600000, 0x0000000724600000|100%|HC|  |TAMS 0x0000000724400000| PB 0x0000000724400000| Complete 
| 291|0x0000000724600000, 0x0000000724800000, 0x0000000724800000|100%|HS|  |TAMS 0x0000000724600000| PB 0x0000000724600000| Complete 
| 292|0x0000000724800000, 0x0000000724a00000, 0x0000000724a00000|100%|HC|  |TAMS 0x0000000724800000| PB 0x0000000724800000| Complete 
| 293|0x0000000724a00000, 0x0000000724c00000, 0x0000000724c00000|100%|HC|  |TAMS 0x0000000724a00000| PB 0x0000000724a00000| Complete 
| 294|0x0000000724c00000, 0x0000000724e00000, 0x0000000724e00000|100%|HC|  |TAMS 0x0000000724c00000| PB 0x0000000724c00000| Complete 
| 295|0x0000000724e00000, 0x0000000725000000, 0x0000000725000000|100%|HC|  |TAMS 0x0000000724e00000| PB 0x0000000724e00000| Complete 
| 296|0x0000000725000000, 0x0000000725200000, 0x0000000725200000|100%|HC|  |TAMS 0x0000000725000000| PB 0x0000000725000000| Complete 
| 297|0x0000000725200000, 0x0000000725400000, 0x0000000725400000|100%|HC|  |TAMS 0x0000000725200000| PB 0x0000000725200000| Complete 
| 298|0x0000000725400000, 0x0000000725600000, 0x0000000725600000|100%|HC|  |TAMS 0x0000000725400000| PB 0x0000000725400000| Complete 
| 299|0x0000000725600000, 0x0000000725800000, 0x0000000725800000|100%|HC|  |TAMS 0x0000000725600000| PB 0x0000000725600000| Complete 
| 300|0x0000000725800000, 0x0000000725800000, 0x0000000725a00000|  0%| F|  |TAMS 0x0000000725800000| PB 0x0000000725800000| Untracked 
| 301|0x0000000725a00000, 0x0000000725a00000, 0x0000000725c00000|  0%| F|  |TAMS 0x0000000725a00000| PB 0x0000000725a00000| Untracked 
| 302|0x0000000725c00000, 0x0000000725e00000, 0x0000000725e00000|100%|HS|  |TAMS 0x0000000725c00000| PB 0x0000000725c00000| Complete 
| 303|0x0000000725e00000, 0x0000000726000000, 0x0000000726000000|100%|HC|  |TAMS 0x0000000725e00000| PB 0x0000000725e00000| Complete 
| 304|0x0000000726000000, 0x0000000726200000, 0x0000000726200000|100%|HC|  |TAMS 0x0000000726000000| PB 0x0000000726000000| Complete 
| 305|0x0000000726200000, 0x0000000726400000, 0x0000000726400000|100%|HS|  |TAMS 0x0000000726200000| PB 0x0000000726200000| Complete 
| 306|0x0000000726400000, 0x0000000726600000, 0x0000000726600000|100%|HC|  |TAMS 0x0000000726400000| PB 0x0000000726400000| Complete 
| 307|0x0000000726600000, 0x0000000726800000, 0x0000000726800000|100%|HC|  |TAMS 0x0000000726600000| PB 0x0000000726600000| Complete 
| 308|0x0000000726800000, 0x0000000726a00000, 0x0000000726a00000|100%|HC|  |TAMS 0x0000000726800000| PB 0x0000000726800000| Complete 
| 309|0x0000000726a00000, 0x0000000726c00000, 0x0000000726c00000|100%|HC|  |TAMS 0x0000000726a00000| PB 0x0000000726a00000| Complete 
| 310|0x0000000726c00000, 0x0000000726e00000, 0x0000000726e00000|100%|HC|  |TAMS 0x0000000726c00000| PB 0x0000000726c00000| Complete 
| 311|0x0000000726e00000, 0x0000000727000000, 0x0000000727000000|100%|HC|  |TAMS 0x0000000726e00000| PB 0x0000000726e00000| Complete 
| 312|0x0000000727000000, 0x0000000727200000, 0x0000000727200000|100%|HC|  |TAMS 0x0000000727000000| PB 0x0000000727000000| Complete 
| 313|0x0000000727200000, 0x0000000727400000, 0x0000000727400000|100%|HC|  |TAMS 0x0000000727200000| PB 0x0000000727200000| Complete 
| 314|0x0000000727400000, 0x0000000727400000, 0x0000000727600000|  0%| F|  |TAMS 0x0000000727400000| PB 0x0000000727400000| Untracked 
| 315|0x0000000727600000, 0x0000000727600000, 0x0000000727800000|  0%| F|  |TAMS 0x0000000727600000| PB 0x0000000727600000| Untracked 
| 316|0x0000000727800000, 0x0000000727a00000, 0x0000000727a00000|100%|HS|  |TAMS 0x0000000727800000| PB 0x0000000727800000| Complete 
| 317|0x0000000727a00000, 0x0000000727c00000, 0x0000000727c00000|100%|HC|  |TAMS 0x0000000727a00000| PB 0x0000000727a00000| Complete 
| 318|0x0000000727c00000, 0x0000000727e00000, 0x0000000727e00000|100%|HC|  |TAMS 0x0000000727c00000| PB 0x0000000727c00000| Complete 
| 319|0x0000000727e00000, 0x0000000727e00000, 0x0000000728000000|  0%| F|  |TAMS 0x0000000727e00000| PB 0x0000000727e00000| Untracked 
| 320|0x0000000728000000, 0x0000000728000000, 0x0000000728200000|  0%| F|  |TAMS 0x0000000728000000| PB 0x0000000728000000| Untracked 
| 321|0x0000000728200000, 0x0000000728200000, 0x0000000728400000|  0%| F|  |TAMS 0x0000000728200000| PB 0x0000000728200000| Untracked 
| 322|0x0000000728400000, 0x0000000728400000, 0x0000000728600000|  0%| F|  |TAMS 0x0000000728400000| PB 0x0000000728400000| Untracked 
| 323|0x0000000728600000, 0x0000000728600000, 0x0000000728800000|  0%| F|  |TAMS 0x0000000728600000| PB 0x0000000728600000| Untracked 
| 324|0x0000000728800000, 0x0000000728800000, 0x0000000728a00000|  0%| F|  |TAMS 0x0000000728800000| PB 0x0000000728800000| Untracked 
| 325|0x0000000728a00000, 0x0000000728a00000, 0x0000000728c00000|  0%| F|  |TAMS 0x0000000728a00000| PB 0x0000000728a00000| Untracked 
| 326|0x0000000728c00000, 0x0000000728c00000, 0x0000000728e00000|  0%| F|  |TAMS 0x0000000728c00000| PB 0x0000000728c00000| Untracked 
| 327|0x0000000728e00000, 0x0000000728e00000, 0x0000000729000000|  0%| F|  |TAMS 0x0000000728e00000| PB 0x0000000728e00000| Untracked 
| 328|0x0000000729000000, 0x0000000729000000, 0x0000000729200000|  0%| F|  |TAMS 0x0000000729000000| PB 0x0000000729000000| Untracked 
| 329|0x0000000729200000, 0x0000000729200000, 0x0000000729400000|  0%| F|  |TAMS 0x0000000729200000| PB 0x0000000729200000| Untracked 
| 330|0x0000000729400000, 0x0000000729600000, 0x0000000729600000|100%|HS|  |TAMS 0x0000000729400000| PB 0x0000000729400000| Complete 
| 331|0x0000000729600000, 0x0000000729800000, 0x0000000729800000|100%|HC|  |TAMS 0x0000000729600000| PB 0x0000000729600000| Complete 
| 332|0x0000000729800000, 0x0000000729a00000, 0x0000000729a00000|100%|HC|  |TAMS 0x0000000729800000| PB 0x0000000729800000| Complete 
| 333|0x0000000729a00000, 0x0000000729a00000, 0x0000000729c00000|  0%| F|  |TAMS 0x0000000729a00000| PB 0x0000000729a00000| Untracked 
| 334|0x0000000729c00000, 0x0000000729c00000, 0x0000000729e00000|  0%| F|  |TAMS 0x0000000729c00000| PB 0x0000000729c00000| Untracked 
| 335|0x0000000729e00000, 0x0000000729e00000, 0x000000072a000000|  0%| F|  |TAMS 0x0000000729e00000| PB 0x0000000729e00000| Untracked 
| 336|0x000000072a000000, 0x000000072a000000, 0x000000072a200000|  0%| F|  |TAMS 0x000000072a000000| PB 0x000000072a000000| Untracked 
| 337|0x000000072a200000, 0x000000072a200000, 0x000000072a400000|  0%| F|  |TAMS 0x000000072a200000| PB 0x000000072a200000| Untracked 
| 338|0x000000072a400000, 0x000000072a400000, 0x000000072a600000|  0%| F|  |TAMS 0x000000072a400000| PB 0x000000072a400000| Untracked 
| 339|0x000000072a600000, 0x000000072a600000, 0x000000072a800000|  0%| F|  |TAMS 0x000000072a600000| PB 0x000000072a600000| Untracked 
| 340|0x000000072a800000, 0x000000072a800000, 0x000000072aa00000|  0%| F|  |TAMS 0x000000072a800000| PB 0x000000072a800000| Untracked 
| 341|0x000000072aa00000, 0x000000072aa00000, 0x000000072ac00000|  0%| F|  |TAMS 0x000000072aa00000| PB 0x000000072aa00000| Untracked 
| 342|0x000000072ac00000, 0x000000072ac00000, 0x000000072ae00000|  0%| F|  |TAMS 0x000000072ac00000| PB 0x000000072ac00000| Untracked 
| 343|0x000000072ae00000, 0x000000072ae00000, 0x000000072b000000|  0%| F|  |TAMS 0x000000072ae00000| PB 0x000000072ae00000| Untracked 
| 344|0x000000072b000000, 0x000000072b200000, 0x000000072b200000|100%|HS|  |TAMS 0x000000072b000000| PB 0x000000072b000000| Complete 
| 345|0x000000072b200000, 0x000000072b400000, 0x000000072b400000|100%|HC|  |TAMS 0x000000072b200000| PB 0x000000072b200000| Complete 
| 346|0x000000072b400000, 0x000000072b600000, 0x000000072b600000|100%|HC|  |TAMS 0x000000072b400000| PB 0x000000072b400000| Complete 
| 347|0x000000072b600000, 0x000000072b800000, 0x000000072b800000|100%|HS|  |TAMS 0x000000072b600000| PB 0x000000072b600000| Complete 
| 348|0x000000072b800000, 0x000000072ba00000, 0x000000072ba00000|100%|HC|  |TAMS 0x000000072b800000| PB 0x000000072b800000| Complete 
| 349|0x000000072ba00000, 0x000000072bc00000, 0x000000072bc00000|100%|HC|  |TAMS 0x000000072ba00000| PB 0x000000072ba00000| Complete 
| 350|0x000000072bc00000, 0x000000072be00000, 0x000000072be00000|100%|HC|  |TAMS 0x000000072bc00000| PB 0x000000072bc00000| Complete 
| 351|0x000000072be00000, 0x000000072c000000, 0x000000072c000000|100%|HC|  |TAMS 0x000000072be00000| PB 0x000000072be00000| Complete 
| 352|0x000000072c000000, 0x000000072c200000, 0x000000072c200000|100%|HC|  |TAMS 0x000000072c000000| PB 0x000000072c000000| Complete 
| 353|0x000000072c200000, 0x000000072c400000, 0x000000072c400000|100%|HC|  |TAMS 0x000000072c200000| PB 0x000000072c200000| Complete 
| 354|0x000000072c400000, 0x000000072c600000, 0x000000072c600000|100%|HC|  |TAMS 0x000000072c400000| PB 0x000000072c400000| Complete 
| 355|0x000000072c600000, 0x000000072c800000, 0x000000072c800000|100%|HC|  |TAMS 0x000000072c600000| PB 0x000000072c600000| Complete 
| 356|0x000000072c800000, 0x000000072ca00000, 0x000000072ca00000|100%|HC|  |TAMS 0x000000072c800000| PB 0x000000072c800000| Complete 
| 357|0x000000072ca00000, 0x000000072cc00000, 0x000000072cc00000|100%|HC|  |TAMS 0x000000072ca00000| PB 0x000000072ca00000| Complete 
| 358|0x000000072cc00000, 0x000000072ce00000, 0x000000072ce00000|100%|HC|  |TAMS 0x000000072cc00000| PB 0x000000072cc00000| Complete 
| 359|0x000000072ce00000, 0x000000072d000000, 0x000000072d000000|100%|HC|  |TAMS 0x000000072ce00000| PB 0x000000072ce00000| Complete 
| 360|0x000000072d000000, 0x000000072d200000, 0x000000072d200000|100%|HC|  |TAMS 0x000000072d000000| PB 0x000000072d000000| Complete 
| 361|0x000000072d200000, 0x000000072d400000, 0x000000072d400000|100%|HC|  |TAMS 0x000000072d200000| PB 0x000000072d200000| Complete 
| 362|0x000000072d400000, 0x000000072d600000, 0x000000072d600000|100%|HC|  |TAMS 0x000000072d400000| PB 0x000000072d400000| Complete 
| 363|0x000000072d600000, 0x000000072d800000, 0x000000072d800000|100%|HC|  |TAMS 0x000000072d600000| PB 0x000000072d600000| Complete 
| 364|0x000000072d800000, 0x000000072da00000, 0x000000072da00000|100%|HS|  |TAMS 0x000000072d800000| PB 0x000000072d800000| Complete 
| 365|0x000000072da00000, 0x000000072dc00000, 0x000000072dc00000|100%|HC|  |TAMS 0x000000072da00000| PB 0x000000072da00000| Complete 
| 366|0x000000072dc00000, 0x000000072de00000, 0x000000072de00000|100%|HC|  |TAMS 0x000000072dc00000| PB 0x000000072dc00000| Complete 
| 367|0x000000072de00000, 0x000000072e000000, 0x000000072e000000|100%|HC|  |TAMS 0x000000072de00000| PB 0x000000072de00000| Complete 
| 368|0x000000072e000000, 0x000000072e200000, 0x000000072e200000|100%|HC|  |TAMS 0x000000072e000000| PB 0x000000072e000000| Complete 
| 369|0x000000072e200000, 0x000000072e400000, 0x000000072e400000|100%|HC|  |TAMS 0x000000072e200000| PB 0x000000072e200000| Complete 
| 370|0x000000072e400000, 0x000000072e600000, 0x000000072e600000|100%|HC|  |TAMS 0x000000072e400000| PB 0x000000072e400000| Complete 
| 371|0x000000072e600000, 0x000000072e800000, 0x000000072e800000|100%|HC|  |TAMS 0x000000072e600000| PB 0x000000072e600000| Complete 
| 372|0x000000072e800000, 0x000000072ea00000, 0x000000072ea00000|100%|HC|  |TAMS 0x000000072e800000| PB 0x000000072e800000| Complete 
| 373|0x000000072ea00000, 0x000000072ec00000, 0x000000072ec00000|100%|HC|  |TAMS 0x000000072ea00000| PB 0x000000072ea00000| Complete 
| 374|0x000000072ec00000, 0x000000072ee00000, 0x000000072ee00000|100%|HC|  |TAMS 0x000000072ec00000| PB 0x000000072ec00000| Complete 
| 375|0x000000072ee00000, 0x000000072f000000, 0x000000072f000000|100%|HC|  |TAMS 0x000000072ee00000| PB 0x000000072ee00000| Complete 
| 376|0x000000072f000000, 0x000000072f200000, 0x000000072f200000|100%|HC|  |TAMS 0x000000072f000000| PB 0x000000072f000000| Complete 
| 377|0x000000072f200000, 0x000000072f400000, 0x000000072f400000|100%|HC|  |TAMS 0x000000072f200000| PB 0x000000072f200000| Complete 
| 378|0x000000072f400000, 0x000000072f600000, 0x000000072f600000|100%|HC|  |TAMS 0x000000072f400000| PB 0x000000072f400000| Complete 
| 379|0x000000072f600000, 0x000000072f800000, 0x000000072f800000|100%|HC|  |TAMS 0x000000072f600000| PB 0x000000072f600000| Complete 
| 380|0x000000072f800000, 0x000000072fa00000, 0x000000072fa00000|100%|HC|  |TAMS 0x000000072f800000| PB 0x000000072f800000| Complete 
| 381|0x000000072fa00000, 0x000000072fa00000, 0x000000072fc00000|  0%| F|  |TAMS 0x000000072fa00000| PB 0x000000072fa00000| Untracked 
| 382|0x000000072fc00000, 0x000000072fe00000, 0x000000072fe00000|100%|HS|  |TAMS 0x000000072fc00000| PB 0x000000072fc00000| Complete 
| 383|0x000000072fe00000, 0x0000000730000000, 0x0000000730000000|100%|HC|  |TAMS 0x000000072fe00000| PB 0x000000072fe00000| Complete 
| 384|0x0000000730000000, 0x0000000730200000, 0x0000000730200000|100%|HC|  |TAMS 0x0000000730000000| PB 0x0000000730000000| Complete 
| 385|0x0000000730200000, 0x0000000730400000, 0x0000000730400000|100%|HC|  |TAMS 0x0000000730200000| PB 0x0000000730200000| Complete 
| 386|0x0000000730400000, 0x0000000730600000, 0x0000000730600000|100%|HC|  |TAMS 0x0000000730400000| PB 0x0000000730400000| Complete 
| 387|0x0000000730600000, 0x0000000730800000, 0x0000000730800000|100%|HC|  |TAMS 0x0000000730600000| PB 0x0000000730600000| Complete 
| 388|0x0000000730800000, 0x0000000730a00000, 0x0000000730a00000|100%|HC|  |TAMS 0x0000000730800000| PB 0x0000000730800000| Complete 
| 389|0x0000000730a00000, 0x0000000730c00000, 0x0000000730c00000|100%|HS|  |TAMS 0x0000000730a00000| PB 0x0000000730a00000| Complete 
| 390|0x0000000730c00000, 0x0000000730e00000, 0x0000000730e00000|100%|HC|  |TAMS 0x0000000730c00000| PB 0x0000000730c00000| Complete 
| 391|0x0000000730e00000, 0x0000000731000000, 0x0000000731000000|100%|HC|  |TAMS 0x0000000730e00000| PB 0x0000000730e00000| Complete 
| 392|0x0000000731000000, 0x0000000731200000, 0x0000000731200000|100%|HC|  |TAMS 0x0000000731000000| PB 0x0000000731000000| Complete 
| 393|0x0000000731200000, 0x0000000731400000, 0x0000000731400000|100%|HC|  |TAMS 0x0000000731200000| PB 0x0000000731200000| Complete 
| 394|0x0000000731400000, 0x0000000731600000, 0x0000000731600000|100%|HC|  |TAMS 0x0000000731400000| PB 0x0000000731400000| Complete 
| 395|0x0000000731600000, 0x0000000731800000, 0x0000000731800000|100%|HC|  |TAMS 0x0000000731600000| PB 0x0000000731600000| Complete 
| 396|0x0000000731800000, 0x0000000731a00000, 0x0000000731a00000|100%|HC|  |TAMS 0x0000000731800000| PB 0x0000000731800000| Complete 
| 397|0x0000000731a00000, 0x0000000731c00000, 0x0000000731c00000|100%|HC|  |TAMS 0x0000000731a00000| PB 0x0000000731a00000| Complete 
| 398|0x0000000731c00000, 0x0000000731e00000, 0x0000000731e00000|100%|HC|  |TAMS 0x0000000731c00000| PB 0x0000000731c00000| Complete 
| 399|0x0000000731e00000, 0x0000000732000000, 0x0000000732000000|100%|HC|  |TAMS 0x0000000731e00000| PB 0x0000000731e00000| Complete 
| 400|0x0000000732000000, 0x0000000732200000, 0x0000000732200000|100%|HC|  |TAMS 0x0000000732000000| PB 0x0000000732000000| Complete 
| 401|0x0000000732200000, 0x0000000732400000, 0x0000000732400000|100%|HC|  |TAMS 0x0000000732200000| PB 0x0000000732200000| Complete 
| 402|0x0000000732400000, 0x0000000732600000, 0x0000000732600000|100%|HC|  |TAMS 0x0000000732400000| PB 0x0000000732400000| Complete 
| 403|0x0000000732600000, 0x0000000732800000, 0x0000000732800000|100%|HC|  |TAMS 0x0000000732600000| PB 0x0000000732600000| Complete 
| 404|0x0000000732800000, 0x0000000732a00000, 0x0000000732a00000|100%|HC|  |TAMS 0x0000000732800000| PB 0x0000000732800000| Complete 
| 405|0x0000000732a00000, 0x0000000732c00000, 0x0000000732c00000|100%|HC|  |TAMS 0x0000000732a00000| PB 0x0000000732a00000| Complete 
| 406|0x0000000732c00000, 0x0000000732e00000, 0x0000000732e00000|100%|HC|  |TAMS 0x0000000732c00000| PB 0x0000000732c00000| Complete 
| 407|0x0000000732e00000, 0x0000000733000000, 0x0000000733000000|100%|HC|  |TAMS 0x0000000732e00000| PB 0x0000000732e00000| Complete 
| 408|0x0000000733000000, 0x0000000733200000, 0x0000000733200000|100%|HC|  |TAMS 0x0000000733000000| PB 0x0000000733000000| Complete 
| 409|0x0000000733200000, 0x0000000733400000, 0x0000000733400000|100%|HC|  |TAMS 0x0000000733200000| PB 0x0000000733200000| Complete 
| 410|0x0000000733400000, 0x0000000733600000, 0x0000000733600000|100%|HC|  |TAMS 0x0000000733400000| PB 0x0000000733400000| Complete 
| 411|0x0000000733600000, 0x0000000733800000, 0x0000000733800000|100%|HC|  |TAMS 0x0000000733600000| PB 0x0000000733600000| Complete 
| 412|0x0000000733800000, 0x0000000733a00000, 0x0000000733a00000|100%|HC|  |TAMS 0x0000000733800000| PB 0x0000000733800000| Complete 
| 413|0x0000000733a00000, 0x0000000733c00000, 0x0000000733c00000|100%|HC|  |TAMS 0x0000000733a00000| PB 0x0000000733a00000| Complete 
| 414|0x0000000733c00000, 0x0000000733e00000, 0x0000000733e00000|100%|HC|  |TAMS 0x0000000733c00000| PB 0x0000000733c00000| Complete 
| 415|0x0000000733e00000, 0x0000000734000000, 0x0000000734000000|100%|HC|  |TAMS 0x0000000733e00000| PB 0x0000000733e00000| Complete 
| 416|0x0000000734000000, 0x0000000734200000, 0x0000000734200000|100%|HC|  |TAMS 0x0000000734000000| PB 0x0000000734000000| Complete 
| 417|0x0000000734200000, 0x0000000734400000, 0x0000000734400000|100%|HC|  |TAMS 0x0000000734200000| PB 0x0000000734200000| Complete 
| 418|0x0000000734400000, 0x0000000734600000, 0x0000000734600000|100%|HC|  |TAMS 0x0000000734400000| PB 0x0000000734400000| Complete 
| 419|0x0000000734600000, 0x0000000734800000, 0x0000000734800000|100%|HC|  |TAMS 0x0000000734600000| PB 0x0000000734600000| Complete 
| 420|0x0000000734800000, 0x0000000734a00000, 0x0000000734a00000|100%|HC|  |TAMS 0x0000000734800000| PB 0x0000000734800000| Complete 
| 421|0x0000000734a00000, 0x0000000734c00000, 0x0000000734c00000|100%|HC|  |TAMS 0x0000000734a00000| PB 0x0000000734a00000| Complete 
| 422|0x0000000734c00000, 0x0000000734c00000, 0x0000000734e00000|  0%| F|  |TAMS 0x0000000734c00000| PB 0x0000000734c00000| Untracked 
| 423|0x0000000734e00000, 0x0000000734e00000, 0x0000000735000000|  0%| F|  |TAMS 0x0000000734e00000| PB 0x0000000734e00000| Untracked 
| 424|0x0000000735000000, 0x00000007350a3928, 0x0000000735200000| 31%| E|  |TAMS 0x0000000735000000| PB 0x0000000735000000| Complete 
| 425|0x0000000735200000, 0x0000000735400000, 0x0000000735400000|100%| E|CS|TAMS 0x0000000735200000| PB 0x0000000735200000| Complete 
| 426|0x0000000735400000, 0x0000000735600000, 0x0000000735600000|100%| E|CS|TAMS 0x0000000735400000| PB 0x0000000735400000| Complete 
| 427|0x0000000735600000, 0x0000000735800000, 0x0000000735800000|100%| E|CS|TAMS 0x0000000735600000| PB 0x0000000735600000| Complete 
| 428|0x0000000735800000, 0x0000000735a00000, 0x0000000735a00000|100%| E|CS|TAMS 0x0000000735800000| PB 0x0000000735800000| Complete 
| 429|0x0000000735a00000, 0x0000000735c00000, 0x0000000735c00000|100%| E|CS|TAMS 0x0000000735a00000| PB 0x0000000735a00000| Complete 
| 430|0x0000000735c00000, 0x0000000735e00000, 0x0000000735e00000|100%| E|CS|TAMS 0x0000000735c00000| PB 0x0000000735c00000| Complete 
| 431|0x0000000735e00000, 0x0000000736000000, 0x0000000736000000|100%| E|CS|TAMS 0x0000000735e00000| PB 0x0000000735e00000| Complete 
| 432|0x0000000736000000, 0x0000000736200000, 0x0000000736200000|100%| E|CS|TAMS 0x0000000736000000| PB 0x0000000736000000| Complete 
| 433|0x0000000736200000, 0x0000000736400000, 0x0000000736400000|100%| E|CS|TAMS 0x0000000736200000| PB 0x0000000736200000| Complete 
| 434|0x0000000736400000, 0x0000000736600000, 0x0000000736600000|100%| E|CS|TAMS 0x0000000736400000| PB 0x0000000736400000| Complete 
| 435|0x0000000736600000, 0x0000000736800000, 0x0000000736800000|100%| E|CS|TAMS 0x0000000736600000| PB 0x0000000736600000| Complete 
| 436|0x0000000736800000, 0x0000000736a00000, 0x0000000736a00000|100%| E|CS|TAMS 0x0000000736800000| PB 0x0000000736800000| Complete 
| 437|0x0000000736a00000, 0x0000000736c00000, 0x0000000736c00000|100%| E|CS|TAMS 0x0000000736a00000| PB 0x0000000736a00000| Complete 
| 438|0x0000000736c00000, 0x0000000736e00000, 0x0000000736e00000|100%| E|CS|TAMS 0x0000000736c00000| PB 0x0000000736c00000| Complete 
| 439|0x0000000736e00000, 0x0000000737000000, 0x0000000737000000|100%| E|CS|TAMS 0x0000000736e00000| PB 0x0000000736e00000| Complete 
| 440|0x0000000737000000, 0x0000000737200000, 0x0000000737200000|100%| E|CS|TAMS 0x0000000737000000| PB 0x0000000737000000| Complete 
| 441|0x0000000737200000, 0x0000000737400000, 0x0000000737400000|100%| E|CS|TAMS 0x0000000737200000| PB 0x0000000737200000| Complete 
| 442|0x0000000737400000, 0x0000000737600000, 0x0000000737600000|100%| E|CS|TAMS 0x0000000737400000| PB 0x0000000737400000| Complete 
| 443|0x0000000737600000, 0x0000000737800000, 0x0000000737800000|100%| E|CS|TAMS 0x0000000737600000| PB 0x0000000737600000| Complete 
| 444|0x0000000737800000, 0x0000000737a00000, 0x0000000737a00000|100%| E|CS|TAMS 0x0000000737800000| PB 0x0000000737800000| Complete 
| 445|0x0000000737a00000, 0x0000000737c00000, 0x0000000737c00000|100%| E|CS|TAMS 0x0000000737a00000| PB 0x0000000737a00000| Complete 
| 446|0x0000000737c00000, 0x0000000737e00000, 0x0000000737e00000|100%| E|CS|TAMS 0x0000000737c00000| PB 0x0000000737c00000| Complete 
| 447|0x0000000737e00000, 0x0000000738000000, 0x0000000738000000|100%| E|CS|TAMS 0x0000000737e00000| PB 0x0000000737e00000| Complete 
| 448|0x0000000738000000, 0x0000000738200000, 0x0000000738200000|100%| S|CS|TAMS 0x0000000738000000| PB 0x0000000738000000| Complete 
| 449|0x0000000738200000, 0x0000000738400000, 0x0000000738400000|100%| S|CS|TAMS 0x0000000738200000| PB 0x0000000738200000| Complete 
| 450|0x0000000738400000, 0x0000000738600000, 0x0000000738600000|100%| S|CS|TAMS 0x0000000738400000| PB 0x0000000738400000| Complete 
| 451|0x0000000738600000, 0x0000000738800000, 0x0000000738800000|100%| S|CS|TAMS 0x0000000738600000| PB 0x0000000738600000| Complete 
| 452|0x0000000738800000, 0x0000000738a00000, 0x0000000738a00000|100%| S|CS|TAMS 0x0000000738800000| PB 0x0000000738800000| Complete 
| 453|0x0000000738a00000, 0x0000000738c00000, 0x0000000738c00000|100%| S|CS|TAMS 0x0000000738a00000| PB 0x0000000738a00000| Complete 
| 454|0x0000000738c00000, 0x0000000738e00000, 0x0000000738e00000|100%| S|CS|TAMS 0x0000000738c00000| PB 0x0000000738c00000| Complete 
| 455|0x0000000738e00000, 0x0000000739000000, 0x0000000739000000|100%| S|CS|TAMS 0x0000000738e00000| PB 0x0000000738e00000| Complete 
| 456|0x0000000739000000, 0x0000000739200000, 0x0000000739200000|100%| S|CS|TAMS 0x0000000739000000| PB 0x0000000739000000| Complete 
| 457|0x0000000739200000, 0x0000000739400000, 0x0000000739400000|100%| S|CS|TAMS 0x0000000739200000| PB 0x0000000739200000| Complete 
| 458|0x0000000739400000, 0x0000000739600000, 0x0000000739600000|100%| S|CS|TAMS 0x0000000739400000| PB 0x0000000739400000| Complete 
| 459|0x0000000739600000, 0x0000000739800000, 0x0000000739800000|100%| S|CS|TAMS 0x0000000739600000| PB 0x0000000739600000| Complete 
| 460|0x0000000739800000, 0x0000000739a00000, 0x0000000739a00000|100%| S|CS|TAMS 0x0000000739800000| PB 0x0000000739800000| Complete 
| 461|0x0000000739a00000, 0x0000000739c00000, 0x0000000739c00000|100%| S|CS|TAMS 0x0000000739a00000| PB 0x0000000739a00000| Complete 
| 462|0x0000000739c00000, 0x0000000739e00000, 0x0000000739e00000|100%| S|CS|TAMS 0x0000000739c00000| PB 0x0000000739c00000| Complete 
| 463|0x0000000739e00000, 0x000000073a000000, 0x000000073a000000|100%| S|CS|TAMS 0x0000000739e00000| PB 0x0000000739e00000| Complete 
| 464|0x000000073a000000, 0x000000073a200000, 0x000000073a200000|100%| S|CS|TAMS 0x000000073a000000| PB 0x000000073a000000| Complete 
| 465|0x000000073a200000, 0x000000073a400000, 0x000000073a400000|100%| S|CS|TAMS 0x000000073a200000| PB 0x000000073a200000| Complete 
| 466|0x000000073a400000, 0x000000073a600000, 0x000000073a600000|100%|HS|  |TAMS 0x000000073a400000| PB 0x000000073a400000| Complete 
| 467|0x000000073a600000, 0x000000073a800000, 0x000000073a800000|100%|HC|  |TAMS 0x000000073a600000| PB 0x000000073a600000| Complete 
| 468|0x000000073a800000, 0x000000073aa00000, 0x000000073aa00000|100%|HC|  |TAMS 0x000000073a800000| PB 0x000000073a800000| Complete 
| 469|0x000000073aa00000, 0x000000073ac00000, 0x000000073ac00000|100%|HC|  |TAMS 0x000000073aa00000| PB 0x000000073aa00000| Complete 
| 470|0x000000073ac00000, 0x000000073ae00000, 0x000000073ae00000|100%|HC|  |TAMS 0x000000073ac00000| PB 0x000000073ac00000| Complete 
| 471|0x000000073ae00000, 0x000000073b000000, 0x000000073b000000|100%|HC|  |TAMS 0x000000073ae00000| PB 0x000000073ae00000| Complete 
| 472|0x000000073b000000, 0x000000073b200000, 0x000000073b200000|100%|HC|  |TAMS 0x000000073b000000| PB 0x000000073b000000| Complete 
| 473|0x000000073b200000, 0x000000073b400000, 0x000000073b400000|100%|HC|  |TAMS 0x000000073b200000| PB 0x000000073b200000| Complete 
| 474|0x000000073b400000, 0x000000073b600000, 0x000000073b600000|100%|HC|  |TAMS 0x000000073b400000| PB 0x000000073b400000| Complete 
| 475|0x000000073b600000, 0x000000073b800000, 0x000000073b800000|100%|HC|  |TAMS 0x000000073b600000| PB 0x000000073b600000| Complete 
| 476|0x000000073b800000, 0x000000073ba00000, 0x000000073ba00000|100%|HC|  |TAMS 0x000000073b800000| PB 0x000000073b800000| Complete 
| 477|0x000000073ba00000, 0x000000073bc00000, 0x000000073bc00000|100%|HC|  |TAMS 0x000000073ba00000| PB 0x000000073ba00000| Complete 
| 478|0x000000073bc00000, 0x000000073be00000, 0x000000073be00000|100%|HC|  |TAMS 0x000000073bc00000| PB 0x000000073bc00000| Complete 
| 479|0x000000073be00000, 0x000000073c000000, 0x000000073c000000|100%|HC|  |TAMS 0x000000073be00000| PB 0x000000073be00000| Complete 
| 480|0x000000073c000000, 0x000000073c200000, 0x000000073c200000|100%|HC|  |TAMS 0x000000073c000000| PB 0x000000073c000000| Complete 
| 481|0x000000073c200000, 0x000000073c400000, 0x000000073c400000|100%|HC|  |TAMS 0x000000073c200000| PB 0x000000073c200000| Complete 
| 482|0x000000073c400000, 0x000000073c600000, 0x000000073c600000|100%|HC|  |TAMS 0x000000073c400000| PB 0x000000073c400000| Complete 
| 483|0x000000073c600000, 0x000000073c800000, 0x000000073c800000|100%|HC|  |TAMS 0x000000073c600000| PB 0x000000073c600000| Complete 
| 484|0x000000073c800000, 0x000000073ca00000, 0x000000073ca00000|100%|HC|  |TAMS 0x000000073c800000| PB 0x000000073c800000| Complete 
| 485|0x000000073ca00000, 0x000000073cc00000, 0x000000073cc00000|100%|HC|  |TAMS 0x000000073ca00000| PB 0x000000073ca00000| Complete 
| 486|0x000000073cc00000, 0x000000073ce00000, 0x000000073ce00000|100%|HC|  |TAMS 0x000000073cc00000| PB 0x000000073cc00000| Complete 
| 487|0x000000073ce00000, 0x000000073d000000, 0x000000073d000000|100%|HC|  |TAMS 0x000000073ce00000| PB 0x000000073ce00000| Complete 
| 488|0x000000073d000000, 0x000000073d200000, 0x000000073d200000|100%|HC|  |TAMS 0x000000073d000000| PB 0x000000073d000000| Complete 
| 489|0x000000073d200000, 0x000000073d400000, 0x000000073d400000|100%|HC|  |TAMS 0x000000073d200000| PB 0x000000073d200000| Complete 
| 490|0x000000073d400000, 0x000000073d600000, 0x000000073d600000|100%|HC|  |TAMS 0x000000073d400000| PB 0x000000073d400000| Complete 
| 491|0x000000073d600000, 0x000000073d800000, 0x000000073d800000|100%|HC|  |TAMS 0x000000073d600000| PB 0x000000073d600000| Complete 
| 492|0x000000073d800000, 0x000000073da00000, 0x000000073da00000|100%|HC|  |TAMS 0x000000073d800000| PB 0x000000073d800000| Complete 
| 493|0x000000073da00000, 0x000000073dc00000, 0x000000073dc00000|100%|HC|  |TAMS 0x000000073da00000| PB 0x000000073da00000| Complete 
| 494|0x000000073dc00000, 0x000000073de00000, 0x000000073de00000|100%|HC|  |TAMS 0x000000073dc00000| PB 0x000000073dc00000| Complete 
| 495|0x000000073de00000, 0x000000073e000000, 0x000000073e000000|100%|HC|  |TAMS 0x000000073de00000| PB 0x000000073de00000| Complete 
| 496|0x000000073e000000, 0x000000073e200000, 0x000000073e200000|100%|HC|  |TAMS 0x000000073e000000| PB 0x000000073e000000| Complete 
| 497|0x000000073e200000, 0x000000073e400000, 0x000000073e400000|100%|HC|  |TAMS 0x000000073e200000| PB 0x000000073e200000| Complete 
| 498|0x000000073e400000, 0x000000073e600000, 0x000000073e600000|100%|HC|  |TAMS 0x000000073e400000| PB 0x000000073e400000| Complete 
| 499|0x000000073e600000, 0x000000073e800000, 0x000000073e800000|100%|HC|  |TAMS 0x000000073e600000| PB 0x000000073e600000| Complete 
| 500|0x000000073e800000, 0x000000073ea00000, 0x000000073ea00000|100%|HC|  |TAMS 0x000000073e800000| PB 0x000000073e800000| Complete 
| 501|0x000000073ea00000, 0x000000073ec00000, 0x000000073ec00000|100%|HC|  |TAMS 0x000000073ea00000| PB 0x000000073ea00000| Complete 
| 502|0x000000073ec00000, 0x000000073ee00000, 0x000000073ee00000|100%|HC|  |TAMS 0x000000073ec00000| PB 0x000000073ec00000| Complete 
| 503|0x000000073ee00000, 0x000000073f000000, 0x000000073f000000|100%|HC|  |TAMS 0x000000073ee00000| PB 0x000000073ee00000| Complete 
| 504|0x000000073f000000, 0x000000073f200000, 0x000000073f200000|100%|HC|  |TAMS 0x000000073f000000| PB 0x000000073f000000| Complete 
| 505|0x000000073f200000, 0x000000073f400000, 0x000000073f400000|100%|HC|  |TAMS 0x000000073f200000| PB 0x000000073f200000| Complete 
| 506|0x000000073f400000, 0x000000073f600000, 0x000000073f600000|100%|HC|  |TAMS 0x000000073f400000| PB 0x000000073f400000| Complete 
| 507|0x000000073f600000, 0x000000073f800000, 0x000000073f800000|100%|HC|  |TAMS 0x000000073f600000| PB 0x000000073f600000| Complete 
| 508|0x000000073f800000, 0x000000073fa00000, 0x000000073fa00000|100%|HC|  |TAMS 0x000000073f800000| PB 0x000000073f800000| Complete 
| 509|0x000000073fa00000, 0x000000073fc00000, 0x000000073fc00000|100%|HC|  |TAMS 0x000000073fa00000| PB 0x000000073fa00000| Complete 
| 510|0x000000073fc00000, 0x000000073fe00000, 0x000000073fe00000|100%|HC|  |TAMS 0x000000073fc00000| PB 0x000000073fc00000| Complete 
| 511|0x000000073fe00000, 0x0000000740000000, 0x0000000740000000|100%|HC|  |TAMS 0x000000073fe00000| PB 0x000000073fe00000| Complete 
| 512|0x0000000740000000, 0x0000000740200000, 0x0000000740200000|100%|HC|  |TAMS 0x0000000740000000| PB 0x0000000740000000| Complete 
| 513|0x0000000740200000, 0x0000000740400000, 0x0000000740400000|100%|HC|  |TAMS 0x0000000740200000| PB 0x0000000740200000| Complete 
| 514|0x0000000740400000, 0x0000000740600000, 0x0000000740600000|100%|HC|  |TAMS 0x0000000740400000| PB 0x0000000740400000| Complete 
| 515|0x0000000740600000, 0x0000000740800000, 0x0000000740800000|100%|HC|  |TAMS 0x0000000740600000| PB 0x0000000740600000| Complete 
| 516|0x0000000740800000, 0x0000000740a00000, 0x0000000740a00000|100%|HC|  |TAMS 0x0000000740800000| PB 0x0000000740800000| Complete 
| 517|0x0000000740a00000, 0x0000000740c00000, 0x0000000740c00000|100%|HC|  |TAMS 0x0000000740a00000| PB 0x0000000740a00000| Complete 
| 518|0x0000000740c00000, 0x0000000740e00000, 0x0000000740e00000|100%|HC|  |TAMS 0x0000000740c00000| PB 0x0000000740c00000| Complete 
| 519|0x0000000740e00000, 0x0000000741000000, 0x0000000741000000|100%|HC|  |TAMS 0x0000000740e00000| PB 0x0000000740e00000| Complete 
| 520|0x0000000741000000, 0x0000000741200000, 0x0000000741200000|100%|HC|  |TAMS 0x0000000741000000| PB 0x0000000741000000| Complete 
| 521|0x0000000741200000, 0x0000000741400000, 0x0000000741400000|100%|HC|  |TAMS 0x0000000741200000| PB 0x0000000741200000| Complete 
| 522|0x0000000741400000, 0x0000000741600000, 0x0000000741600000|100%|HC|  |TAMS 0x0000000741400000| PB 0x0000000741400000| Complete 
| 523|0x0000000741600000, 0x0000000741800000, 0x0000000741800000|100%|HC|  |TAMS 0x0000000741600000| PB 0x0000000741600000| Complete 
| 524|0x0000000741800000, 0x0000000741a00000, 0x0000000741a00000|100%|HC|  |TAMS 0x0000000741800000| PB 0x0000000741800000| Complete 
| 525|0x0000000741a00000, 0x0000000741c00000, 0x0000000741c00000|100%|HC|  |TAMS 0x0000000741a00000| PB 0x0000000741a00000| Complete 
| 526|0x0000000741c00000, 0x0000000741e00000, 0x0000000741e00000|100%|HC|  |TAMS 0x0000000741c00000| PB 0x0000000741c00000| Complete 
| 527|0x0000000741e00000, 0x0000000742000000, 0x0000000742000000|100%|HC|  |TAMS 0x0000000741e00000| PB 0x0000000741e00000| Complete 
| 528|0x0000000742000000, 0x0000000742200000, 0x0000000742200000|100%|HC|  |TAMS 0x0000000742000000| PB 0x0000000742000000| Complete 
| 529|0x0000000742200000, 0x0000000742400000, 0x0000000742400000|100%|HC|  |TAMS 0x0000000742200000| PB 0x0000000742200000| Complete 
| 530|0x0000000742400000, 0x0000000742600000, 0x0000000742600000|100%|HC|  |TAMS 0x0000000742400000| PB 0x0000000742400000| Complete 
| 531|0x0000000742600000, 0x0000000742800000, 0x0000000742800000|100%|HS|  |TAMS 0x0000000742600000| PB 0x0000000742600000| Complete 
| 532|0x0000000742800000, 0x0000000742a00000, 0x0000000742a00000|100%|HC|  |TAMS 0x0000000742800000| PB 0x0000000742800000| Complete 
| 533|0x0000000742a00000, 0x0000000742c00000, 0x0000000742c00000|100%|HC|  |TAMS 0x0000000742a00000| PB 0x0000000742a00000| Complete 
| 534|0x0000000742c00000, 0x0000000742e00000, 0x0000000742e00000|100%|HC|  |TAMS 0x0000000742c00000| PB 0x0000000742c00000| Complete 
| 535|0x0000000742e00000, 0x0000000743000000, 0x0000000743000000|100%|HC|  |TAMS 0x0000000742e00000| PB 0x0000000742e00000| Complete 
| 536|0x0000000743000000, 0x0000000743200000, 0x0000000743200000|100%|HC|  |TAMS 0x0000000743000000| PB 0x0000000743000000| Complete 
| 537|0x0000000743200000, 0x0000000743400000, 0x0000000743400000|100%|HC|  |TAMS 0x0000000743200000| PB 0x0000000743200000| Complete 
| 538|0x0000000743400000, 0x0000000743600000, 0x0000000743600000|100%|HC|  |TAMS 0x0000000743400000| PB 0x0000000743400000| Complete 
| 539|0x0000000743600000, 0x0000000743800000, 0x0000000743800000|100%|HC|  |TAMS 0x0000000743600000| PB 0x0000000743600000| Complete 
| 540|0x0000000743800000, 0x0000000743a00000, 0x0000000743a00000|100%|HC|  |TAMS 0x0000000743800000| PB 0x0000000743800000| Complete 
| 541|0x0000000743a00000, 0x0000000743c00000, 0x0000000743c00000|100%|HC|  |TAMS 0x0000000743a00000| PB 0x0000000743a00000| Complete 
| 542|0x0000000743c00000, 0x0000000743e00000, 0x0000000743e00000|100%|HC|  |TAMS 0x0000000743c00000| PB 0x0000000743c00000| Complete 
| 543|0x0000000743e00000, 0x0000000744000000, 0x0000000744000000|100%|HC|  |TAMS 0x0000000743e00000| PB 0x0000000743e00000| Complete 
| 544|0x0000000744000000, 0x0000000744200000, 0x0000000744200000|100%|HC|  |TAMS 0x0000000744000000| PB 0x0000000744000000| Complete 
| 545|0x0000000744200000, 0x0000000744400000, 0x0000000744400000|100%|HC|  |TAMS 0x0000000744200000| PB 0x0000000744200000| Complete 
| 546|0x0000000744400000, 0x0000000744600000, 0x0000000744600000|100%|HC|  |TAMS 0x0000000744400000| PB 0x0000000744400000| Complete 
| 547|0x0000000744600000, 0x0000000744800000, 0x0000000744800000|100%|HC|  |TAMS 0x0000000744600000| PB 0x0000000744600000| Complete 
| 548|0x0000000744800000, 0x0000000744a00000, 0x0000000744a00000|100%|HC|  |TAMS 0x0000000744800000| PB 0x0000000744800000| Complete 
| 549|0x0000000744a00000, 0x0000000744c00000, 0x0000000744c00000|100%|HC|  |TAMS 0x0000000744a00000| PB 0x0000000744a00000| Complete 
| 550|0x0000000744c00000, 0x0000000744e00000, 0x0000000744e00000|100%|HC|  |TAMS 0x0000000744c00000| PB 0x0000000744c00000| Complete 
| 551|0x0000000744e00000, 0x0000000745000000, 0x0000000745000000|100%|HC|  |TAMS 0x0000000744e00000| PB 0x0000000744e00000| Complete 
| 552|0x0000000745000000, 0x0000000745200000, 0x0000000745200000|100%|HC|  |TAMS 0x0000000745000000| PB 0x0000000745000000| Complete 
| 553|0x0000000745200000, 0x0000000745400000, 0x0000000745400000|100%|HC|  |TAMS 0x0000000745200000| PB 0x0000000745200000| Complete 
| 554|0x0000000745400000, 0x0000000745600000, 0x0000000745600000|100%|HC|  |TAMS 0x0000000745400000| PB 0x0000000745400000| Complete 
| 555|0x0000000745600000, 0x0000000745800000, 0x0000000745800000|100%|HC|  |TAMS 0x0000000745600000| PB 0x0000000745600000| Complete 
| 556|0x0000000745800000, 0x0000000745a00000, 0x0000000745a00000|100%|HC|  |TAMS 0x0000000745800000| PB 0x0000000745800000| Complete 
| 557|0x0000000745a00000, 0x0000000745c00000, 0x0000000745c00000|100%|HC|  |TAMS 0x0000000745a00000| PB 0x0000000745a00000| Complete 
| 558|0x0000000745c00000, 0x0000000745e00000, 0x0000000745e00000|100%|HC|  |TAMS 0x0000000745c00000| PB 0x0000000745c00000| Complete 
| 559|0x0000000745e00000, 0x0000000746000000, 0x0000000746000000|100%|HC|  |TAMS 0x0000000745e00000| PB 0x0000000745e00000| Complete 
| 560|0x0000000746000000, 0x0000000746200000, 0x0000000746200000|100%|HC|  |TAMS 0x0000000746000000| PB 0x0000000746000000| Complete 
| 561|0x0000000746200000, 0x0000000746400000, 0x0000000746400000|100%|HC|  |TAMS 0x0000000746200000| PB 0x0000000746200000| Complete 
| 562|0x0000000746400000, 0x0000000746600000, 0x0000000746600000|100%|HC|  |TAMS 0x0000000746400000| PB 0x0000000746400000| Complete 
| 563|0x0000000746600000, 0x0000000746800000, 0x0000000746800000|100%|HC|  |TAMS 0x0000000746600000| PB 0x0000000746600000| Complete 
| 564|0x0000000746800000, 0x0000000746a00000, 0x0000000746a00000|100%|HC|  |TAMS 0x0000000746800000| PB 0x0000000746800000| Complete 
| 565|0x0000000746a00000, 0x0000000746c00000, 0x0000000746c00000|100%|HC|  |TAMS 0x0000000746a00000| PB 0x0000000746a00000| Complete 
| 566|0x0000000746c00000, 0x0000000746e00000, 0x0000000746e00000|100%|HC|  |TAMS 0x0000000746c00000| PB 0x0000000746c00000| Complete 
| 567|0x0000000746e00000, 0x0000000747000000, 0x0000000747000000|100%|HC|  |TAMS 0x0000000746e00000| PB 0x0000000746e00000| Complete 
| 568|0x0000000747000000, 0x0000000747200000, 0x0000000747200000|100%|HC|  |TAMS 0x0000000747000000| PB 0x0000000747000000| Complete 
| 569|0x0000000747200000, 0x0000000747400000, 0x0000000747400000|100%|HC|  |TAMS 0x0000000747200000| PB 0x0000000747200000| Complete 
| 570|0x0000000747400000, 0x0000000747600000, 0x0000000747600000|100%|HC|  |TAMS 0x0000000747400000| PB 0x0000000747400000| Complete 
| 571|0x0000000747600000, 0x0000000747800000, 0x0000000747800000|100%|HC|  |TAMS 0x0000000747600000| PB 0x0000000747600000| Complete 
| 572|0x0000000747800000, 0x0000000747a00000, 0x0000000747a00000|100%|HC|  |TAMS 0x0000000747800000| PB 0x0000000747800000| Complete 
| 573|0x0000000747a00000, 0x0000000747c00000, 0x0000000747c00000|100%|HC|  |TAMS 0x0000000747a00000| PB 0x0000000747a00000| Complete 
| 574|0x0000000747c00000, 0x0000000747e00000, 0x0000000747e00000|100%|HC|  |TAMS 0x0000000747c00000| PB 0x0000000747c00000| Complete 
| 575|0x0000000747e00000, 0x0000000748000000, 0x0000000748000000|100%|HC|  |TAMS 0x0000000747e00000| PB 0x0000000747e00000| Complete 
| 576|0x0000000748000000, 0x0000000748200000, 0x0000000748200000|100%|HC|  |TAMS 0x0000000748000000| PB 0x0000000748000000| Complete 
| 577|0x0000000748200000, 0x0000000748400000, 0x0000000748400000|100%|HC|  |TAMS 0x0000000748200000| PB 0x0000000748200000| Complete 
| 578|0x0000000748400000, 0x0000000748600000, 0x0000000748600000|100%|HC|  |TAMS 0x0000000748400000| PB 0x0000000748400000| Complete 
| 579|0x0000000748600000, 0x0000000748800000, 0x0000000748800000|100%|HC|  |TAMS 0x0000000748600000| PB 0x0000000748600000| Complete 
| 580|0x0000000748800000, 0x0000000748a00000, 0x0000000748a00000|100%|HC|  |TAMS 0x0000000748800000| PB 0x0000000748800000| Complete 
| 581|0x0000000748a00000, 0x0000000748c00000, 0x0000000748c00000|100%|HC|  |TAMS 0x0000000748a00000| PB 0x0000000748a00000| Complete 
| 582|0x0000000748c00000, 0x0000000748e00000, 0x0000000748e00000|100%|HC|  |TAMS 0x0000000748c00000| PB 0x0000000748c00000| Complete 
| 583|0x0000000748e00000, 0x0000000749000000, 0x0000000749000000|100%|HC|  |TAMS 0x0000000748e00000| PB 0x0000000748e00000| Complete 
| 584|0x0000000749000000, 0x0000000749200000, 0x0000000749200000|100%|HC|  |TAMS 0x0000000749000000| PB 0x0000000749000000| Complete 
| 585|0x0000000749200000, 0x0000000749400000, 0x0000000749400000|100%|HC|  |TAMS 0x0000000749200000| PB 0x0000000749200000| Complete 
| 586|0x0000000749400000, 0x0000000749600000, 0x0000000749600000|100%|HC|  |TAMS 0x0000000749400000| PB 0x0000000749400000| Complete 
| 587|0x0000000749600000, 0x0000000749800000, 0x0000000749800000|100%|HC|  |TAMS 0x0000000749600000| PB 0x0000000749600000| Complete 
| 588|0x0000000749800000, 0x0000000749a00000, 0x0000000749a00000|100%|HC|  |TAMS 0x0000000749800000| PB 0x0000000749800000| Complete 
| 589|0x0000000749a00000, 0x0000000749c00000, 0x0000000749c00000|100%|HC|  |TAMS 0x0000000749a00000| PB 0x0000000749a00000| Complete 
| 590|0x0000000749c00000, 0x0000000749e00000, 0x0000000749e00000|100%|HC|  |TAMS 0x0000000749c00000| PB 0x0000000749c00000| Complete 
| 591|0x0000000749e00000, 0x000000074a000000, 0x000000074a000000|100%|HC|  |TAMS 0x0000000749e00000| PB 0x0000000749e00000| Complete 
| 592|0x000000074a000000, 0x000000074a200000, 0x000000074a200000|100%|HC|  |TAMS 0x000000074a000000| PB 0x000000074a000000| Complete 
| 593|0x000000074a200000, 0x000000074a400000, 0x000000074a400000|100%|HC|  |TAMS 0x000000074a200000| PB 0x000000074a200000| Complete 
| 594|0x000000074a400000, 0x000000074a600000, 0x000000074a600000|100%|HC|  |TAMS 0x000000074a400000| PB 0x000000074a400000| Complete 
| 595|0x000000074a600000, 0x000000074a800000, 0x000000074a800000|100%|HC|  |TAMS 0x000000074a600000| PB 0x000000074a600000| Complete 
| 596|0x000000074a800000, 0x000000074aa00000, 0x000000074aa00000|100%|HC|  |TAMS 0x000000074a800000| PB 0x000000074a800000| Complete 
| 597|0x000000074aa00000, 0x000000074ac00000, 0x000000074ac00000|100%|HC|  |TAMS 0x000000074aa00000| PB 0x000000074aa00000| Complete 
| 598|0x000000074ac00000, 0x000000074ae00000, 0x000000074ae00000|100%|HC|  |TAMS 0x000000074ac00000| PB 0x000000074ac00000| Complete 
| 599|0x000000074ae00000, 0x000000074b000000, 0x000000074b000000|100%|HC|  |TAMS 0x000000074ae00000| PB 0x000000074ae00000| Complete 
| 600|0x000000074b000000, 0x000000074b200000, 0x000000074b200000|100%|HC|  |TAMS 0x000000074b000000| PB 0x000000074b000000| Complete 
| 601|0x000000074b200000, 0x000000074b400000, 0x000000074b400000|100%|HC|  |TAMS 0x000000074b200000| PB 0x000000074b200000| Complete 
| 602|0x000000074b400000, 0x000000074b600000, 0x000000074b600000|100%|HC|  |TAMS 0x000000074b400000| PB 0x000000074b400000| Complete 
| 603|0x000000074b600000, 0x000000074b800000, 0x000000074b800000|100%|HC|  |TAMS 0x000000074b600000| PB 0x000000074b600000| Complete 
| 604|0x000000074b800000, 0x000000074ba00000, 0x000000074ba00000|100%|HC|  |TAMS 0x000000074b800000| PB 0x000000074b800000| Complete 
| 605|0x000000074ba00000, 0x000000074bc00000, 0x000000074bc00000|100%|HC|  |TAMS 0x000000074ba00000| PB 0x000000074ba00000| Complete 
| 606|0x000000074bc00000, 0x000000074be00000, 0x000000074be00000|100%|HC|  |TAMS 0x000000074bc00000| PB 0x000000074bc00000| Complete 
| 607|0x000000074be00000, 0x000000074c000000, 0x000000074c000000|100%|HC|  |TAMS 0x000000074be00000| PB 0x000000074be00000| Complete 
| 608|0x000000074c000000, 0x000000074c200000, 0x000000074c200000|100%|HC|  |TAMS 0x000000074c000000| PB 0x000000074c000000| Complete 
| 609|0x000000074c200000, 0x000000074c400000, 0x000000074c400000|100%|HC|  |TAMS 0x000000074c200000| PB 0x000000074c200000| Complete 
| 610|0x000000074c400000, 0x000000074c600000, 0x000000074c600000|100%|HC|  |TAMS 0x000000074c400000| PB 0x000000074c400000| Complete 
| 611|0x000000074c600000, 0x000000074c800000, 0x000000074c800000|100%|HC|  |TAMS 0x000000074c600000| PB 0x000000074c600000| Complete 
| 612|0x000000074c800000, 0x000000074ca00000, 0x000000074ca00000|100%|HC|  |TAMS 0x000000074c800000| PB 0x000000074c800000| Complete 
| 613|0x000000074ca00000, 0x000000074cc00000, 0x000000074cc00000|100%|HC|  |TAMS 0x000000074ca00000| PB 0x000000074ca00000| Complete 
| 614|0x000000074cc00000, 0x000000074ce00000, 0x000000074ce00000|100%|HC|  |TAMS 0x000000074cc00000| PB 0x000000074cc00000| Complete 
| 615|0x000000074ce00000, 0x000000074d000000, 0x000000074d000000|100%|HC|  |TAMS 0x000000074ce00000| PB 0x000000074ce00000| Complete 
| 616|0x000000074d000000, 0x000000074d200000, 0x000000074d200000|100%|HC|  |TAMS 0x000000074d000000| PB 0x000000074d000000| Complete 
| 617|0x000000074d200000, 0x000000074d400000, 0x000000074d400000|100%|HC|  |TAMS 0x000000074d200000| PB 0x000000074d200000| Complete 
| 618|0x000000074d400000, 0x000000074d600000, 0x000000074d600000|100%|HC|  |TAMS 0x000000074d400000| PB 0x000000074d400000| Complete 
| 619|0x000000074d600000, 0x000000074d800000, 0x000000074d800000|100%|HC|  |TAMS 0x000000074d600000| PB 0x000000074d600000| Complete 
| 620|0x000000074d800000, 0x000000074da00000, 0x000000074da00000|100%|HC|  |TAMS 0x000000074d800000| PB 0x000000074d800000| Complete 
| 621|0x000000074da00000, 0x000000074dc00000, 0x000000074dc00000|100%|HC|  |TAMS 0x000000074da00000| PB 0x000000074da00000| Complete 
| 622|0x000000074dc00000, 0x000000074de00000, 0x000000074de00000|100%|HC|  |TAMS 0x000000074dc00000| PB 0x000000074dc00000| Complete 
| 623|0x000000074de00000, 0x000000074e000000, 0x000000074e000000|100%|HC|  |TAMS 0x000000074de00000| PB 0x000000074de00000| Complete 
| 624|0x000000074e000000, 0x000000074e200000, 0x000000074e200000|100%|HC|  |TAMS 0x000000074e000000| PB 0x000000074e000000| Complete 
| 625|0x000000074e200000, 0x000000074e400000, 0x000000074e400000|100%|HC|  |TAMS 0x000000074e200000| PB 0x000000074e200000| Complete 
| 626|0x000000074e400000, 0x000000074e600000, 0x000000074e600000|100%|HC|  |TAMS 0x000000074e400000| PB 0x000000074e400000| Complete 
| 627|0x000000074e600000, 0x000000074e800000, 0x000000074e800000|100%|HC|  |TAMS 0x000000074e600000| PB 0x000000074e600000| Complete 
| 628|0x000000074e800000, 0x000000074ea00000, 0x000000074ea00000|100%|HC|  |TAMS 0x000000074e800000| PB 0x000000074e800000| Complete 
| 629|0x000000074ea00000, 0x000000074ec00000, 0x000000074ec00000|100%|HC|  |TAMS 0x000000074ea00000| PB 0x000000074ea00000| Complete 
| 630|0x000000074ec00000, 0x000000074ee00000, 0x000000074ee00000|100%|HC|  |TAMS 0x000000074ec00000| PB 0x000000074ec00000| Complete 
| 631|0x000000074ee00000, 0x000000074f000000, 0x000000074f000000|100%|HC|  |TAMS 0x000000074ee00000| PB 0x000000074ee00000| Complete 
| 632|0x000000074f000000, 0x000000074f200000, 0x000000074f200000|100%|HC|  |TAMS 0x000000074f000000| PB 0x000000074f000000| Complete 
| 633|0x000000074f200000, 0x000000074f400000, 0x000000074f400000|100%|HC|  |TAMS 0x000000074f200000| PB 0x000000074f200000| Complete 
| 634|0x000000074f400000, 0x000000074f600000, 0x000000074f600000|100%|HC|  |TAMS 0x000000074f400000| PB 0x000000074f400000| Complete 
| 635|0x000000074f600000, 0x000000074f800000, 0x000000074f800000|100%|HC|  |TAMS 0x000000074f600000| PB 0x000000074f600000| Complete 
| 636|0x000000074f800000, 0x000000074fa00000, 0x000000074fa00000|100%|HC|  |TAMS 0x000000074f800000| PB 0x000000074f800000| Complete 
| 637|0x000000074fa00000, 0x000000074fc00000, 0x000000074fc00000|100%|HC|  |TAMS 0x000000074fa00000| PB 0x000000074fa00000| Complete 
| 638|0x000000074fc00000, 0x000000074fe00000, 0x000000074fe00000|100%|HC|  |TAMS 0x000000074fc00000| PB 0x000000074fc00000| Complete 
| 639|0x000000074fe00000, 0x0000000750000000, 0x0000000750000000|100%|HC|  |TAMS 0x000000074fe00000| PB 0x000000074fe00000| Complete 
| 640|0x0000000750000000, 0x0000000750200000, 0x0000000750200000|100%|HC|  |TAMS 0x0000000750000000| PB 0x0000000750000000| Complete 
| 641|0x0000000750200000, 0x0000000750400000, 0x0000000750400000|100%|HC|  |TAMS 0x0000000750200000| PB 0x0000000750200000| Complete 
| 642|0x0000000750400000, 0x0000000750600000, 0x0000000750600000|100%|HC|  |TAMS 0x0000000750400000| PB 0x0000000750400000| Complete 
| 643|0x0000000750600000, 0x0000000750800000, 0x0000000750800000|100%|HC|  |TAMS 0x0000000750600000| PB 0x0000000750600000| Complete 
| 644|0x0000000750800000, 0x0000000750a00000, 0x0000000750a00000|100%|HC|  |TAMS 0x0000000750800000| PB 0x0000000750800000| Complete 
| 645|0x0000000750a00000, 0x0000000750c00000, 0x0000000750c00000|100%|HC|  |TAMS 0x0000000750a00000| PB 0x0000000750a00000| Complete 
| 646|0x0000000750c00000, 0x0000000750e00000, 0x0000000750e00000|100%|HC|  |TAMS 0x0000000750c00000| PB 0x0000000750c00000| Complete 
| 647|0x0000000750e00000, 0x0000000751000000, 0x0000000751000000|100%|HC|  |TAMS 0x0000000750e00000| PB 0x0000000750e00000| Complete 
| 648|0x0000000751000000, 0x0000000751200000, 0x0000000751200000|100%|HC|  |TAMS 0x0000000751000000| PB 0x0000000751000000| Complete 
| 649|0x0000000751200000, 0x0000000751400000, 0x0000000751400000|100%|HC|  |TAMS 0x0000000751200000| PB 0x0000000751200000| Complete 
| 650|0x0000000751400000, 0x0000000751600000, 0x0000000751600000|100%|HC|  |TAMS 0x0000000751400000| PB 0x0000000751400000| Complete 
| 651|0x0000000751600000, 0x0000000751800000, 0x0000000751800000|100%|HC|  |TAMS 0x0000000751600000| PB 0x0000000751600000| Complete 
| 652|0x0000000751800000, 0x0000000751a00000, 0x0000000751a00000|100%|HC|  |TAMS 0x0000000751800000| PB 0x0000000751800000| Complete 
| 653|0x0000000751a00000, 0x0000000751c00000, 0x0000000751c00000|100%|HC|  |TAMS 0x0000000751a00000| PB 0x0000000751a00000| Complete 
| 654|0x0000000751c00000, 0x0000000751e00000, 0x0000000751e00000|100%|HC|  |TAMS 0x0000000751c00000| PB 0x0000000751c00000| Complete 
| 655|0x0000000751e00000, 0x0000000752000000, 0x0000000752000000|100%|HC|  |TAMS 0x0000000751e00000| PB 0x0000000751e00000| Complete 
| 656|0x0000000752000000, 0x0000000752200000, 0x0000000752200000|100%|HC|  |TAMS 0x0000000752000000| PB 0x0000000752000000| Complete 
| 657|0x0000000752200000, 0x0000000752400000, 0x0000000752400000|100%|HC|  |TAMS 0x0000000752200000| PB 0x0000000752200000| Complete 
| 658|0x0000000752400000, 0x0000000752600000, 0x0000000752600000|100%|HC|  |TAMS 0x0000000752400000| PB 0x0000000752400000| Complete 
| 659|0x0000000752600000, 0x0000000752800000, 0x0000000752800000|100%|HC|  |TAMS 0x0000000752600000| PB 0x0000000752600000| Complete 
| 660|0x0000000752800000, 0x0000000752a00000, 0x0000000752a00000|100%|HS|  |TAMS 0x0000000752800000| PB 0x0000000752800000| Complete 
| 661|0x0000000752a00000, 0x0000000752c00000, 0x0000000752c00000|100%|HC|  |TAMS 0x0000000752a00000| PB 0x0000000752a00000| Complete 
| 662|0x0000000752c00000, 0x0000000752e00000, 0x0000000752e00000|100%|HC|  |TAMS 0x0000000752c00000| PB 0x0000000752c00000| Complete 
| 663|0x0000000752e00000, 0x0000000753000000, 0x0000000753000000|100%|HC|  |TAMS 0x0000000752e00000| PB 0x0000000752e00000| Complete 
| 664|0x0000000753000000, 0x0000000753200000, 0x0000000753200000|100%|HC|  |TAMS 0x0000000753000000| PB 0x0000000753000000| Complete 
| 665|0x0000000753200000, 0x0000000753400000, 0x0000000753400000|100%|HC|  |TAMS 0x0000000753200000| PB 0x0000000753200000| Complete 
| 666|0x0000000753400000, 0x0000000753600000, 0x0000000753600000|100%|HC|  |TAMS 0x0000000753400000| PB 0x0000000753400000| Complete 
| 667|0x0000000753600000, 0x0000000753800000, 0x0000000753800000|100%|HC|  |TAMS 0x0000000753600000| PB 0x0000000753600000| Complete 
| 668|0x0000000753800000, 0x0000000753a00000, 0x0000000753a00000|100%|HC|  |TAMS 0x0000000753800000| PB 0x0000000753800000| Complete 
| 669|0x0000000753a00000, 0x0000000753c00000, 0x0000000753c00000|100%|HC|  |TAMS 0x0000000753a00000| PB 0x0000000753a00000| Complete 
| 670|0x0000000753c00000, 0x0000000753e00000, 0x0000000753e00000|100%|HC|  |TAMS 0x0000000753c00000| PB 0x0000000753c00000| Complete 
| 671|0x0000000753e00000, 0x0000000754000000, 0x0000000754000000|100%|HC|  |TAMS 0x0000000753e00000| PB 0x0000000753e00000| Complete 
| 672|0x0000000754000000, 0x0000000754200000, 0x0000000754200000|100%|HC|  |TAMS 0x0000000754000000| PB 0x0000000754000000| Complete 
| 673|0x0000000754200000, 0x0000000754400000, 0x0000000754400000|100%|HC|  |TAMS 0x0000000754200000| PB 0x0000000754200000| Complete 
| 674|0x0000000754400000, 0x0000000754600000, 0x0000000754600000|100%|HC|  |TAMS 0x0000000754400000| PB 0x0000000754400000| Complete 
| 675|0x0000000754600000, 0x0000000754800000, 0x0000000754800000|100%|HC|  |TAMS 0x0000000754600000| PB 0x0000000754600000| Complete 
| 676|0x0000000754800000, 0x0000000754a00000, 0x0000000754a00000|100%|HC|  |TAMS 0x0000000754800000| PB 0x0000000754800000| Complete 
| 677|0x0000000754a00000, 0x0000000754c00000, 0x0000000754c00000|100%|HC|  |TAMS 0x0000000754a00000| PB 0x0000000754a00000| Complete 
| 678|0x0000000754c00000, 0x0000000754e00000, 0x0000000754e00000|100%|HC|  |TAMS 0x0000000754c00000| PB 0x0000000754c00000| Complete 
| 679|0x0000000754e00000, 0x0000000755000000, 0x0000000755000000|100%|HC|  |TAMS 0x0000000754e00000| PB 0x0000000754e00000| Complete 
| 680|0x0000000755000000, 0x0000000755200000, 0x0000000755200000|100%|HC|  |TAMS 0x0000000755000000| PB 0x0000000755000000| Complete 
| 681|0x0000000755200000, 0x0000000755400000, 0x0000000755400000|100%|HC|  |TAMS 0x0000000755200000| PB 0x0000000755200000| Complete 
| 682|0x0000000755400000, 0x0000000755600000, 0x0000000755600000|100%|HC|  |TAMS 0x0000000755400000| PB 0x0000000755400000| Complete 
| 683|0x0000000755600000, 0x0000000755800000, 0x0000000755800000|100%|HC|  |TAMS 0x0000000755600000| PB 0x0000000755600000| Complete 
| 684|0x0000000755800000, 0x0000000755a00000, 0x0000000755a00000|100%|HC|  |TAMS 0x0000000755800000| PB 0x0000000755800000| Complete 
| 685|0x0000000755a00000, 0x0000000755c00000, 0x0000000755c00000|100%|HC|  |TAMS 0x0000000755a00000| PB 0x0000000755a00000| Complete 
| 686|0x0000000755c00000, 0x0000000755e00000, 0x0000000755e00000|100%|HC|  |TAMS 0x0000000755c00000| PB 0x0000000755c00000| Complete 
| 687|0x0000000755e00000, 0x0000000756000000, 0x0000000756000000|100%|HC|  |TAMS 0x0000000755e00000| PB 0x0000000755e00000| Complete 
| 688|0x0000000756000000, 0x0000000756200000, 0x0000000756200000|100%|HC|  |TAMS 0x0000000756000000| PB 0x0000000756000000| Complete 
| 689|0x0000000756200000, 0x0000000756400000, 0x0000000756400000|100%|HC|  |TAMS 0x0000000756200000| PB 0x0000000756200000| Complete 
| 690|0x0000000756400000, 0x0000000756600000, 0x0000000756600000|100%|HC|  |TAMS 0x0000000756400000| PB 0x0000000756400000| Complete 
| 691|0x0000000756600000, 0x0000000756800000, 0x0000000756800000|100%|HC|  |TAMS 0x0000000756600000| PB 0x0000000756600000| Complete 
| 692|0x0000000756800000, 0x0000000756a00000, 0x0000000756a00000|100%|HC|  |TAMS 0x0000000756800000| PB 0x0000000756800000| Complete 
| 693|0x0000000756a00000, 0x0000000756c00000, 0x0000000756c00000|100%|HC|  |TAMS 0x0000000756a00000| PB 0x0000000756a00000| Complete 
| 694|0x0000000756c00000, 0x0000000756e00000, 0x0000000756e00000|100%|HC|  |TAMS 0x0000000756c00000| PB 0x0000000756c00000| Complete 
| 695|0x0000000756e00000, 0x0000000757000000, 0x0000000757000000|100%|HC|  |TAMS 0x0000000756e00000| PB 0x0000000756e00000| Complete 
| 696|0x0000000757000000, 0x0000000757200000, 0x0000000757200000|100%|HC|  |TAMS 0x0000000757000000| PB 0x0000000757000000| Complete 
| 697|0x0000000757200000, 0x0000000757400000, 0x0000000757400000|100%|HC|  |TAMS 0x0000000757200000| PB 0x0000000757200000| Complete 
| 698|0x0000000757400000, 0x0000000757600000, 0x0000000757600000|100%|HC|  |TAMS 0x0000000757400000| PB 0x0000000757400000| Complete 
| 699|0x0000000757600000, 0x0000000757800000, 0x0000000757800000|100%|HC|  |TAMS 0x0000000757600000| PB 0x0000000757600000| Complete 
| 700|0x0000000757800000, 0x0000000757a00000, 0x0000000757a00000|100%|HC|  |TAMS 0x0000000757800000| PB 0x0000000757800000| Complete 
| 701|0x0000000757a00000, 0x0000000757c00000, 0x0000000757c00000|100%|HC|  |TAMS 0x0000000757a00000| PB 0x0000000757a00000| Complete 
| 702|0x0000000757c00000, 0x0000000757e00000, 0x0000000757e00000|100%|HC|  |TAMS 0x0000000757c00000| PB 0x0000000757c00000| Complete 
| 703|0x0000000757e00000, 0x0000000758000000, 0x0000000758000000|100%|HC|  |TAMS 0x0000000757e00000| PB 0x0000000757e00000| Complete 
| 704|0x0000000758000000, 0x0000000758200000, 0x0000000758200000|100%|HC|  |TAMS 0x0000000758000000| PB 0x0000000758000000| Complete 
| 705|0x0000000758200000, 0x0000000758400000, 0x0000000758400000|100%|HC|  |TAMS 0x0000000758200000| PB 0x0000000758200000| Complete 
| 706|0x0000000758400000, 0x0000000758600000, 0x0000000758600000|100%|HC|  |TAMS 0x0000000758400000| PB 0x0000000758400000| Complete 
| 707|0x0000000758600000, 0x0000000758800000, 0x0000000758800000|100%|HC|  |TAMS 0x0000000758600000| PB 0x0000000758600000| Complete 
| 708|0x0000000758800000, 0x0000000758a00000, 0x0000000758a00000|100%|HC|  |TAMS 0x0000000758800000| PB 0x0000000758800000| Complete 
| 709|0x0000000758a00000, 0x0000000758c00000, 0x0000000758c00000|100%|HC|  |TAMS 0x0000000758a00000| PB 0x0000000758a00000| Complete 
| 710|0x0000000758c00000, 0x0000000758e00000, 0x0000000758e00000|100%|HC|  |TAMS 0x0000000758c00000| PB 0x0000000758c00000| Complete 
| 711|0x0000000758e00000, 0x0000000759000000, 0x0000000759000000|100%|HC|  |TAMS 0x0000000758e00000| PB 0x0000000758e00000| Complete 
| 712|0x0000000759000000, 0x0000000759200000, 0x0000000759200000|100%|HC|  |TAMS 0x0000000759000000| PB 0x0000000759000000| Complete 
| 713|0x0000000759200000, 0x0000000759400000, 0x0000000759400000|100%|HC|  |TAMS 0x0000000759200000| PB 0x0000000759200000| Complete 
| 714|0x0000000759400000, 0x0000000759600000, 0x0000000759600000|100%|HC|  |TAMS 0x0000000759400000| PB 0x0000000759400000| Complete 
| 715|0x0000000759600000, 0x0000000759800000, 0x0000000759800000|100%|HC|  |TAMS 0x0000000759600000| PB 0x0000000759600000| Complete 
| 716|0x0000000759800000, 0x0000000759a00000, 0x0000000759a00000|100%|HC|  |TAMS 0x0000000759800000| PB 0x0000000759800000| Complete 
| 717|0x0000000759a00000, 0x0000000759c00000, 0x0000000759c00000|100%|HC|  |TAMS 0x0000000759a00000| PB 0x0000000759a00000| Complete 
| 718|0x0000000759c00000, 0x0000000759e00000, 0x0000000759e00000|100%|HC|  |TAMS 0x0000000759c00000| PB 0x0000000759c00000| Complete 
| 719|0x0000000759e00000, 0x000000075a000000, 0x000000075a000000|100%|HC|  |TAMS 0x0000000759e00000| PB 0x0000000759e00000| Complete 
| 720|0x000000075a000000, 0x000000075a200000, 0x000000075a200000|100%|HC|  |TAMS 0x000000075a000000| PB 0x000000075a000000| Complete 
| 721|0x000000075a200000, 0x000000075a400000, 0x000000075a400000|100%|HC|  |TAMS 0x000000075a200000| PB 0x000000075a200000| Complete 
| 722|0x000000075a400000, 0x000000075a600000, 0x000000075a600000|100%|HC|  |TAMS 0x000000075a400000| PB 0x000000075a400000| Complete 
| 723|0x000000075a600000, 0x000000075a800000, 0x000000075a800000|100%|HC|  |TAMS 0x000000075a600000| PB 0x000000075a600000| Complete 
| 724|0x000000075a800000, 0x000000075aa00000, 0x000000075aa00000|100%|HC|  |TAMS 0x000000075a800000| PB 0x000000075a800000| Complete 
| 725|0x000000075aa00000, 0x000000075ac00000, 0x000000075ac00000|100%|HC|  |TAMS 0x000000075aa00000| PB 0x000000075aa00000| Complete 
| 726|0x000000075ac00000, 0x000000075ae00000, 0x000000075ae00000|100%|HC|  |TAMS 0x000000075ac00000| PB 0x000000075ac00000| Complete 
| 727|0x000000075ae00000, 0x000000075b000000, 0x000000075b000000|100%|HC|  |TAMS 0x000000075ae00000| PB 0x000000075ae00000| Complete 
| 728|0x000000075b000000, 0x000000075b200000, 0x000000075b200000|100%|HC|  |TAMS 0x000000075b000000| PB 0x000000075b000000| Complete 
| 729|0x000000075b200000, 0x000000075b400000, 0x000000075b400000|100%|HC|  |TAMS 0x000000075b200000| PB 0x000000075b200000| Complete 
| 730|0x000000075b400000, 0x000000075b600000, 0x000000075b600000|100%|HC|  |TAMS 0x000000075b400000| PB 0x000000075b400000| Complete 
| 731|0x000000075b600000, 0x000000075b800000, 0x000000075b800000|100%|HC|  |TAMS 0x000000075b600000| PB 0x000000075b600000| Complete 
| 732|0x000000075b800000, 0x000000075ba00000, 0x000000075ba00000|100%|HC|  |TAMS 0x000000075b800000| PB 0x000000075b800000| Complete 
| 733|0x000000075ba00000, 0x000000075bc00000, 0x000000075bc00000|100%|HC|  |TAMS 0x000000075ba00000| PB 0x000000075ba00000| Complete 
| 734|0x000000075bc00000, 0x000000075be00000, 0x000000075be00000|100%|HC|  |TAMS 0x000000075bc00000| PB 0x000000075bc00000| Complete 
| 735|0x000000075be00000, 0x000000075c000000, 0x000000075c000000|100%|HC|  |TAMS 0x000000075be00000| PB 0x000000075be00000| Complete 
| 736|0x000000075c000000, 0x000000075c200000, 0x000000075c200000|100%|HC|  |TAMS 0x000000075c000000| PB 0x000000075c000000| Complete 
| 737|0x000000075c200000, 0x000000075c400000, 0x000000075c400000|100%|HC|  |TAMS 0x000000075c200000| PB 0x000000075c200000| Complete 
| 738|0x000000075c400000, 0x000000075c600000, 0x000000075c600000|100%|HC|  |TAMS 0x000000075c400000| PB 0x000000075c400000| Complete 
| 739|0x000000075c600000, 0x000000075c800000, 0x000000075c800000|100%|HC|  |TAMS 0x000000075c600000| PB 0x000000075c600000| Complete 
| 740|0x000000075c800000, 0x000000075ca00000, 0x000000075ca00000|100%|HC|  |TAMS 0x000000075c800000| PB 0x000000075c800000| Complete 
| 741|0x000000075ca00000, 0x000000075cc00000, 0x000000075cc00000|100%|HC|  |TAMS 0x000000075ca00000| PB 0x000000075ca00000| Complete 
| 742|0x000000075cc00000, 0x000000075ce00000, 0x000000075ce00000|100%|HC|  |TAMS 0x000000075cc00000| PB 0x000000075cc00000| Complete 
| 743|0x000000075ce00000, 0x000000075d000000, 0x000000075d000000|100%|HS|  |TAMS 0x000000075ce00000| PB 0x000000075ce00000| Complete 
| 744|0x000000075d000000, 0x000000075d200000, 0x000000075d200000|100%|HC|  |TAMS 0x000000075d000000| PB 0x000000075d000000| Complete 
| 745|0x000000075d200000, 0x000000075d400000, 0x000000075d400000|100%|HC|  |TAMS 0x000000075d200000| PB 0x000000075d200000| Complete 
| 746|0x000000075d400000, 0x000000075d600000, 0x000000075d600000|100%|HC|  |TAMS 0x000000075d400000| PB 0x000000075d400000| Complete 
| 747|0x000000075d600000, 0x000000075d800000, 0x000000075d800000|100%|HC|  |TAMS 0x000000075d600000| PB 0x000000075d600000| Complete 
| 748|0x000000075d800000, 0x000000075da00000, 0x000000075da00000|100%|HC|  |TAMS 0x000000075d800000| PB 0x000000075d800000| Complete 
| 749|0x000000075da00000, 0x000000075dc00000, 0x000000075dc00000|100%|HC|  |TAMS 0x000000075da00000| PB 0x000000075da00000| Complete 
| 750|0x000000075dc00000, 0x000000075de00000, 0x000000075de00000|100%|HC|  |TAMS 0x000000075dc00000| PB 0x000000075dc00000| Complete 
| 751|0x000000075de00000, 0x000000075e000000, 0x000000075e000000|100%|HC|  |TAMS 0x000000075de00000| PB 0x000000075de00000| Complete 
| 752|0x000000075e000000, 0x000000075e200000, 0x000000075e200000|100%|HC|  |TAMS 0x000000075e000000| PB 0x000000075e000000| Complete 
| 753|0x000000075e200000, 0x000000075e400000, 0x000000075e400000|100%|HC|  |TAMS 0x000000075e200000| PB 0x000000075e200000| Complete 
| 754|0x000000075e400000, 0x000000075e600000, 0x000000075e600000|100%|HC|  |TAMS 0x000000075e400000| PB 0x000000075e400000| Complete 
| 755|0x000000075e600000, 0x000000075e800000, 0x000000075e800000|100%|HC|  |TAMS 0x000000075e600000| PB 0x000000075e600000| Complete 
| 756|0x000000075e800000, 0x000000075ea00000, 0x000000075ea00000|100%|HC|  |TAMS 0x000000075e800000| PB 0x000000075e800000| Complete 
| 757|0x000000075ea00000, 0x000000075ec00000, 0x000000075ec00000|100%|HC|  |TAMS 0x000000075ea00000| PB 0x000000075ea00000| Complete 
| 758|0x000000075ec00000, 0x000000075ee00000, 0x000000075ee00000|100%|HC|  |TAMS 0x000000075ec00000| PB 0x000000075ec00000| Complete 
| 759|0x000000075ee00000, 0x000000075f000000, 0x000000075f000000|100%|HC|  |TAMS 0x000000075ee00000| PB 0x000000075ee00000| Complete 
| 760|0x000000075f000000, 0x000000075f200000, 0x000000075f200000|100%|HC|  |TAMS 0x000000075f000000| PB 0x000000075f000000| Complete 
| 761|0x000000075f200000, 0x000000075f400000, 0x000000075f400000|100%|HC|  |TAMS 0x000000075f200000| PB 0x000000075f200000| Complete 
| 762|0x000000075f400000, 0x000000075f600000, 0x000000075f600000|100%|HC|  |TAMS 0x000000075f400000| PB 0x000000075f400000| Complete 
| 763|0x000000075f600000, 0x000000075f800000, 0x000000075f800000|100%|HC|  |TAMS 0x000000075f600000| PB 0x000000075f600000| Complete 
| 764|0x000000075f800000, 0x000000075fa00000, 0x000000075fa00000|100%|HC|  |TAMS 0x000000075f800000| PB 0x000000075f800000| Complete 
| 765|0x000000075fa00000, 0x000000075fc00000, 0x000000075fc00000|100%|HC|  |TAMS 0x000000075fa00000| PB 0x000000075fa00000| Complete 
| 766|0x000000075fc00000, 0x000000075fe00000, 0x000000075fe00000|100%|HC|  |TAMS 0x000000075fc00000| PB 0x000000075fc00000| Complete 
| 767|0x000000075fe00000, 0x0000000760000000, 0x0000000760000000|100%|HC|  |TAMS 0x000000075fe00000| PB 0x000000075fe00000| Complete 
| 768|0x0000000760000000, 0x0000000760200000, 0x0000000760200000|100%|HC|  |TAMS 0x0000000760000000| PB 0x0000000760000000| Complete 
| 769|0x0000000760200000, 0x0000000760400000, 0x0000000760400000|100%|HC|  |TAMS 0x0000000760200000| PB 0x0000000760200000| Complete 
| 770|0x0000000760400000, 0x0000000760600000, 0x0000000760600000|100%|HC|  |TAMS 0x0000000760400000| PB 0x0000000760400000| Complete 
| 771|0x0000000760600000, 0x0000000760800000, 0x0000000760800000|100%|HC|  |TAMS 0x0000000760600000| PB 0x0000000760600000| Complete 
| 772|0x0000000760800000, 0x0000000760a00000, 0x0000000760a00000|100%|HC|  |TAMS 0x0000000760800000| PB 0x0000000760800000| Complete 
| 773|0x0000000760a00000, 0x0000000760c00000, 0x0000000760c00000|100%|HC|  |TAMS 0x0000000760a00000| PB 0x0000000760a00000| Complete 
| 774|0x0000000760c00000, 0x0000000760e00000, 0x0000000760e00000|100%|HC|  |TAMS 0x0000000760c00000| PB 0x0000000760c00000| Complete 
| 775|0x0000000760e00000, 0x0000000761000000, 0x0000000761000000|100%|HC|  |TAMS 0x0000000760e00000| PB 0x0000000760e00000| Complete 
| 776|0x0000000761000000, 0x0000000761200000, 0x0000000761200000|100%|HS|  |TAMS 0x0000000761000000| PB 0x0000000761000000| Complete 
| 777|0x0000000761200000, 0x0000000761400000, 0x0000000761400000|100%|HC|  |TAMS 0x0000000761200000| PB 0x0000000761200000| Complete 
| 778|0x0000000761400000, 0x0000000761600000, 0x0000000761600000|100%|HC|  |TAMS 0x0000000761400000| PB 0x0000000761400000| Complete 
| 779|0x0000000761600000, 0x0000000761800000, 0x0000000761800000|100%|HC|  |TAMS 0x0000000761600000| PB 0x0000000761600000| Complete 
| 780|0x0000000761800000, 0x0000000761a00000, 0x0000000761a00000|100%|HC|  |TAMS 0x0000000761800000| PB 0x0000000761800000| Complete 
| 781|0x0000000761a00000, 0x0000000761c00000, 0x0000000761c00000|100%|HC|  |TAMS 0x0000000761a00000| PB 0x0000000761a00000| Complete 
| 782|0x0000000761c00000, 0x0000000761e00000, 0x0000000761e00000|100%|HC|  |TAMS 0x0000000761c00000| PB 0x0000000761c00000| Complete 
| 783|0x0000000761e00000, 0x0000000762000000, 0x0000000762000000|100%|HC|  |TAMS 0x0000000761e00000| PB 0x0000000761e00000| Complete 
| 784|0x0000000762000000, 0x0000000762200000, 0x0000000762200000|100%|HC|  |TAMS 0x0000000762000000| PB 0x0000000762000000| Complete 
| 785|0x0000000762200000, 0x0000000762400000, 0x0000000762400000|100%|HC|  |TAMS 0x0000000762200000| PB 0x0000000762200000| Complete 
| 786|0x0000000762400000, 0x0000000762600000, 0x0000000762600000|100%|HC|  |TAMS 0x0000000762400000| PB 0x0000000762400000| Complete 
| 787|0x0000000762600000, 0x0000000762800000, 0x0000000762800000|100%|HC|  |TAMS 0x0000000762600000| PB 0x0000000762600000| Complete 
| 788|0x0000000762800000, 0x0000000762a00000, 0x0000000762a00000|100%|HC|  |TAMS 0x0000000762800000| PB 0x0000000762800000| Complete 
| 789|0x0000000762a00000, 0x0000000762c00000, 0x0000000762c00000|100%|HC|  |TAMS 0x0000000762a00000| PB 0x0000000762a00000| Complete 
| 790|0x0000000762c00000, 0x0000000762e00000, 0x0000000762e00000|100%|HC|  |TAMS 0x0000000762c00000| PB 0x0000000762c00000| Complete 
| 791|0x0000000762e00000, 0x0000000763000000, 0x0000000763000000|100%|HC|  |TAMS 0x0000000762e00000| PB 0x0000000762e00000| Complete 
| 792|0x0000000763000000, 0x0000000763200000, 0x0000000763200000|100%|HC|  |TAMS 0x0000000763000000| PB 0x0000000763000000| Complete 
| 793|0x0000000763200000, 0x0000000763400000, 0x0000000763400000|100%|HC|  |TAMS 0x0000000763200000| PB 0x0000000763200000| Complete 
| 794|0x0000000763400000, 0x0000000763600000, 0x0000000763600000|100%|HC|  |TAMS 0x0000000763400000| PB 0x0000000763400000| Complete 
| 795|0x0000000763600000, 0x0000000763800000, 0x0000000763800000|100%|HC|  |TAMS 0x0000000763600000| PB 0x0000000763600000| Complete 
| 796|0x0000000763800000, 0x0000000763a00000, 0x0000000763a00000|100%|HC|  |TAMS 0x0000000763800000| PB 0x0000000763800000| Complete 
| 797|0x0000000763a00000, 0x0000000763c00000, 0x0000000763c00000|100%|HC|  |TAMS 0x0000000763a00000| PB 0x0000000763a00000| Complete 
| 798|0x0000000763c00000, 0x0000000763e00000, 0x0000000763e00000|100%|HC|  |TAMS 0x0000000763c00000| PB 0x0000000763c00000| Complete 
| 799|0x0000000763e00000, 0x0000000764000000, 0x0000000764000000|100%|HC|  |TAMS 0x0000000763e00000| PB 0x0000000763e00000| Complete 
| 800|0x0000000764000000, 0x0000000764200000, 0x0000000764200000|100%|HC|  |TAMS 0x0000000764000000| PB 0x0000000764000000| Complete 
| 801|0x0000000764200000, 0x0000000764400000, 0x0000000764400000|100%|HC|  |TAMS 0x0000000764200000| PB 0x0000000764200000| Complete 
| 802|0x0000000764400000, 0x0000000764600000, 0x0000000764600000|100%|HC|  |TAMS 0x0000000764400000| PB 0x0000000764400000| Complete 
| 803|0x0000000764600000, 0x0000000764800000, 0x0000000764800000|100%|HC|  |TAMS 0x0000000764600000| PB 0x0000000764600000| Complete 
| 804|0x0000000764800000, 0x0000000764a00000, 0x0000000764a00000|100%|HC|  |TAMS 0x0000000764800000| PB 0x0000000764800000| Complete 
| 805|0x0000000764a00000, 0x0000000764c00000, 0x0000000764c00000|100%|HC|  |TAMS 0x0000000764a00000| PB 0x0000000764a00000| Complete 
| 806|0x0000000764c00000, 0x0000000764e00000, 0x0000000764e00000|100%|HC|  |TAMS 0x0000000764c00000| PB 0x0000000764c00000| Complete 
| 807|0x0000000764e00000, 0x0000000765000000, 0x0000000765000000|100%|HC|  |TAMS 0x0000000764e00000| PB 0x0000000764e00000| Complete 
| 808|0x0000000765000000, 0x0000000765200000, 0x0000000765200000|100%|HC|  |TAMS 0x0000000765000000| PB 0x0000000765000000| Complete 
| 809|0x0000000765200000, 0x0000000765400000, 0x0000000765400000|100%|HC|  |TAMS 0x0000000765200000| PB 0x0000000765200000| Complete 
| 810|0x0000000765400000, 0x0000000765600000, 0x0000000765600000|100%|HC|  |TAMS 0x0000000765400000| PB 0x0000000765400000| Complete 
| 811|0x0000000765600000, 0x0000000765800000, 0x0000000765800000|100%|HC|  |TAMS 0x0000000765600000| PB 0x0000000765600000| Complete 
| 812|0x0000000765800000, 0x0000000765a00000, 0x0000000765a00000|100%|HC|  |TAMS 0x0000000765800000| PB 0x0000000765800000| Complete 
| 813|0x0000000765a00000, 0x0000000765c00000, 0x0000000765c00000|100%|HC|  |TAMS 0x0000000765a00000| PB 0x0000000765a00000| Complete 
| 814|0x0000000765c00000, 0x0000000765e00000, 0x0000000765e00000|100%|HC|  |TAMS 0x0000000765c00000| PB 0x0000000765c00000| Complete 
| 815|0x0000000765e00000, 0x0000000766000000, 0x0000000766000000|100%|HC|  |TAMS 0x0000000765e00000| PB 0x0000000765e00000| Complete 
| 816|0x0000000766000000, 0x0000000766200000, 0x0000000766200000|100%|HC|  |TAMS 0x0000000766000000| PB 0x0000000766000000| Complete 
| 817|0x0000000766200000, 0x0000000766400000, 0x0000000766400000|100%|HC|  |TAMS 0x0000000766200000| PB 0x0000000766200000| Complete 
| 818|0x0000000766400000, 0x0000000766600000, 0x0000000766600000|100%|HC|  |TAMS 0x0000000766400000| PB 0x0000000766400000| Complete 
| 819|0x0000000766600000, 0x0000000766800000, 0x0000000766800000|100%|HC|  |TAMS 0x0000000766600000| PB 0x0000000766600000| Complete 
| 820|0x0000000766800000, 0x0000000766a00000, 0x0000000766a00000|100%|HC|  |TAMS 0x0000000766800000| PB 0x0000000766800000| Complete 
| 821|0x0000000766a00000, 0x0000000766c00000, 0x0000000766c00000|100%|HC|  |TAMS 0x0000000766a00000| PB 0x0000000766a00000| Complete 
| 822|0x0000000766c00000, 0x0000000766e00000, 0x0000000766e00000|100%|HC|  |TAMS 0x0000000766c00000| PB 0x0000000766c00000| Complete 
| 823|0x0000000766e00000, 0x0000000767000000, 0x0000000767000000|100%|HC|  |TAMS 0x0000000766e00000| PB 0x0000000766e00000| Complete 
| 824|0x0000000767000000, 0x0000000767200000, 0x0000000767200000|100%|HC|  |TAMS 0x0000000767000000| PB 0x0000000767000000| Complete 
| 825|0x0000000767200000, 0x0000000767400000, 0x0000000767400000|100%|HC|  |TAMS 0x0000000767200000| PB 0x0000000767200000| Complete 
| 826|0x0000000767400000, 0x0000000767600000, 0x0000000767600000|100%|HC|  |TAMS 0x0000000767400000| PB 0x0000000767400000| Complete 
| 827|0x0000000767600000, 0x0000000767800000, 0x0000000767800000|100%|HC|  |TAMS 0x0000000767600000| PB 0x0000000767600000| Complete 
| 828|0x0000000767800000, 0x0000000767a00000, 0x0000000767a00000|100%|HC|  |TAMS 0x0000000767800000| PB 0x0000000767800000| Complete 
| 829|0x0000000767a00000, 0x0000000767c00000, 0x0000000767c00000|100%|HC|  |TAMS 0x0000000767a00000| PB 0x0000000767a00000| Complete 
| 830|0x0000000767c00000, 0x0000000767e00000, 0x0000000767e00000|100%|HC|  |TAMS 0x0000000767c00000| PB 0x0000000767c00000| Complete 
| 831|0x0000000767e00000, 0x0000000768000000, 0x0000000768000000|100%|HC|  |TAMS 0x0000000767e00000| PB 0x0000000767e00000| Complete 
| 832|0x0000000768000000, 0x0000000768200000, 0x0000000768200000|100%|HC|  |TAMS 0x0000000768000000| PB 0x0000000768000000| Complete 
| 833|0x0000000768200000, 0x0000000768400000, 0x0000000768400000|100%|HC|  |TAMS 0x0000000768200000| PB 0x0000000768200000| Complete 
| 834|0x0000000768400000, 0x0000000768600000, 0x0000000768600000|100%|HC|  |TAMS 0x0000000768400000| PB 0x0000000768400000| Complete 
| 835|0x0000000768600000, 0x0000000768800000, 0x0000000768800000|100%|HC|  |TAMS 0x0000000768600000| PB 0x0000000768600000| Complete 
| 836|0x0000000768800000, 0x0000000768a00000, 0x0000000768a00000|100%|HC|  |TAMS 0x0000000768800000| PB 0x0000000768800000| Complete 
| 837|0x0000000768a00000, 0x0000000768c00000, 0x0000000768c00000|100%|HC|  |TAMS 0x0000000768a00000| PB 0x0000000768a00000| Complete 
| 838|0x0000000768c00000, 0x0000000768e00000, 0x0000000768e00000|100%|HC|  |TAMS 0x0000000768c00000| PB 0x0000000768c00000| Complete 
| 839|0x0000000768e00000, 0x0000000769000000, 0x0000000769000000|100%|HC|  |TAMS 0x0000000768e00000| PB 0x0000000768e00000| Complete 
| 840|0x0000000769000000, 0x0000000769200000, 0x0000000769200000|100%|HC|  |TAMS 0x0000000769000000| PB 0x0000000769000000| Complete 
| 841|0x0000000769200000, 0x0000000769400000, 0x0000000769400000|100%|HS|  |TAMS 0x0000000769200000| PB 0x0000000769200000| Complete 
| 842|0x0000000769400000, 0x0000000769600000, 0x0000000769600000|100%|HC|  |TAMS 0x0000000769400000| PB 0x0000000769400000| Complete 
| 843|0x0000000769600000, 0x0000000769800000, 0x0000000769800000|100%|HC|  |TAMS 0x0000000769600000| PB 0x0000000769600000| Complete 
| 844|0x0000000769800000, 0x0000000769a00000, 0x0000000769a00000|100%|HC|  |TAMS 0x0000000769800000| PB 0x0000000769800000| Complete 
| 845|0x0000000769a00000, 0x0000000769c00000, 0x0000000769c00000|100%|HC|  |TAMS 0x0000000769a00000| PB 0x0000000769a00000| Complete 
| 846|0x0000000769c00000, 0x0000000769e00000, 0x0000000769e00000|100%|HC|  |TAMS 0x0000000769c00000| PB 0x0000000769c00000| Complete 
| 847|0x0000000769e00000, 0x000000076a000000, 0x000000076a000000|100%|HC|  |TAMS 0x0000000769e00000| PB 0x0000000769e00000| Complete 
| 848|0x000000076a000000, 0x000000076a200000, 0x000000076a200000|100%|HC|  |TAMS 0x000000076a000000| PB 0x000000076a000000| Complete 
| 849|0x000000076a200000, 0x000000076a400000, 0x000000076a400000|100%|HC|  |TAMS 0x000000076a200000| PB 0x000000076a200000| Complete 
| 850|0x000000076a400000, 0x000000076a600000, 0x000000076a600000|100%|HC|  |TAMS 0x000000076a400000| PB 0x000000076a400000| Complete 
| 851|0x000000076a600000, 0x000000076a800000, 0x000000076a800000|100%|HC|  |TAMS 0x000000076a600000| PB 0x000000076a600000| Complete 
| 852|0x000000076a800000, 0x000000076aa00000, 0x000000076aa00000|100%|HC|  |TAMS 0x000000076a800000| PB 0x000000076a800000| Complete 
| 853|0x000000076aa00000, 0x000000076ac00000, 0x000000076ac00000|100%|HC|  |TAMS 0x000000076aa00000| PB 0x000000076aa00000| Complete 
| 854|0x000000076ac00000, 0x000000076ae00000, 0x000000076ae00000|100%|HC|  |TAMS 0x000000076ac00000| PB 0x000000076ac00000| Complete 
| 855|0x000000076ae00000, 0x000000076b000000, 0x000000076b000000|100%|HC|  |TAMS 0x000000076ae00000| PB 0x000000076ae00000| Complete 
| 856|0x000000076b000000, 0x000000076b200000, 0x000000076b200000|100%|HC|  |TAMS 0x000000076b000000| PB 0x000000076b000000| Complete 
| 857|0x000000076b200000, 0x000000076b400000, 0x000000076b400000|100%|HC|  |TAMS 0x000000076b200000| PB 0x000000076b200000| Complete 
| 858|0x000000076b400000, 0x000000076b600000, 0x000000076b600000|100%|HC|  |TAMS 0x000000076b400000| PB 0x000000076b400000| Complete 
| 859|0x000000076b600000, 0x000000076b800000, 0x000000076b800000|100%|HC|  |TAMS 0x000000076b600000| PB 0x000000076b600000| Complete 
| 860|0x000000076b800000, 0x000000076ba00000, 0x000000076ba00000|100%|HC|  |TAMS 0x000000076b800000| PB 0x000000076b800000| Complete 
| 861|0x000000076ba00000, 0x000000076bc00000, 0x000000076bc00000|100%|HC|  |TAMS 0x000000076ba00000| PB 0x000000076ba00000| Complete 
| 862|0x000000076bc00000, 0x000000076be00000, 0x000000076be00000|100%|HC|  |TAMS 0x000000076bc00000| PB 0x000000076bc00000| Complete 
| 863|0x000000076be00000, 0x000000076c000000, 0x000000076c000000|100%|HC|  |TAMS 0x000000076be00000| PB 0x000000076be00000| Complete 
| 864|0x000000076c000000, 0x000000076c200000, 0x000000076c200000|100%|HC|  |TAMS 0x000000076c000000| PB 0x000000076c000000| Complete 
| 865|0x000000076c200000, 0x000000076c400000, 0x000000076c400000|100%|HC|  |TAMS 0x000000076c200000| PB 0x000000076c200000| Complete 
| 866|0x000000076c400000, 0x000000076c600000, 0x000000076c600000|100%|HC|  |TAMS 0x000000076c400000| PB 0x000000076c400000| Complete 
| 867|0x000000076c600000, 0x000000076c800000, 0x000000076c800000|100%|HC|  |TAMS 0x000000076c600000| PB 0x000000076c600000| Complete 
| 868|0x000000076c800000, 0x000000076ca00000, 0x000000076ca00000|100%|HC|  |TAMS 0x000000076c800000| PB 0x000000076c800000| Complete 
| 869|0x000000076ca00000, 0x000000076cc00000, 0x000000076cc00000|100%|HC|  |TAMS 0x000000076ca00000| PB 0x000000076ca00000| Complete 
| 870|0x000000076cc00000, 0x000000076ce00000, 0x000000076ce00000|100%|HC|  |TAMS 0x000000076cc00000| PB 0x000000076cc00000| Complete 
| 871|0x000000076ce00000, 0x000000076d000000, 0x000000076d000000|100%|HC|  |TAMS 0x000000076ce00000| PB 0x000000076ce00000| Complete 
| 872|0x000000076d000000, 0x000000076d200000, 0x000000076d200000|100%|HC|  |TAMS 0x000000076d000000| PB 0x000000076d000000| Complete 
| 873|0x000000076d200000, 0x000000076d400000, 0x000000076d400000|100%|HC|  |TAMS 0x000000076d200000| PB 0x000000076d200000| Complete 
| 874|0x000000076d400000, 0x000000076d600000, 0x000000076d600000|100%|HC|  |TAMS 0x000000076d400000| PB 0x000000076d400000| Complete 
| 875|0x000000076d600000, 0x000000076d800000, 0x000000076d800000|100%|HC|  |TAMS 0x000000076d600000| PB 0x000000076d600000| Complete 
| 876|0x000000076d800000, 0x000000076da00000, 0x000000076da00000|100%|HC|  |TAMS 0x000000076d800000| PB 0x000000076d800000| Complete 
| 877|0x000000076da00000, 0x000000076dc00000, 0x000000076dc00000|100%|HC|  |TAMS 0x000000076da00000| PB 0x000000076da00000| Complete 
| 878|0x000000076dc00000, 0x000000076de00000, 0x000000076de00000|100%|HC|  |TAMS 0x000000076dc00000| PB 0x000000076dc00000| Complete 
| 879|0x000000076de00000, 0x000000076e000000, 0x000000076e000000|100%|HC|  |TAMS 0x000000076de00000| PB 0x000000076de00000| Complete 
| 880|0x000000076e000000, 0x000000076e200000, 0x000000076e200000|100%|HC|  |TAMS 0x000000076e000000| PB 0x000000076e000000| Complete 
| 881|0x000000076e200000, 0x000000076e400000, 0x000000076e400000|100%|HC|  |TAMS 0x000000076e200000| PB 0x000000076e200000| Complete 
| 882|0x000000076e400000, 0x000000076e600000, 0x000000076e600000|100%|HC|  |TAMS 0x000000076e400000| PB 0x000000076e400000| Complete 
| 883|0x000000076e600000, 0x000000076e800000, 0x000000076e800000|100%|HC|  |TAMS 0x000000076e600000| PB 0x000000076e600000| Complete 
| 884|0x000000076e800000, 0x000000076ea00000, 0x000000076ea00000|100%|HC|  |TAMS 0x000000076e800000| PB 0x000000076e800000| Complete 
| 885|0x000000076ea00000, 0x000000076ec00000, 0x000000076ec00000|100%|HC|  |TAMS 0x000000076ea00000| PB 0x000000076ea00000| Complete 
| 886|0x000000076ec00000, 0x000000076ee00000, 0x000000076ee00000|100%|HC|  |TAMS 0x000000076ec00000| PB 0x000000076ec00000| Complete 
| 887|0x000000076ee00000, 0x000000076f000000, 0x000000076f000000|100%|HC|  |TAMS 0x000000076ee00000| PB 0x000000076ee00000| Complete 
| 888|0x000000076f000000, 0x000000076f200000, 0x000000076f200000|100%|HC|  |TAMS 0x000000076f000000| PB 0x000000076f000000| Complete 
| 889|0x000000076f200000, 0x000000076f400000, 0x000000076f400000|100%|HC|  |TAMS 0x000000076f200000| PB 0x000000076f200000| Complete 
| 890|0x000000076f400000, 0x000000076f600000, 0x000000076f600000|100%|HC|  |TAMS 0x000000076f400000| PB 0x000000076f400000| Complete 
| 891|0x000000076f600000, 0x000000076f800000, 0x000000076f800000|100%|HC|  |TAMS 0x000000076f600000| PB 0x000000076f600000| Complete 
| 892|0x000000076f800000, 0x000000076fa00000, 0x000000076fa00000|100%|HC|  |TAMS 0x000000076f800000| PB 0x000000076f800000| Complete 
| 893|0x000000076fa00000, 0x000000076fc00000, 0x000000076fc00000|100%|HC|  |TAMS 0x000000076fa00000| PB 0x000000076fa00000| Complete 
| 894|0x000000076fc00000, 0x000000076fe00000, 0x000000076fe00000|100%|HC|  |TAMS 0x000000076fc00000| PB 0x000000076fc00000| Complete 
| 895|0x000000076fe00000, 0x0000000770000000, 0x0000000770000000|100%|HC|  |TAMS 0x000000076fe00000| PB 0x000000076fe00000| Complete 
| 896|0x0000000770000000, 0x0000000770200000, 0x0000000770200000|100%|HC|  |TAMS 0x0000000770000000| PB 0x0000000770000000| Complete 
| 897|0x0000000770200000, 0x0000000770400000, 0x0000000770400000|100%|HC|  |TAMS 0x0000000770200000| PB 0x0000000770200000| Complete 
| 898|0x0000000770400000, 0x0000000770600000, 0x0000000770600000|100%|HC|  |TAMS 0x0000000770400000| PB 0x0000000770400000| Complete 
| 899|0x0000000770600000, 0x0000000770800000, 0x0000000770800000|100%|HC|  |TAMS 0x0000000770600000| PB 0x0000000770600000| Complete 
| 900|0x0000000770800000, 0x0000000770a00000, 0x0000000770a00000|100%|HC|  |TAMS 0x0000000770800000| PB 0x0000000770800000| Complete 
| 901|0x0000000770a00000, 0x0000000770c00000, 0x0000000770c00000|100%|HC|  |TAMS 0x0000000770a00000| PB 0x0000000770a00000| Complete 
| 902|0x0000000770c00000, 0x0000000770e00000, 0x0000000770e00000|100%|HC|  |TAMS 0x0000000770c00000| PB 0x0000000770c00000| Complete 
| 903|0x0000000770e00000, 0x0000000771000000, 0x0000000771000000|100%|HC|  |TAMS 0x0000000770e00000| PB 0x0000000770e00000| Complete 
| 904|0x0000000771000000, 0x0000000771200000, 0x0000000771200000|100%|HC|  |TAMS 0x0000000771000000| PB 0x0000000771000000| Complete 
| 905|0x0000000771200000, 0x0000000771400000, 0x0000000771400000|100%|HC|  |TAMS 0x0000000771200000| PB 0x0000000771200000| Complete 
| 906|0x0000000771400000, 0x0000000771600000, 0x0000000771600000|100%|HC|  |TAMS 0x0000000771400000| PB 0x0000000771400000| Complete 
| 907|0x0000000771600000, 0x0000000771800000, 0x0000000771800000|100%|HC|  |TAMS 0x0000000771600000| PB 0x0000000771600000| Complete 
| 908|0x0000000771800000, 0x0000000771a00000, 0x0000000771a00000|100%|HC|  |TAMS 0x0000000771800000| PB 0x0000000771800000| Complete 
| 909|0x0000000771a00000, 0x0000000771c00000, 0x0000000771c00000|100%|HC|  |TAMS 0x0000000771a00000| PB 0x0000000771a00000| Complete 
| 910|0x0000000771c00000, 0x0000000771e00000, 0x0000000771e00000|100%|HC|  |TAMS 0x0000000771c00000| PB 0x0000000771c00000| Complete 
| 911|0x0000000771e00000, 0x0000000772000000, 0x0000000772000000|100%|HC|  |TAMS 0x0000000771e00000| PB 0x0000000771e00000| Complete 
| 912|0x0000000772000000, 0x0000000772200000, 0x0000000772200000|100%|HC|  |TAMS 0x0000000772000000| PB 0x0000000772000000| Complete 
| 913|0x0000000772200000, 0x0000000772400000, 0x0000000772400000|100%|HC|  |TAMS 0x0000000772200000| PB 0x0000000772200000| Complete 
| 914|0x0000000772400000, 0x0000000772600000, 0x0000000772600000|100%|HC|  |TAMS 0x0000000772400000| PB 0x0000000772400000| Complete 
| 915|0x0000000772600000, 0x0000000772800000, 0x0000000772800000|100%|HC|  |TAMS 0x0000000772600000| PB 0x0000000772600000| Complete 
| 916|0x0000000772800000, 0x0000000772a00000, 0x0000000772a00000|100%|HC|  |TAMS 0x0000000772800000| PB 0x0000000772800000| Complete 
| 917|0x0000000772a00000, 0x0000000772c00000, 0x0000000772c00000|100%|HC|  |TAMS 0x0000000772a00000| PB 0x0000000772a00000| Complete 
| 918|0x0000000772c00000, 0x0000000772e00000, 0x0000000772e00000|100%|HC|  |TAMS 0x0000000772c00000| PB 0x0000000772c00000| Complete 
| 919|0x0000000772e00000, 0x0000000773000000, 0x0000000773000000|100%|HC|  |TAMS 0x0000000772e00000| PB 0x0000000772e00000| Complete 
| 920|0x0000000773000000, 0x0000000773200000, 0x0000000773200000|100%|HC|  |TAMS 0x0000000773000000| PB 0x0000000773000000| Complete 
| 921|0x0000000773200000, 0x0000000773400000, 0x0000000773400000|100%|HC|  |TAMS 0x0000000773200000| PB 0x0000000773200000| Complete 
| 922|0x0000000773400000, 0x0000000773600000, 0x0000000773600000|100%|HC|  |TAMS 0x0000000773400000| PB 0x0000000773400000| Complete 
| 923|0x0000000773600000, 0x0000000773800000, 0x0000000773800000|100%|HC|  |TAMS 0x0000000773600000| PB 0x0000000773600000| Complete 
| 924|0x0000000773800000, 0x0000000773a00000, 0x0000000773a00000|100%|HC|  |TAMS 0x0000000773800000| PB 0x0000000773800000| Complete 
| 925|0x0000000773a00000, 0x0000000773c00000, 0x0000000773c00000|100%|HC|  |TAMS 0x0000000773a00000| PB 0x0000000773a00000| Complete 
| 926|0x0000000773c00000, 0x0000000773e00000, 0x0000000773e00000|100%|HC|  |TAMS 0x0000000773c00000| PB 0x0000000773c00000| Complete 
| 927|0x0000000773e00000, 0x0000000774000000, 0x0000000774000000|100%|HC|  |TAMS 0x0000000773e00000| PB 0x0000000773e00000| Complete 
| 928|0x0000000774000000, 0x0000000774200000, 0x0000000774200000|100%|HC|  |TAMS 0x0000000774000000| PB 0x0000000774000000| Complete 
| 929|0x0000000774200000, 0x0000000774400000, 0x0000000774400000|100%|HC|  |TAMS 0x0000000774200000| PB 0x0000000774200000| Complete 
| 930|0x0000000774400000, 0x0000000774600000, 0x0000000774600000|100%|HC|  |TAMS 0x0000000774400000| PB 0x0000000774400000| Complete 
| 931|0x0000000774600000, 0x0000000774800000, 0x0000000774800000|100%|HC|  |TAMS 0x0000000774600000| PB 0x0000000774600000| Complete 
| 932|0x0000000774800000, 0x0000000774a00000, 0x0000000774a00000|100%|HC|  |TAMS 0x0000000774800000| PB 0x0000000774800000| Complete 
| 933|0x0000000774a00000, 0x0000000774c00000, 0x0000000774c00000|100%|HC|  |TAMS 0x0000000774a00000| PB 0x0000000774a00000| Complete 
| 934|0x0000000774c00000, 0x0000000774e00000, 0x0000000774e00000|100%|HC|  |TAMS 0x0000000774c00000| PB 0x0000000774c00000| Complete 
| 935|0x0000000774e00000, 0x0000000775000000, 0x0000000775000000|100%|HC|  |TAMS 0x0000000774e00000| PB 0x0000000774e00000| Complete 
| 936|0x0000000775000000, 0x0000000775200000, 0x0000000775200000|100%|HC|  |TAMS 0x0000000775000000| PB 0x0000000775000000| Complete 
| 937|0x0000000775200000, 0x0000000775400000, 0x0000000775400000|100%|HC|  |TAMS 0x0000000775200000| PB 0x0000000775200000| Complete 
| 938|0x0000000775400000, 0x0000000775600000, 0x0000000775600000|100%|HC|  |TAMS 0x0000000775400000| PB 0x0000000775400000| Complete 
| 939|0x0000000775600000, 0x0000000775800000, 0x0000000775800000|100%|HC|  |TAMS 0x0000000775600000| PB 0x0000000775600000| Complete 
| 940|0x0000000775800000, 0x0000000775a00000, 0x0000000775a00000|100%|HC|  |TAMS 0x0000000775800000| PB 0x0000000775800000| Complete 
| 941|0x0000000775a00000, 0x0000000775c00000, 0x0000000775c00000|100%|HC|  |TAMS 0x0000000775a00000| PB 0x0000000775a00000| Complete 
| 942|0x0000000775c00000, 0x0000000775e00000, 0x0000000775e00000|100%|HC|  |TAMS 0x0000000775c00000| PB 0x0000000775c00000| Complete 
| 943|0x0000000775e00000, 0x0000000776000000, 0x0000000776000000|100%|HC|  |TAMS 0x0000000775e00000| PB 0x0000000775e00000| Complete 
| 944|0x0000000776000000, 0x0000000776200000, 0x0000000776200000|100%|HC|  |TAMS 0x0000000776000000| PB 0x0000000776000000| Complete 
| 945|0x0000000776200000, 0x0000000776400000, 0x0000000776400000|100%|HC|  |TAMS 0x0000000776200000| PB 0x0000000776200000| Complete 
| 946|0x0000000776400000, 0x0000000776600000, 0x0000000776600000|100%|HC|  |TAMS 0x0000000776400000| PB 0x0000000776400000| Complete 
| 947|0x0000000776600000, 0x0000000776800000, 0x0000000776800000|100%|HC|  |TAMS 0x0000000776600000| PB 0x0000000776600000| Complete 
| 948|0x0000000776800000, 0x0000000776a00000, 0x0000000776a00000|100%|HC|  |TAMS 0x0000000776800000| PB 0x0000000776800000| Complete 
| 949|0x0000000776a00000, 0x0000000776c00000, 0x0000000776c00000|100%|HC|  |TAMS 0x0000000776a00000| PB 0x0000000776a00000| Complete 
| 950|0x0000000776c00000, 0x0000000776e00000, 0x0000000776e00000|100%|HC|  |TAMS 0x0000000776c00000| PB 0x0000000776c00000| Complete 
| 951|0x0000000776e00000, 0x0000000777000000, 0x0000000777000000|100%|HC|  |TAMS 0x0000000776e00000| PB 0x0000000776e00000| Complete 
| 952|0x0000000777000000, 0x0000000777200000, 0x0000000777200000|100%|HC|  |TAMS 0x0000000777000000| PB 0x0000000777000000| Complete 
| 953|0x0000000777200000, 0x0000000777400000, 0x0000000777400000|100%|HC|  |TAMS 0x0000000777200000| PB 0x0000000777200000| Complete 
| 954|0x0000000777400000, 0x0000000777600000, 0x0000000777600000|100%|HC|  |TAMS 0x0000000777400000| PB 0x0000000777400000| Complete 
| 955|0x0000000777600000, 0x0000000777800000, 0x0000000777800000|100%|HC|  |TAMS 0x0000000777600000| PB 0x0000000777600000| Complete 
| 956|0x0000000777800000, 0x0000000777a00000, 0x0000000777a00000|100%|HC|  |TAMS 0x0000000777800000| PB 0x0000000777800000| Complete 
| 957|0x0000000777a00000, 0x0000000777c00000, 0x0000000777c00000|100%|HC|  |TAMS 0x0000000777a00000| PB 0x0000000777a00000| Complete 
| 958|0x0000000777c00000, 0x0000000777e00000, 0x0000000777e00000|100%|HC|  |TAMS 0x0000000777c00000| PB 0x0000000777c00000| Complete 
| 959|0x0000000777e00000, 0x0000000778000000, 0x0000000778000000|100%|HC|  |TAMS 0x0000000777e00000| PB 0x0000000777e00000| Complete 
| 960|0x0000000778000000, 0x0000000778200000, 0x0000000778200000|100%|HC|  |TAMS 0x0000000778000000| PB 0x0000000778000000| Complete 
| 961|0x0000000778200000, 0x0000000778400000, 0x0000000778400000|100%|HC|  |TAMS 0x0000000778200000| PB 0x0000000778200000| Complete 
| 962|0x0000000778400000, 0x0000000778600000, 0x0000000778600000|100%|HC|  |TAMS 0x0000000778400000| PB 0x0000000778400000| Complete 
| 963|0x0000000778600000, 0x0000000778800000, 0x0000000778800000|100%|HC|  |TAMS 0x0000000778600000| PB 0x0000000778600000| Complete 
| 964|0x0000000778800000, 0x0000000778a00000, 0x0000000778a00000|100%|HC|  |TAMS 0x0000000778800000| PB 0x0000000778800000| Complete 
| 965|0x0000000778a00000, 0x0000000778c00000, 0x0000000778c00000|100%|HC|  |TAMS 0x0000000778a00000| PB 0x0000000778a00000| Complete 
| 966|0x0000000778c00000, 0x0000000778e00000, 0x0000000778e00000|100%|HC|  |TAMS 0x0000000778c00000| PB 0x0000000778c00000| Complete 
| 967|0x0000000778e00000, 0x0000000779000000, 0x0000000779000000|100%|HC|  |TAMS 0x0000000778e00000| PB 0x0000000778e00000| Complete 
| 968|0x0000000779000000, 0x0000000779200000, 0x0000000779200000|100%|HC|  |TAMS 0x0000000779000000| PB 0x0000000779000000| Complete 
| 969|0x0000000779200000, 0x0000000779400000, 0x0000000779400000|100%|HC|  |TAMS 0x0000000779200000| PB 0x0000000779200000| Complete 
| 970|0x0000000779400000, 0x0000000779600000, 0x0000000779600000|100%|HS|  |TAMS 0x0000000779400000| PB 0x0000000779400000| Complete 
| 971|0x0000000779600000, 0x0000000779800000, 0x0000000779800000|100%|HC|  |TAMS 0x0000000779600000| PB 0x0000000779600000| Complete 
| 972|0x0000000779800000, 0x0000000779a00000, 0x0000000779a00000|100%|HC|  |TAMS 0x0000000779800000| PB 0x0000000779800000| Complete 
| 973|0x0000000779a00000, 0x0000000779c00000, 0x0000000779c00000|100%|HC|  |TAMS 0x0000000779a00000| PB 0x0000000779a00000| Complete 
| 974|0x0000000779c00000, 0x0000000779e00000, 0x0000000779e00000|100%|HC|  |TAMS 0x0000000779c00000| PB 0x0000000779c00000| Complete 
| 975|0x0000000779e00000, 0x000000077a000000, 0x000000077a000000|100%|HC|  |TAMS 0x0000000779e00000| PB 0x0000000779e00000| Complete 
| 976|0x000000077a000000, 0x000000077a200000, 0x000000077a200000|100%|HC|  |TAMS 0x000000077a000000| PB 0x000000077a000000| Complete 
| 977|0x000000077a200000, 0x000000077a400000, 0x000000077a400000|100%|HC|  |TAMS 0x000000077a200000| PB 0x000000077a200000| Complete 
| 978|0x000000077a400000, 0x000000077a600000, 0x000000077a600000|100%|HC|  |TAMS 0x000000077a400000| PB 0x000000077a400000| Complete 
| 979|0x000000077a600000, 0x000000077a800000, 0x000000077a800000|100%|HC|  |TAMS 0x000000077a600000| PB 0x000000077a600000| Complete 
| 980|0x000000077a800000, 0x000000077aa00000, 0x000000077aa00000|100%|HC|  |TAMS 0x000000077a800000| PB 0x000000077a800000| Complete 
| 981|0x000000077aa00000, 0x000000077ac00000, 0x000000077ac00000|100%|HC|  |TAMS 0x000000077aa00000| PB 0x000000077aa00000| Complete 
| 982|0x000000077ac00000, 0x000000077ae00000, 0x000000077ae00000|100%|HC|  |TAMS 0x000000077ac00000| PB 0x000000077ac00000| Complete 
| 983|0x000000077ae00000, 0x000000077b000000, 0x000000077b000000|100%|HC|  |TAMS 0x000000077ae00000| PB 0x000000077ae00000| Complete 
| 984|0x000000077b000000, 0x000000077b200000, 0x000000077b200000|100%|HC|  |TAMS 0x000000077b000000| PB 0x000000077b000000| Complete 
| 985|0x000000077b200000, 0x000000077b400000, 0x000000077b400000|100%|HC|  |TAMS 0x000000077b200000| PB 0x000000077b200000| Complete 
| 986|0x000000077b400000, 0x000000077b600000, 0x000000077b600000|100%|HC|  |TAMS 0x000000077b400000| PB 0x000000077b400000| Complete 
| 987|0x000000077b600000, 0x000000077b800000, 0x000000077b800000|100%|HC|  |TAMS 0x000000077b600000| PB 0x000000077b600000| Complete 
| 988|0x000000077b800000, 0x000000077ba00000, 0x000000077ba00000|100%|HC|  |TAMS 0x000000077b800000| PB 0x000000077b800000| Complete 
| 989|0x000000077ba00000, 0x000000077bc00000, 0x000000077bc00000|100%|HC|  |TAMS 0x000000077ba00000| PB 0x000000077ba00000| Complete 
| 990|0x000000077bc00000, 0x000000077be00000, 0x000000077be00000|100%|HC|  |TAMS 0x000000077bc00000| PB 0x000000077bc00000| Complete 
| 991|0x000000077be00000, 0x000000077c000000, 0x000000077c000000|100%|HC|  |TAMS 0x000000077be00000| PB 0x000000077be00000| Complete 
| 992|0x000000077c000000, 0x000000077c200000, 0x000000077c200000|100%|HC|  |TAMS 0x000000077c000000| PB 0x000000077c000000| Complete 
| 993|0x000000077c200000, 0x000000077c400000, 0x000000077c400000|100%|HC|  |TAMS 0x000000077c200000| PB 0x000000077c200000| Complete 
| 994|0x000000077c400000, 0x000000077c600000, 0x000000077c600000|100%|HC|  |TAMS 0x000000077c400000| PB 0x000000077c400000| Complete 
| 995|0x000000077c600000, 0x000000077c800000, 0x000000077c800000|100%|HC|  |TAMS 0x000000077c600000| PB 0x000000077c600000| Complete 
| 996|0x000000077c800000, 0x000000077ca00000, 0x000000077ca00000|100%|HC|  |TAMS 0x000000077c800000| PB 0x000000077c800000| Complete 
| 997|0x000000077ca00000, 0x000000077cc00000, 0x000000077cc00000|100%|HC|  |TAMS 0x000000077ca00000| PB 0x000000077ca00000| Complete 
| 998|0x000000077cc00000, 0x000000077ce00000, 0x000000077ce00000|100%|HC|  |TAMS 0x000000077cc00000| PB 0x000000077cc00000| Complete 
| 999|0x000000077ce00000, 0x000000077d000000, 0x000000077d000000|100%|HC|  |TAMS 0x000000077ce00000| PB 0x000000077ce00000| Complete 
|1000|0x000000077d000000, 0x000000077d200000, 0x000000077d200000|100%|HC|  |TAMS 0x000000077d000000| PB 0x000000077d000000| Complete 
|1001|0x000000077d200000, 0x000000077d400000, 0x000000077d400000|100%|HC|  |TAMS 0x000000077d200000| PB 0x000000077d200000| Complete 
|1002|0x000000077d400000, 0x000000077d600000, 0x000000077d600000|100%|HC|  |TAMS 0x000000077d400000| PB 0x000000077d400000| Complete 
|1003|0x000000077d600000, 0x000000077d800000, 0x000000077d800000|100%|HC|  |TAMS 0x000000077d600000| PB 0x000000077d600000| Complete 
|1004|0x000000077d800000, 0x000000077da00000, 0x000000077da00000|100%|HC|  |TAMS 0x000000077d800000| PB 0x000000077d800000| Complete 
|1005|0x000000077da00000, 0x000000077dc00000, 0x000000077dc00000|100%|HC|  |TAMS 0x000000077da00000| PB 0x000000077da00000| Complete 
|1006|0x000000077dc00000, 0x000000077de00000, 0x000000077de00000|100%|HC|  |TAMS 0x000000077dc00000| PB 0x000000077dc00000| Complete 
|1007|0x000000077de00000, 0x000000077e000000, 0x000000077e000000|100%|HC|  |TAMS 0x000000077de00000| PB 0x000000077de00000| Complete 
|1008|0x000000077e000000, 0x000000077e200000, 0x000000077e200000|100%|HC|  |TAMS 0x000000077e000000| PB 0x000000077e000000| Complete 
|1009|0x000000077e200000, 0x000000077e400000, 0x000000077e400000|100%|HC|  |TAMS 0x000000077e200000| PB 0x000000077e200000| Complete 
|1010|0x000000077e400000, 0x000000077e600000, 0x000000077e600000|100%|HC|  |TAMS 0x000000077e400000| PB 0x000000077e400000| Complete 
|1011|0x000000077e600000, 0x000000077e800000, 0x000000077e800000|100%|HC|  |TAMS 0x000000077e600000| PB 0x000000077e600000| Complete 
|1012|0x000000077e800000, 0x000000077ea00000, 0x000000077ea00000|100%|HC|  |TAMS 0x000000077e800000| PB 0x000000077e800000| Complete 
|1013|0x000000077ea00000, 0x000000077ec00000, 0x000000077ec00000|100%|HC|  |TAMS 0x000000077ea00000| PB 0x000000077ea00000| Complete 
|1014|0x000000077ec00000, 0x000000077ee00000, 0x000000077ee00000|100%|HC|  |TAMS 0x000000077ec00000| PB 0x000000077ec00000| Complete 
|1015|0x000000077ee00000, 0x000000077f000000, 0x000000077f000000|100%|HC|  |TAMS 0x000000077ee00000| PB 0x000000077ee00000| Complete 
|1016|0x000000077f000000, 0x000000077f200000, 0x000000077f200000|100%|HC|  |TAMS 0x000000077f000000| PB 0x000000077f000000| Complete 
|1017|0x000000077f200000, 0x000000077f400000, 0x000000077f400000|100%|HC|  |TAMS 0x000000077f200000| PB 0x000000077f200000| Complete 
|1018|0x000000077f400000, 0x000000077f600000, 0x000000077f600000|100%|HC|  |TAMS 0x000000077f400000| PB 0x000000077f400000| Complete 
|1019|0x000000077f600000, 0x000000077f800000, 0x000000077f800000|100%|HC|  |TAMS 0x000000077f600000| PB 0x000000077f600000| Complete 
|1020|0x000000077f800000, 0x000000077fa00000, 0x000000077fa00000|100%|HC|  |TAMS 0x000000077f800000| PB 0x000000077f800000| Complete 
|1021|0x000000077fa00000, 0x000000077fc00000, 0x000000077fc00000|100%|HC|  |TAMS 0x000000077fa00000| PB 0x000000077fa00000| Complete 
|1022|0x000000077fc00000, 0x000000077fe00000, 0x000000077fe00000|100%|HC|  |TAMS 0x000000077fc00000| PB 0x000000077fc00000| Complete 
|1023|0x000000077fe00000, 0x0000000780000000, 0x0000000780000000|100%|HC|  |TAMS 0x000000077fe00000| PB 0x000000077fe00000| Complete 
|1024|0x0000000780000000, 0x0000000780200000, 0x0000000780200000|100%|HC|  |TAMS 0x0000000780000000| PB 0x0000000780000000| Complete 
|1025|0x0000000780200000, 0x0000000780400000, 0x0000000780400000|100%|HC|  |TAMS 0x0000000780200000| PB 0x0000000780200000| Complete 
|1026|0x0000000780400000, 0x0000000780600000, 0x0000000780600000|100%|HC|  |TAMS 0x0000000780400000| PB 0x0000000780400000| Complete 
|1027|0x0000000780600000, 0x0000000780800000, 0x0000000780800000|100%|HC|  |TAMS 0x0000000780600000| PB 0x0000000780600000| Complete 
|1028|0x0000000780800000, 0x0000000780a00000, 0x0000000780a00000|100%|HC|  |TAMS 0x0000000780800000| PB 0x0000000780800000| Complete 
|1029|0x0000000780a00000, 0x0000000780c00000, 0x0000000780c00000|100%|HC|  |TAMS 0x0000000780a00000| PB 0x0000000780a00000| Complete 
|1030|0x0000000780c00000, 0x0000000780e00000, 0x0000000780e00000|100%|HC|  |TAMS 0x0000000780c00000| PB 0x0000000780c00000| Complete 
|1031|0x0000000780e00000, 0x0000000781000000, 0x0000000781000000|100%|HC|  |TAMS 0x0000000780e00000| PB 0x0000000780e00000| Complete 
|1032|0x0000000781000000, 0x0000000781200000, 0x0000000781200000|100%|HC|  |TAMS 0x0000000781000000| PB 0x0000000781000000| Complete 
|1033|0x0000000781200000, 0x0000000781400000, 0x0000000781400000|100%|HC|  |TAMS 0x0000000781200000| PB 0x0000000781200000| Complete 
|1034|0x0000000781400000, 0x0000000781600000, 0x0000000781600000|100%|HC|  |TAMS 0x0000000781400000| PB 0x0000000781400000| Complete 
|1035|0x0000000781600000, 0x0000000781800000, 0x0000000781800000|100%|HC|  |TAMS 0x0000000781600000| PB 0x0000000781600000| Complete 
|1036|0x0000000781800000, 0x0000000781a00000, 0x0000000781a00000|100%|HC|  |TAMS 0x0000000781800000| PB 0x0000000781800000| Complete 
|1037|0x0000000781a00000, 0x0000000781c00000, 0x0000000781c00000|100%|HC|  |TAMS 0x0000000781a00000| PB 0x0000000781a00000| Complete 
|1038|0x0000000781c00000, 0x0000000781e00000, 0x0000000781e00000|100%|HC|  |TAMS 0x0000000781c00000| PB 0x0000000781c00000| Complete 
|1039|0x0000000781e00000, 0x0000000782000000, 0x0000000782000000|100%|HC|  |TAMS 0x0000000781e00000| PB 0x0000000781e00000| Complete 
|1040|0x0000000782000000, 0x0000000782200000, 0x0000000782200000|100%|HC|  |TAMS 0x0000000782000000| PB 0x0000000782000000| Complete 
|1041|0x0000000782200000, 0x0000000782400000, 0x0000000782400000|100%|HC|  |TAMS 0x0000000782200000| PB 0x0000000782200000| Complete 
|1042|0x0000000782400000, 0x0000000782600000, 0x0000000782600000|100%|HC|  |TAMS 0x0000000782400000| PB 0x0000000782400000| Complete 
|1043|0x0000000782600000, 0x0000000782800000, 0x0000000782800000|100%|HC|  |TAMS 0x0000000782600000| PB 0x0000000782600000| Complete 
|1044|0x0000000782800000, 0x0000000782a00000, 0x0000000782a00000|100%|HC|  |TAMS 0x0000000782800000| PB 0x0000000782800000| Complete 
|1045|0x0000000782a00000, 0x0000000782c00000, 0x0000000782c00000|100%|HC|  |TAMS 0x0000000782a00000| PB 0x0000000782a00000| Complete 
|1046|0x0000000782c00000, 0x0000000782e00000, 0x0000000782e00000|100%|HC|  |TAMS 0x0000000782c00000| PB 0x0000000782c00000| Complete 
|1047|0x0000000782e00000, 0x0000000783000000, 0x0000000783000000|100%|HC|  |TAMS 0x0000000782e00000| PB 0x0000000782e00000| Complete 
|1048|0x0000000783000000, 0x0000000783200000, 0x0000000783200000|100%|HS|  |TAMS 0x0000000783000000| PB 0x0000000783000000| Complete 
|1049|0x0000000783200000, 0x0000000783400000, 0x0000000783400000|100%|HC|  |TAMS 0x0000000783200000| PB 0x0000000783200000| Complete 
|1050|0x0000000783400000, 0x0000000783600000, 0x0000000783600000|100%|HC|  |TAMS 0x0000000783400000| PB 0x0000000783400000| Complete 
|1051|0x0000000783600000, 0x0000000783800000, 0x0000000783800000|100%|HC|  |TAMS 0x0000000783600000| PB 0x0000000783600000| Complete 
|1052|0x0000000783800000, 0x0000000783a00000, 0x0000000783a00000|100%|HC|  |TAMS 0x0000000783800000| PB 0x0000000783800000| Complete 
|1053|0x0000000783a00000, 0x0000000783c00000, 0x0000000783c00000|100%|HC|  |TAMS 0x0000000783a00000| PB 0x0000000783a00000| Complete 
|1054|0x0000000783c00000, 0x0000000783e00000, 0x0000000783e00000|100%|HC|  |TAMS 0x0000000783c00000| PB 0x0000000783c00000| Complete 
|1055|0x0000000783e00000, 0x0000000784000000, 0x0000000784000000|100%|HC|  |TAMS 0x0000000783e00000| PB 0x0000000783e00000| Complete 
|1056|0x0000000784000000, 0x0000000784200000, 0x0000000784200000|100%|HC|  |TAMS 0x0000000784000000| PB 0x0000000784000000| Complete 
|1057|0x0000000784200000, 0x0000000784400000, 0x0000000784400000|100%|HC|  |TAMS 0x0000000784200000| PB 0x0000000784200000| Complete 
|1058|0x0000000784400000, 0x0000000784600000, 0x0000000784600000|100%|HC|  |TAMS 0x0000000784400000| PB 0x0000000784400000| Complete 
|1059|0x0000000784600000, 0x0000000784800000, 0x0000000784800000|100%|HC|  |TAMS 0x0000000784600000| PB 0x0000000784600000| Complete 
|1060|0x0000000784800000, 0x0000000784a00000, 0x0000000784a00000|100%|HC|  |TAMS 0x0000000784800000| PB 0x0000000784800000| Complete 
|1061|0x0000000784a00000, 0x0000000784c00000, 0x0000000784c00000|100%|HC|  |TAMS 0x0000000784a00000| PB 0x0000000784a00000| Complete 
|1062|0x0000000784c00000, 0x0000000784e00000, 0x0000000784e00000|100%|HC|  |TAMS 0x0000000784c00000| PB 0x0000000784c00000| Complete 
|1063|0x0000000784e00000, 0x0000000785000000, 0x0000000785000000|100%|HC|  |TAMS 0x0000000784e00000| PB 0x0000000784e00000| Complete 
|1064|0x0000000785000000, 0x0000000785200000, 0x0000000785200000|100%|HC|  |TAMS 0x0000000785000000| PB 0x0000000785000000| Complete 
|1065|0x0000000785200000, 0x0000000785400000, 0x0000000785400000|100%|HS|  |TAMS 0x0000000785200000| PB 0x0000000785200000| Complete 
|1066|0x0000000785400000, 0x0000000785600000, 0x0000000785600000|100%|HC|  |TAMS 0x0000000785400000| PB 0x0000000785400000| Complete 
|1067|0x0000000785600000, 0x0000000785800000, 0x0000000785800000|100%|HC|  |TAMS 0x0000000785600000| PB 0x0000000785600000| Complete 
|1068|0x0000000785800000, 0x0000000785a00000, 0x0000000785a00000|100%|HC|  |TAMS 0x0000000785800000| PB 0x0000000785800000| Complete 
|1069|0x0000000785a00000, 0x0000000785c00000, 0x0000000785c00000|100%|HC|  |TAMS 0x0000000785a00000| PB 0x0000000785a00000| Complete 
|1070|0x0000000785c00000, 0x0000000785e00000, 0x0000000785e00000|100%|HC|  |TAMS 0x0000000785c00000| PB 0x0000000785c00000| Complete 
|1071|0x0000000785e00000, 0x0000000786000000, 0x0000000786000000|100%|HC|  |TAMS 0x0000000785e00000| PB 0x0000000785e00000| Complete 
|1072|0x0000000786000000, 0x0000000786200000, 0x0000000786200000|100%|HC|  |TAMS 0x0000000786000000| PB 0x0000000786000000| Complete 
|1073|0x0000000786200000, 0x0000000786400000, 0x0000000786400000|100%|HC|  |TAMS 0x0000000786200000| PB 0x0000000786200000| Complete 
|1074|0x0000000786400000, 0x0000000786600000, 0x0000000786600000|100%|HC|  |TAMS 0x0000000786400000| PB 0x0000000786400000| Complete 
|1075|0x0000000786600000, 0x0000000786800000, 0x0000000786800000|100%|HC|  |TAMS 0x0000000786600000| PB 0x0000000786600000| Complete 
|1076|0x0000000786800000, 0x0000000786a00000, 0x0000000786a00000|100%|HC|  |TAMS 0x0000000786800000| PB 0x0000000786800000| Complete 
|1077|0x0000000786a00000, 0x0000000786c00000, 0x0000000786c00000|100%|HC|  |TAMS 0x0000000786a00000| PB 0x0000000786a00000| Complete 
|1078|0x0000000786c00000, 0x0000000786e00000, 0x0000000786e00000|100%|HC|  |TAMS 0x0000000786c00000| PB 0x0000000786c00000| Complete 
|1079|0x0000000786e00000, 0x0000000787000000, 0x0000000787000000|100%|HC|  |TAMS 0x0000000786e00000| PB 0x0000000786e00000| Complete 
|1080|0x0000000787000000, 0x0000000787200000, 0x0000000787200000|100%|HC|  |TAMS 0x0000000787000000| PB 0x0000000787000000| Complete 
|1081|0x0000000787200000, 0x0000000787400000, 0x0000000787400000|100%|HC|  |TAMS 0x0000000787200000| PB 0x0000000787200000| Complete 
|1082|0x0000000787400000, 0x0000000787600000, 0x0000000787600000|100%|HC|  |TAMS 0x0000000787400000| PB 0x0000000787400000| Complete 
|1083|0x0000000787600000, 0x0000000787800000, 0x0000000787800000|100%|HC|  |TAMS 0x0000000787600000| PB 0x0000000787600000| Complete 
|1084|0x0000000787800000, 0x0000000787a00000, 0x0000000787a00000|100%|HC|  |TAMS 0x0000000787800000| PB 0x0000000787800000| Complete 
|1085|0x0000000787a00000, 0x0000000787c00000, 0x0000000787c00000|100%|HC|  |TAMS 0x0000000787a00000| PB 0x0000000787a00000| Complete 
|1086|0x0000000787c00000, 0x0000000787e00000, 0x0000000787e00000|100%|HC|  |TAMS 0x0000000787c00000| PB 0x0000000787c00000| Complete 
|1087|0x0000000787e00000, 0x0000000788000000, 0x0000000788000000|100%|HC|  |TAMS 0x0000000787e00000| PB 0x0000000787e00000| Complete 
|1088|0x0000000788000000, 0x0000000788200000, 0x0000000788200000|100%|HC|  |TAMS 0x0000000788000000| PB 0x0000000788000000| Complete 
|1089|0x0000000788200000, 0x0000000788400000, 0x0000000788400000|100%|HC|  |TAMS 0x0000000788200000| PB 0x0000000788200000| Complete 
|1090|0x0000000788400000, 0x0000000788600000, 0x0000000788600000|100%|HC|  |TAMS 0x0000000788400000| PB 0x0000000788400000| Complete 
|1091|0x0000000788600000, 0x0000000788800000, 0x0000000788800000|100%|HC|  |TAMS 0x0000000788600000| PB 0x0000000788600000| Complete 
|1092|0x0000000788800000, 0x0000000788a00000, 0x0000000788a00000|100%|HC|  |TAMS 0x0000000788800000| PB 0x0000000788800000| Complete 
|1093|0x0000000788a00000, 0x0000000788c00000, 0x0000000788c00000|100%|HC|  |TAMS 0x0000000788a00000| PB 0x0000000788a00000| Complete 
|1094|0x0000000788c00000, 0x0000000788e00000, 0x0000000788e00000|100%|HC|  |TAMS 0x0000000788c00000| PB 0x0000000788c00000| Complete 
|1095|0x0000000788e00000, 0x0000000789000000, 0x0000000789000000|100%|HC|  |TAMS 0x0000000788e00000| PB 0x0000000788e00000| Complete 
|1096|0x0000000789000000, 0x0000000789200000, 0x0000000789200000|100%|HC|  |TAMS 0x0000000789000000| PB 0x0000000789000000| Complete 
|1097|0x0000000789200000, 0x0000000789400000, 0x0000000789400000|100%|HC|  |TAMS 0x0000000789200000| PB 0x0000000789200000| Complete 
|1098|0x0000000789400000, 0x0000000789600000, 0x0000000789600000|100%|HS|  |TAMS 0x0000000789400000| PB 0x0000000789400000| Complete 
|1099|0x0000000789600000, 0x0000000789800000, 0x0000000789800000|100%|HC|  |TAMS 0x0000000789600000| PB 0x0000000789600000| Complete 
|1100|0x0000000789800000, 0x0000000789a00000, 0x0000000789a00000|100%|HC|  |TAMS 0x0000000789800000| PB 0x0000000789800000| Complete 
|1101|0x0000000789a00000, 0x0000000789c00000, 0x0000000789c00000|100%|HC|  |TAMS 0x0000000789a00000| PB 0x0000000789a00000| Complete 
|1102|0x0000000789c00000, 0x0000000789e00000, 0x0000000789e00000|100%|HC|  |TAMS 0x0000000789c00000| PB 0x0000000789c00000| Complete 
|1103|0x0000000789e00000, 0x000000078a000000, 0x000000078a000000|100%|HC|  |TAMS 0x0000000789e00000| PB 0x0000000789e00000| Complete 
|1104|0x000000078a000000, 0x000000078a200000, 0x000000078a200000|100%|HC|  |TAMS 0x000000078a000000| PB 0x000000078a000000| Complete 
|1105|0x000000078a200000, 0x000000078a400000, 0x000000078a400000|100%|HC|  |TAMS 0x000000078a200000| PB 0x000000078a200000| Complete 
|1106|0x000000078a400000, 0x000000078a600000, 0x000000078a600000|100%|HC|  |TAMS 0x000000078a400000| PB 0x000000078a400000| Complete 
|1107|0x000000078a600000, 0x000000078a800000, 0x000000078a800000|100%|HC|  |TAMS 0x000000078a600000| PB 0x000000078a600000| Complete 
|1108|0x000000078a800000, 0x000000078aa00000, 0x000000078aa00000|100%|HC|  |TAMS 0x000000078a800000| PB 0x000000078a800000| Complete 
|1109|0x000000078aa00000, 0x000000078ac00000, 0x000000078ac00000|100%|HC|  |TAMS 0x000000078aa00000| PB 0x000000078aa00000| Complete 
|1110|0x000000078ac00000, 0x000000078ae00000, 0x000000078ae00000|100%|HC|  |TAMS 0x000000078ac00000| PB 0x000000078ac00000| Complete 
|1111|0x000000078ae00000, 0x000000078b000000, 0x000000078b000000|100%|HC|  |TAMS 0x000000078ae00000| PB 0x000000078ae00000| Complete 
|1112|0x000000078b000000, 0x000000078b200000, 0x000000078b200000|100%|HC|  |TAMS 0x000000078b000000| PB 0x000000078b000000| Complete 
|1113|0x000000078b200000, 0x000000078b400000, 0x000000078b400000|100%|HC|  |TAMS 0x000000078b200000| PB 0x000000078b200000| Complete 
|1114|0x000000078b400000, 0x000000078b600000, 0x000000078b600000|100%|HC|  |TAMS 0x000000078b400000| PB 0x000000078b400000| Complete 
|1115|0x000000078b600000, 0x000000078b800000, 0x000000078b800000|100%|HC|  |TAMS 0x000000078b600000| PB 0x000000078b600000| Complete 
|1116|0x000000078b800000, 0x000000078ba00000, 0x000000078ba00000|100%|HC|  |TAMS 0x000000078b800000| PB 0x000000078b800000| Complete 
|1117|0x000000078ba00000, 0x000000078bc00000, 0x000000078bc00000|100%|HC|  |TAMS 0x000000078ba00000| PB 0x000000078ba00000| Complete 
|1118|0x000000078bc00000, 0x000000078be00000, 0x000000078be00000|100%|HC|  |TAMS 0x000000078bc00000| PB 0x000000078bc00000| Complete 
|1119|0x000000078be00000, 0x000000078c000000, 0x000000078c000000|100%|HC|  |TAMS 0x000000078be00000| PB 0x000000078be00000| Complete 
|1120|0x000000078c000000, 0x000000078c200000, 0x000000078c200000|100%|HC|  |TAMS 0x000000078c000000| PB 0x000000078c000000| Complete 
|1121|0x000000078c200000, 0x000000078c400000, 0x000000078c400000|100%|HC|  |TAMS 0x000000078c200000| PB 0x000000078c200000| Complete 
|1122|0x000000078c400000, 0x000000078c600000, 0x000000078c600000|100%|HC|  |TAMS 0x000000078c400000| PB 0x000000078c400000| Complete 
|1123|0x000000078c600000, 0x000000078c800000, 0x000000078c800000|100%|HC|  |TAMS 0x000000078c600000| PB 0x000000078c600000| Complete 
|1124|0x000000078c800000, 0x000000078ca00000, 0x000000078ca00000|100%|HC|  |TAMS 0x000000078c800000| PB 0x000000078c800000| Complete 
|1125|0x000000078ca00000, 0x000000078cc00000, 0x000000078cc00000|100%|HC|  |TAMS 0x000000078ca00000| PB 0x000000078ca00000| Complete 
|1126|0x000000078cc00000, 0x000000078ce00000, 0x000000078ce00000|100%|HC|  |TAMS 0x000000078cc00000| PB 0x000000078cc00000| Complete 
|1127|0x000000078ce00000, 0x000000078d000000, 0x000000078d000000|100%|HC|  |TAMS 0x000000078ce00000| PB 0x000000078ce00000| Complete 
|1128|0x000000078d000000, 0x000000078d200000, 0x000000078d200000|100%|HC|  |TAMS 0x000000078d000000| PB 0x000000078d000000| Complete 
|1129|0x000000078d200000, 0x000000078d400000, 0x000000078d400000|100%|HC|  |TAMS 0x000000078d200000| PB 0x000000078d200000| Complete 
|1130|0x000000078d400000, 0x000000078d600000, 0x000000078d600000|100%|HC|  |TAMS 0x000000078d400000| PB 0x000000078d400000| Complete 
|1131|0x000000078d600000, 0x000000078d800000, 0x000000078d800000|100%|HC|  |TAMS 0x000000078d600000| PB 0x000000078d600000| Complete 
|1132|0x000000078d800000, 0x000000078da00000, 0x000000078da00000|100%|HC|  |TAMS 0x000000078d800000| PB 0x000000078d800000| Complete 
|1133|0x000000078da00000, 0x000000078dc00000, 0x000000078dc00000|100%|HC|  |TAMS 0x000000078da00000| PB 0x000000078da00000| Complete 
|1134|0x000000078dc00000, 0x000000078de00000, 0x000000078de00000|100%|HC|  |TAMS 0x000000078dc00000| PB 0x000000078dc00000| Complete 
|1135|0x000000078de00000, 0x000000078e000000, 0x000000078e000000|100%|HC|  |TAMS 0x000000078de00000| PB 0x000000078de00000| Complete 
|1136|0x000000078e000000, 0x000000078e200000, 0x000000078e200000|100%|HC|  |TAMS 0x000000078e000000| PB 0x000000078e000000| Complete 
|1137|0x000000078e200000, 0x000000078e400000, 0x000000078e400000|100%|HC|  |TAMS 0x000000078e200000| PB 0x000000078e200000| Complete 
|1138|0x000000078e400000, 0x000000078e600000, 0x000000078e600000|100%|HC|  |TAMS 0x000000078e400000| PB 0x000000078e400000| Complete 
|1139|0x000000078e600000, 0x000000078e800000, 0x000000078e800000|100%|HC|  |TAMS 0x000000078e600000| PB 0x000000078e600000| Complete 
|1140|0x000000078e800000, 0x000000078ea00000, 0x000000078ea00000|100%|HC|  |TAMS 0x000000078e800000| PB 0x000000078e800000| Complete 
|1141|0x000000078ea00000, 0x000000078ec00000, 0x000000078ec00000|100%|HC|  |TAMS 0x000000078ea00000| PB 0x000000078ea00000| Complete 
|1142|0x000000078ec00000, 0x000000078ee00000, 0x000000078ee00000|100%|HC|  |TAMS 0x000000078ec00000| PB 0x000000078ec00000| Complete 
|1143|0x000000078ee00000, 0x000000078f000000, 0x000000078f000000|100%|HC|  |TAMS 0x000000078ee00000| PB 0x000000078ee00000| Complete 
|1144|0x000000078f000000, 0x000000078f200000, 0x000000078f200000|100%|HC|  |TAMS 0x000000078f000000| PB 0x000000078f000000| Complete 
|1145|0x000000078f200000, 0x000000078f400000, 0x000000078f400000|100%|HC|  |TAMS 0x000000078f200000| PB 0x000000078f200000| Complete 
|1146|0x000000078f400000, 0x000000078f600000, 0x000000078f600000|100%|HC|  |TAMS 0x000000078f400000| PB 0x000000078f400000| Complete 
|1147|0x000000078f600000, 0x000000078f800000, 0x000000078f800000|100%|HC|  |TAMS 0x000000078f600000| PB 0x000000078f600000| Complete 
|1148|0x000000078f800000, 0x000000078fa00000, 0x000000078fa00000|100%|HC|  |TAMS 0x000000078f800000| PB 0x000000078f800000| Complete 
|1149|0x000000078fa00000, 0x000000078fc00000, 0x000000078fc00000|100%|HC|  |TAMS 0x000000078fa00000| PB 0x000000078fa00000| Complete 
|1150|0x000000078fc00000, 0x000000078fe00000, 0x000000078fe00000|100%|HC|  |TAMS 0x000000078fc00000| PB 0x000000078fc00000| Complete 
|1151|0x000000078fe00000, 0x0000000790000000, 0x0000000790000000|100%|HC|  |TAMS 0x000000078fe00000| PB 0x000000078fe00000| Complete 
|1152|0x0000000790000000, 0x0000000790200000, 0x0000000790200000|100%|HC|  |TAMS 0x0000000790000000| PB 0x0000000790000000| Complete 
|1153|0x0000000790200000, 0x0000000790400000, 0x0000000790400000|100%|HC|  |TAMS 0x0000000790200000| PB 0x0000000790200000| Complete 
|1154|0x0000000790400000, 0x0000000790600000, 0x0000000790600000|100%|HC|  |TAMS 0x0000000790400000| PB 0x0000000790400000| Complete 
|1155|0x0000000790600000, 0x0000000790800000, 0x0000000790800000|100%|HC|  |TAMS 0x0000000790600000| PB 0x0000000790600000| Complete 
|1156|0x0000000790800000, 0x0000000790a00000, 0x0000000790a00000|100%|HC|  |TAMS 0x0000000790800000| PB 0x0000000790800000| Complete 
|1157|0x0000000790a00000, 0x0000000790c00000, 0x0000000790c00000|100%|HC|  |TAMS 0x0000000790a00000| PB 0x0000000790a00000| Complete 
|1158|0x0000000790c00000, 0x0000000790e00000, 0x0000000790e00000|100%|HC|  |TAMS 0x0000000790c00000| PB 0x0000000790c00000| Complete 
|1159|0x0000000790e00000, 0x0000000791000000, 0x0000000791000000|100%|HC|  |TAMS 0x0000000790e00000| PB 0x0000000790e00000| Complete 
|1160|0x0000000791000000, 0x0000000791200000, 0x0000000791200000|100%|HC|  |TAMS 0x0000000791000000| PB 0x0000000791000000| Complete 
|1161|0x0000000791200000, 0x0000000791400000, 0x0000000791400000|100%|HC|  |TAMS 0x0000000791200000| PB 0x0000000791200000| Complete 
|1162|0x0000000791400000, 0x0000000791600000, 0x0000000791600000|100%|HC|  |TAMS 0x0000000791400000| PB 0x0000000791400000| Complete 
|1163|0x0000000791600000, 0x0000000791800000, 0x0000000791800000|100%|HS|  |TAMS 0x0000000791600000| PB 0x0000000791600000| Complete 
|1164|0x0000000791800000, 0x0000000791a00000, 0x0000000791a00000|100%|HC|  |TAMS 0x0000000791800000| PB 0x0000000791800000| Complete 
|1165|0x0000000791a00000, 0x0000000791c00000, 0x0000000791c00000|100%|HC|  |TAMS 0x0000000791a00000| PB 0x0000000791a00000| Complete 
|1166|0x0000000791c00000, 0x0000000791e00000, 0x0000000791e00000|100%|HC|  |TAMS 0x0000000791c00000| PB 0x0000000791c00000| Complete 
|1167|0x0000000791e00000, 0x0000000792000000, 0x0000000792000000|100%|HC|  |TAMS 0x0000000791e00000| PB 0x0000000791e00000| Complete 
|1168|0x0000000792000000, 0x0000000792200000, 0x0000000792200000|100%|HC|  |TAMS 0x0000000792000000| PB 0x0000000792000000| Complete 
|1169|0x0000000792200000, 0x0000000792400000, 0x0000000792400000|100%|HC|  |TAMS 0x0000000792200000| PB 0x0000000792200000| Complete 
|1170|0x0000000792400000, 0x0000000792600000, 0x0000000792600000|100%|HC|  |TAMS 0x0000000792400000| PB 0x0000000792400000| Complete 
|1171|0x0000000792600000, 0x0000000792800000, 0x0000000792800000|100%|HC|  |TAMS 0x0000000792600000| PB 0x0000000792600000| Complete 
|1172|0x0000000792800000, 0x0000000792a00000, 0x0000000792a00000|100%|HC|  |TAMS 0x0000000792800000| PB 0x0000000792800000| Complete 
|1173|0x0000000792a00000, 0x0000000792c00000, 0x0000000792c00000|100%|HC|  |TAMS 0x0000000792a00000| PB 0x0000000792a00000| Complete 
|1174|0x0000000792c00000, 0x0000000792e00000, 0x0000000792e00000|100%|HC|  |TAMS 0x0000000792c00000| PB 0x0000000792c00000| Complete 
|1175|0x0000000792e00000, 0x0000000793000000, 0x0000000793000000|100%|HC|  |TAMS 0x0000000792e00000| PB 0x0000000792e00000| Complete 
|1176|0x0000000793000000, 0x0000000793200000, 0x0000000793200000|100%|HC|  |TAMS 0x0000000793000000| PB 0x0000000793000000| Complete 
|1177|0x0000000793200000, 0x0000000793400000, 0x0000000793400000|100%|HC|  |TAMS 0x0000000793200000| PB 0x0000000793200000| Complete 
|1178|0x0000000793400000, 0x0000000793600000, 0x0000000793600000|100%|HC|  |TAMS 0x0000000793400000| PB 0x0000000793400000| Complete 
|1179|0x0000000793600000, 0x0000000793800000, 0x0000000793800000|100%|HC|  |TAMS 0x0000000793600000| PB 0x0000000793600000| Complete 
|1180|0x0000000793800000, 0x0000000793a00000, 0x0000000793a00000|100%|HC|  |TAMS 0x0000000793800000| PB 0x0000000793800000| Complete 
|1181|0x0000000793a00000, 0x0000000793c00000, 0x0000000793c00000|100%|HC|  |TAMS 0x0000000793a00000| PB 0x0000000793a00000| Complete 
|1182|0x0000000793c00000, 0x0000000793e00000, 0x0000000793e00000|100%|HC|  |TAMS 0x0000000793c00000| PB 0x0000000793c00000| Complete 
|1183|0x0000000793e00000, 0x0000000794000000, 0x0000000794000000|100%|HC|  |TAMS 0x0000000793e00000| PB 0x0000000793e00000| Complete 
|1184|0x0000000794000000, 0x0000000794200000, 0x0000000794200000|100%|HC|  |TAMS 0x0000000794000000| PB 0x0000000794000000| Complete 
|1185|0x0000000794200000, 0x0000000794400000, 0x0000000794400000|100%|HC|  |TAMS 0x0000000794200000| PB 0x0000000794200000| Complete 
|1186|0x0000000794400000, 0x0000000794600000, 0x0000000794600000|100%|HC|  |TAMS 0x0000000794400000| PB 0x0000000794400000| Complete 
|1187|0x0000000794600000, 0x0000000794800000, 0x0000000794800000|100%|HC|  |TAMS 0x0000000794600000| PB 0x0000000794600000| Complete 
|1188|0x0000000794800000, 0x0000000794a00000, 0x0000000794a00000|100%|HC|  |TAMS 0x0000000794800000| PB 0x0000000794800000| Complete 
|1189|0x0000000794a00000, 0x0000000794c00000, 0x0000000794c00000|100%|HC|  |TAMS 0x0000000794a00000| PB 0x0000000794a00000| Complete 
|1190|0x0000000794c00000, 0x0000000794e00000, 0x0000000794e00000|100%|HC|  |TAMS 0x0000000794c00000| PB 0x0000000794c00000| Complete 
|1191|0x0000000794e00000, 0x0000000795000000, 0x0000000795000000|100%|HC|  |TAMS 0x0000000794e00000| PB 0x0000000794e00000| Complete 
|1192|0x0000000795000000, 0x0000000795200000, 0x0000000795200000|100%|HC|  |TAMS 0x0000000795000000| PB 0x0000000795000000| Complete 
|1193|0x0000000795200000, 0x0000000795400000, 0x0000000795400000|100%|HC|  |TAMS 0x0000000795200000| PB 0x0000000795200000| Complete 
|1194|0x0000000795400000, 0x0000000795600000, 0x0000000795600000|100%|HC|  |TAMS 0x0000000795400000| PB 0x0000000795400000| Complete 
|1195|0x0000000795600000, 0x0000000795800000, 0x0000000795800000|100%|HC|  |TAMS 0x0000000795600000| PB 0x0000000795600000| Complete 
|1196|0x0000000795800000, 0x0000000795a00000, 0x0000000795a00000|100%|HC|  |TAMS 0x0000000795800000| PB 0x0000000795800000| Complete 
|1197|0x0000000795a00000, 0x0000000795c00000, 0x0000000795c00000|100%|HC|  |TAMS 0x0000000795a00000| PB 0x0000000795a00000| Complete 
|1198|0x0000000795c00000, 0x0000000795e00000, 0x0000000795e00000|100%|HC|  |TAMS 0x0000000795c00000| PB 0x0000000795c00000| Complete 
|1199|0x0000000795e00000, 0x0000000796000000, 0x0000000796000000|100%|HC|  |TAMS 0x0000000795e00000| PB 0x0000000795e00000| Complete 
|1200|0x0000000796000000, 0x0000000796200000, 0x0000000796200000|100%|HC|  |TAMS 0x0000000796000000| PB 0x0000000796000000| Complete 
|1201|0x0000000796200000, 0x0000000796400000, 0x0000000796400000|100%|HC|  |TAMS 0x0000000796200000| PB 0x0000000796200000| Complete 
|1202|0x0000000796400000, 0x0000000796600000, 0x0000000796600000|100%|HC|  |TAMS 0x0000000796400000| PB 0x0000000796400000| Complete 
|1203|0x0000000796600000, 0x0000000796800000, 0x0000000796800000|100%|HC|  |TAMS 0x0000000796600000| PB 0x0000000796600000| Complete 
|1204|0x0000000796800000, 0x0000000796a00000, 0x0000000796a00000|100%|HC|  |TAMS 0x0000000796800000| PB 0x0000000796800000| Complete 
|1205|0x0000000796a00000, 0x0000000796c00000, 0x0000000796c00000|100%|HC|  |TAMS 0x0000000796a00000| PB 0x0000000796a00000| Complete 
|1206|0x0000000796c00000, 0x0000000796e00000, 0x0000000796e00000|100%|HC|  |TAMS 0x0000000796c00000| PB 0x0000000796c00000| Complete 
|1207|0x0000000796e00000, 0x0000000797000000, 0x0000000797000000|100%|HC|  |TAMS 0x0000000796e00000| PB 0x0000000796e00000| Complete 
|1208|0x0000000797000000, 0x0000000797200000, 0x0000000797200000|100%|HC|  |TAMS 0x0000000797000000| PB 0x0000000797000000| Complete 
|1209|0x0000000797200000, 0x0000000797400000, 0x0000000797400000|100%|HC|  |TAMS 0x0000000797200000| PB 0x0000000797200000| Complete 
|1210|0x0000000797400000, 0x0000000797600000, 0x0000000797600000|100%|HC|  |TAMS 0x0000000797400000| PB 0x0000000797400000| Complete 
|1211|0x0000000797600000, 0x0000000797800000, 0x0000000797800000|100%|HC|  |TAMS 0x0000000797600000| PB 0x0000000797600000| Complete 
|1212|0x0000000797800000, 0x0000000797a00000, 0x0000000797a00000|100%|HC|  |TAMS 0x0000000797800000| PB 0x0000000797800000| Complete 
|1213|0x0000000797a00000, 0x0000000797c00000, 0x0000000797c00000|100%|HC|  |TAMS 0x0000000797a00000| PB 0x0000000797a00000| Complete 
|1214|0x0000000797c00000, 0x0000000797e00000, 0x0000000797e00000|100%|HC|  |TAMS 0x0000000797c00000| PB 0x0000000797c00000| Complete 
|1215|0x0000000797e00000, 0x0000000798000000, 0x0000000798000000|100%|HC|  |TAMS 0x0000000797e00000| PB 0x0000000797e00000| Complete 
|1216|0x0000000798000000, 0x0000000798200000, 0x0000000798200000|100%|HC|  |TAMS 0x0000000798000000| PB 0x0000000798000000| Complete 
|1217|0x0000000798200000, 0x0000000798400000, 0x0000000798400000|100%|HC|  |TAMS 0x0000000798200000| PB 0x0000000798200000| Complete 
|1218|0x0000000798400000, 0x0000000798600000, 0x0000000798600000|100%|HC|  |TAMS 0x0000000798400000| PB 0x0000000798400000| Complete 
|1219|0x0000000798600000, 0x0000000798800000, 0x0000000798800000|100%|HC|  |TAMS 0x0000000798600000| PB 0x0000000798600000| Complete 
|1220|0x0000000798800000, 0x0000000798a00000, 0x0000000798a00000|100%|HC|  |TAMS 0x0000000798800000| PB 0x0000000798800000| Complete 
|1221|0x0000000798a00000, 0x0000000798c00000, 0x0000000798c00000|100%|HC|  |TAMS 0x0000000798a00000| PB 0x0000000798a00000| Complete 
|1222|0x0000000798c00000, 0x0000000798e00000, 0x0000000798e00000|100%|HC|  |TAMS 0x0000000798c00000| PB 0x0000000798c00000| Complete 
|1223|0x0000000798e00000, 0x0000000799000000, 0x0000000799000000|100%|HC|  |TAMS 0x0000000798e00000| PB 0x0000000798e00000| Complete 
|1224|0x0000000799000000, 0x0000000799200000, 0x0000000799200000|100%|HC|  |TAMS 0x0000000799000000| PB 0x0000000799000000| Complete 
|1225|0x0000000799200000, 0x0000000799400000, 0x0000000799400000|100%|HC|  |TAMS 0x0000000799200000| PB 0x0000000799200000| Complete 
|1226|0x0000000799400000, 0x0000000799600000, 0x0000000799600000|100%|HC|  |TAMS 0x0000000799400000| PB 0x0000000799400000| Complete 
|1227|0x0000000799600000, 0x0000000799800000, 0x0000000799800000|100%|HC|  |TAMS 0x0000000799600000| PB 0x0000000799600000| Complete 
|1228|0x0000000799800000, 0x0000000799a00000, 0x0000000799a00000|100%|HC|  |TAMS 0x0000000799800000| PB 0x0000000799800000| Complete 
|1229|0x0000000799a00000, 0x0000000799c00000, 0x0000000799c00000|100%|HC|  |TAMS 0x0000000799a00000| PB 0x0000000799a00000| Complete 
|1230|0x0000000799c00000, 0x0000000799e00000, 0x0000000799e00000|100%|HC|  |TAMS 0x0000000799c00000| PB 0x0000000799c00000| Complete 
|1231|0x0000000799e00000, 0x000000079a000000, 0x000000079a000000|100%|HC|  |TAMS 0x0000000799e00000| PB 0x0000000799e00000| Complete 
|1232|0x000000079a000000, 0x000000079a200000, 0x000000079a200000|100%|HC|  |TAMS 0x000000079a000000| PB 0x000000079a000000| Complete 
|1233|0x000000079a200000, 0x000000079a400000, 0x000000079a400000|100%|HC|  |TAMS 0x000000079a200000| PB 0x000000079a200000| Complete 
|1234|0x000000079a400000, 0x000000079a600000, 0x000000079a600000|100%|HC|  |TAMS 0x000000079a400000| PB 0x000000079a400000| Complete 
|1235|0x000000079a600000, 0x000000079a800000, 0x000000079a800000|100%|HC|  |TAMS 0x000000079a600000| PB 0x000000079a600000| Complete 
|1236|0x000000079a800000, 0x000000079aa00000, 0x000000079aa00000|100%|HC|  |TAMS 0x000000079a800000| PB 0x000000079a800000| Complete 
|1237|0x000000079aa00000, 0x000000079ac00000, 0x000000079ac00000|100%|HC|  |TAMS 0x000000079aa00000| PB 0x000000079aa00000| Complete 
|1238|0x000000079ac00000, 0x000000079ae00000, 0x000000079ae00000|100%|HC|  |TAMS 0x000000079ac00000| PB 0x000000079ac00000| Complete 
|1239|0x000000079ae00000, 0x000000079b000000, 0x000000079b000000|100%|HC|  |TAMS 0x000000079ae00000| PB 0x000000079ae00000| Complete 
|1240|0x000000079b000000, 0x000000079b200000, 0x000000079b200000|100%|HC|  |TAMS 0x000000079b000000| PB 0x000000079b000000| Complete 
|1241|0x000000079b200000, 0x000000079b400000, 0x000000079b400000|100%|HC|  |TAMS 0x000000079b200000| PB 0x000000079b200000| Complete 
|1242|0x000000079b400000, 0x000000079b600000, 0x000000079b600000|100%|HC|  |TAMS 0x000000079b400000| PB 0x000000079b400000| Complete 
|1243|0x000000079b600000, 0x000000079b800000, 0x000000079b800000|100%|HC|  |TAMS 0x000000079b600000| PB 0x000000079b600000| Complete 
|1244|0x000000079b800000, 0x000000079ba00000, 0x000000079ba00000|100%|HC|  |TAMS 0x000000079b800000| PB 0x000000079b800000| Complete 
|1245|0x000000079ba00000, 0x000000079bc00000, 0x000000079bc00000|100%|HC|  |TAMS 0x000000079ba00000| PB 0x000000079ba00000| Complete 
|1246|0x000000079bc00000, 0x000000079be00000, 0x000000079be00000|100%|HC|  |TAMS 0x000000079bc00000| PB 0x000000079bc00000| Complete 
|1247|0x000000079be00000, 0x000000079c000000, 0x000000079c000000|100%|HC|  |TAMS 0x000000079be00000| PB 0x000000079be00000| Complete 
|1248|0x000000079c000000, 0x000000079c200000, 0x000000079c200000|100%|HC|  |TAMS 0x000000079c000000| PB 0x000000079c000000| Complete 
|1249|0x000000079c200000, 0x000000079c400000, 0x000000079c400000|100%|HC|  |TAMS 0x000000079c200000| PB 0x000000079c200000| Complete 
|1250|0x000000079c400000, 0x000000079c600000, 0x000000079c600000|100%|HC|  |TAMS 0x000000079c400000| PB 0x000000079c400000| Complete 
|1251|0x000000079c600000, 0x000000079c800000, 0x000000079c800000|100%|HC|  |TAMS 0x000000079c600000| PB 0x000000079c600000| Complete 
|1252|0x000000079c800000, 0x000000079ca00000, 0x000000079ca00000|100%|HC|  |TAMS 0x000000079c800000| PB 0x000000079c800000| Complete 
|1253|0x000000079ca00000, 0x000000079cc00000, 0x000000079cc00000|100%|HC|  |TAMS 0x000000079ca00000| PB 0x000000079ca00000| Complete 
|1254|0x000000079cc00000, 0x000000079ce00000, 0x000000079ce00000|100%|HC|  |TAMS 0x000000079cc00000| PB 0x000000079cc00000| Complete 
|1255|0x000000079ce00000, 0x000000079d000000, 0x000000079d000000|100%|HC|  |TAMS 0x000000079ce00000| PB 0x000000079ce00000| Complete 
|1256|0x000000079d000000, 0x000000079d200000, 0x000000079d200000|100%|HC|  |TAMS 0x000000079d000000| PB 0x000000079d000000| Complete 
|1257|0x000000079d200000, 0x000000079d400000, 0x000000079d400000|100%|HC|  |TAMS 0x000000079d200000| PB 0x000000079d200000| Complete 
|1258|0x000000079d400000, 0x000000079d600000, 0x000000079d600000|100%|HC|  |TAMS 0x000000079d400000| PB 0x000000079d400000| Complete 
|1259|0x000000079d600000, 0x000000079d800000, 0x000000079d800000|100%|HC|  |TAMS 0x000000079d600000| PB 0x000000079d600000| Complete 
|1260|0x000000079d800000, 0x000000079da00000, 0x000000079da00000|100%|HC|  |TAMS 0x000000079d800000| PB 0x000000079d800000| Complete 
|1261|0x000000079da00000, 0x000000079dc00000, 0x000000079dc00000|100%|HC|  |TAMS 0x000000079da00000| PB 0x000000079da00000| Complete 
|1262|0x000000079dc00000, 0x000000079de00000, 0x000000079de00000|100%|HC|  |TAMS 0x000000079dc00000| PB 0x000000079dc00000| Complete 
|1263|0x000000079de00000, 0x000000079e000000, 0x000000079e000000|100%|HC|  |TAMS 0x000000079de00000| PB 0x000000079de00000| Complete 
|1264|0x000000079e000000, 0x000000079e200000, 0x000000079e200000|100%|HC|  |TAMS 0x000000079e000000| PB 0x000000079e000000| Complete 
|1265|0x000000079e200000, 0x000000079e400000, 0x000000079e400000|100%|HC|  |TAMS 0x000000079e200000| PB 0x000000079e200000| Complete 
|1266|0x000000079e400000, 0x000000079e600000, 0x000000079e600000|100%|HC|  |TAMS 0x000000079e400000| PB 0x000000079e400000| Complete 
|1267|0x000000079e600000, 0x000000079e800000, 0x000000079e800000|100%|HC|  |TAMS 0x000000079e600000| PB 0x000000079e600000| Complete 
|1268|0x000000079e800000, 0x000000079ea00000, 0x000000079ea00000|100%|HC|  |TAMS 0x000000079e800000| PB 0x000000079e800000| Complete 
|1269|0x000000079ea00000, 0x000000079ec00000, 0x000000079ec00000|100%|HC|  |TAMS 0x000000079ea00000| PB 0x000000079ea00000| Complete 
|1270|0x000000079ec00000, 0x000000079ee00000, 0x000000079ee00000|100%|HC|  |TAMS 0x000000079ec00000| PB 0x000000079ec00000| Complete 
|1271|0x000000079ee00000, 0x000000079f000000, 0x000000079f000000|100%|HC|  |TAMS 0x000000079ee00000| PB 0x000000079ee00000| Complete 
|1272|0x000000079f000000, 0x000000079f200000, 0x000000079f200000|100%|HC|  |TAMS 0x000000079f000000| PB 0x000000079f000000| Complete 
|1273|0x000000079f200000, 0x000000079f400000, 0x000000079f400000|100%|HC|  |TAMS 0x000000079f200000| PB 0x000000079f200000| Complete 
|1274|0x000000079f400000, 0x000000079f600000, 0x000000079f600000|100%|HC|  |TAMS 0x000000079f400000| PB 0x000000079f400000| Complete 
|1275|0x000000079f600000, 0x000000079f800000, 0x000000079f800000|100%|HC|  |TAMS 0x000000079f600000| PB 0x000000079f600000| Complete 
|1276|0x000000079f800000, 0x000000079fa00000, 0x000000079fa00000|100%|HC|  |TAMS 0x000000079f800000| PB 0x000000079f800000| Complete 
|1277|0x000000079fa00000, 0x000000079fc00000, 0x000000079fc00000|100%|HC|  |TAMS 0x000000079fa00000| PB 0x000000079fa00000| Complete 
|1278|0x000000079fc00000, 0x000000079fe00000, 0x000000079fe00000|100%|HC|  |TAMS 0x000000079fc00000| PB 0x000000079fc00000| Complete 
|1279|0x000000079fe00000, 0x00000007a0000000, 0x00000007a0000000|100%|HC|  |TAMS 0x000000079fe00000| PB 0x000000079fe00000| Complete 
|1280|0x00000007a0000000, 0x00000007a0200000, 0x00000007a0200000|100%|HC|  |TAMS 0x00000007a0000000| PB 0x00000007a0000000| Complete 
|1281|0x00000007a0200000, 0x00000007a0400000, 0x00000007a0400000|100%|HC|  |TAMS 0x00000007a0200000| PB 0x00000007a0200000| Complete 
|1282|0x00000007a0400000, 0x00000007a0600000, 0x00000007a0600000|100%|HC|  |TAMS 0x00000007a0400000| PB 0x00000007a0400000| Complete 
|1283|0x00000007a0600000, 0x00000007a0800000, 0x00000007a0800000|100%|HC|  |TAMS 0x00000007a0600000| PB 0x00000007a0600000| Complete 
|1284|0x00000007a0800000, 0x00000007a0a00000, 0x00000007a0a00000|100%|HC|  |TAMS 0x00000007a0800000| PB 0x00000007a0800000| Complete 
|1285|0x00000007a0a00000, 0x00000007a0c00000, 0x00000007a0c00000|100%|HC|  |TAMS 0x00000007a0a00000| PB 0x00000007a0a00000| Complete 
|1286|0x00000007a0c00000, 0x00000007a0e00000, 0x00000007a0e00000|100%|HC|  |TAMS 0x00000007a0c00000| PB 0x00000007a0c00000| Complete 
|1287|0x00000007a0e00000, 0x00000007a1000000, 0x00000007a1000000|100%|HC|  |TAMS 0x00000007a0e00000| PB 0x00000007a0e00000| Complete 
|1288|0x00000007a1000000, 0x00000007a1200000, 0x00000007a1200000|100%|HC|  |TAMS 0x00000007a1000000| PB 0x00000007a1000000| Complete 
|1289|0x00000007a1200000, 0x00000007a1400000, 0x00000007a1400000|100%|HC|  |TAMS 0x00000007a1200000| PB 0x00000007a1200000| Complete 
|1290|0x00000007a1400000, 0x00000007a1600000, 0x00000007a1600000|100%|HC|  |TAMS 0x00000007a1400000| PB 0x00000007a1400000| Complete 
|1291|0x00000007a1600000, 0x00000007a1800000, 0x00000007a1800000|100%|HC|  |TAMS 0x00000007a1600000| PB 0x00000007a1600000| Complete 
|1292|0x00000007a1800000, 0x00000007a1a00000, 0x00000007a1a00000|100%|HS|  |TAMS 0x00000007a1800000| PB 0x00000007a1800000| Complete 
|1293|0x00000007a1a00000, 0x00000007a1c00000, 0x00000007a1c00000|100%|HC|  |TAMS 0x00000007a1a00000| PB 0x00000007a1a00000| Complete 
|1294|0x00000007a1c00000, 0x00000007a1e00000, 0x00000007a1e00000|100%|HC|  |TAMS 0x00000007a1c00000| PB 0x00000007a1c00000| Complete 
|1295|0x00000007a1e00000, 0x00000007a2000000, 0x00000007a2000000|100%|HC|  |TAMS 0x00000007a1e00000| PB 0x00000007a1e00000| Complete 
|1296|0x00000007a2000000, 0x00000007a2200000, 0x00000007a2200000|100%|HC|  |TAMS 0x00000007a2000000| PB 0x00000007a2000000| Complete 
|1297|0x00000007a2200000, 0x00000007a2400000, 0x00000007a2400000|100%|HC|  |TAMS 0x00000007a2200000| PB 0x00000007a2200000| Complete 
|1298|0x00000007a2400000, 0x00000007a2600000, 0x00000007a2600000|100%|HC|  |TAMS 0x00000007a2400000| PB 0x00000007a2400000| Complete 
|1299|0x00000007a2600000, 0x00000007a2800000, 0x00000007a2800000|100%|HC|  |TAMS 0x00000007a2600000| PB 0x00000007a2600000| Complete 
|1300|0x00000007a2800000, 0x00000007a2a00000, 0x00000007a2a00000|100%|HC|  |TAMS 0x00000007a2800000| PB 0x00000007a2800000| Complete 
|1301|0x00000007a2a00000, 0x00000007a2c00000, 0x00000007a2c00000|100%|HC|  |TAMS 0x00000007a2a00000| PB 0x00000007a2a00000| Complete 
|1302|0x00000007a2c00000, 0x00000007a2e00000, 0x00000007a2e00000|100%|HC|  |TAMS 0x00000007a2c00000| PB 0x00000007a2c00000| Complete 
|1303|0x00000007a2e00000, 0x00000007a3000000, 0x00000007a3000000|100%|HC|  |TAMS 0x00000007a2e00000| PB 0x00000007a2e00000| Complete 
|1304|0x00000007a3000000, 0x00000007a3200000, 0x00000007a3200000|100%|HC|  |TAMS 0x00000007a3000000| PB 0x00000007a3000000| Complete 
|1305|0x00000007a3200000, 0x00000007a3400000, 0x00000007a3400000|100%|HC|  |TAMS 0x00000007a3200000| PB 0x00000007a3200000| Complete 
|1306|0x00000007a3400000, 0x00000007a3600000, 0x00000007a3600000|100%|HC|  |TAMS 0x00000007a3400000| PB 0x00000007a3400000| Complete 
|1307|0x00000007a3600000, 0x00000007a3800000, 0x00000007a3800000|100%|HC|  |TAMS 0x00000007a3600000| PB 0x00000007a3600000| Complete 
|1308|0x00000007a3800000, 0x00000007a3a00000, 0x00000007a3a00000|100%|HC|  |TAMS 0x00000007a3800000| PB 0x00000007a3800000| Complete 
|1309|0x00000007a3a00000, 0x00000007a3c00000, 0x00000007a3c00000|100%|HC|  |TAMS 0x00000007a3a00000| PB 0x00000007a3a00000| Complete 
|1310|0x00000007a3c00000, 0x00000007a3e00000, 0x00000007a3e00000|100%|HC|  |TAMS 0x00000007a3c00000| PB 0x00000007a3c00000| Complete 
|1311|0x00000007a3e00000, 0x00000007a4000000, 0x00000007a4000000|100%|HC|  |TAMS 0x00000007a3e00000| PB 0x00000007a3e00000| Complete 
|1312|0x00000007a4000000, 0x00000007a4200000, 0x00000007a4200000|100%|HC|  |TAMS 0x00000007a4000000| PB 0x00000007a4000000| Complete 
|1313|0x00000007a4200000, 0x00000007a4400000, 0x00000007a4400000|100%|HC|  |TAMS 0x00000007a4200000| PB 0x00000007a4200000| Complete 
|1314|0x00000007a4400000, 0x00000007a4600000, 0x00000007a4600000|100%|HC|  |TAMS 0x00000007a4400000| PB 0x00000007a4400000| Complete 
|1315|0x00000007a4600000, 0x00000007a4800000, 0x00000007a4800000|100%|HC|  |TAMS 0x00000007a4600000| PB 0x00000007a4600000| Complete 
|1316|0x00000007a4800000, 0x00000007a4a00000, 0x00000007a4a00000|100%|HC|  |TAMS 0x00000007a4800000| PB 0x00000007a4800000| Complete 
|1317|0x00000007a4a00000, 0x00000007a4c00000, 0x00000007a4c00000|100%|HC|  |TAMS 0x00000007a4a00000| PB 0x00000007a4a00000| Complete 
|1318|0x00000007a4c00000, 0x00000007a4e00000, 0x00000007a4e00000|100%|HC|  |TAMS 0x00000007a4c00000| PB 0x00000007a4c00000| Complete 
|1319|0x00000007a4e00000, 0x00000007a5000000, 0x00000007a5000000|100%|HC|  |TAMS 0x00000007a4e00000| PB 0x00000007a4e00000| Complete 
|1320|0x00000007a5000000, 0x00000007a5200000, 0x00000007a5200000|100%|HC|  |TAMS 0x00000007a5000000| PB 0x00000007a5000000| Complete 
|1321|0x00000007a5200000, 0x00000007a5400000, 0x00000007a5400000|100%|HC|  |TAMS 0x00000007a5200000| PB 0x00000007a5200000| Complete 
|1322|0x00000007a5400000, 0x00000007a5600000, 0x00000007a5600000|100%|HC|  |TAMS 0x00000007a5400000| PB 0x00000007a5400000| Complete 
|1323|0x00000007a5600000, 0x00000007a5800000, 0x00000007a5800000|100%|HC|  |TAMS 0x00000007a5600000| PB 0x00000007a5600000| Complete 
|1324|0x00000007a5800000, 0x00000007a5a00000, 0x00000007a5a00000|100%|HC|  |TAMS 0x00000007a5800000| PB 0x00000007a5800000| Complete 
|1325|0x00000007a5a00000, 0x00000007a5c00000, 0x00000007a5c00000|100%|HC|  |TAMS 0x00000007a5a00000| PB 0x00000007a5a00000| Complete 
|1326|0x00000007a5c00000, 0x00000007a5e00000, 0x00000007a5e00000|100%|HC|  |TAMS 0x00000007a5c00000| PB 0x00000007a5c00000| Complete 
|1327|0x00000007a5e00000, 0x00000007a6000000, 0x00000007a6000000|100%|HC|  |TAMS 0x00000007a5e00000| PB 0x00000007a5e00000| Complete 
|1328|0x00000007a6000000, 0x00000007a6200000, 0x00000007a6200000|100%|HC|  |TAMS 0x00000007a6000000| PB 0x00000007a6000000| Complete 
|1329|0x00000007a6200000, 0x00000007a6400000, 0x00000007a6400000|100%|HC|  |TAMS 0x00000007a6200000| PB 0x00000007a6200000| Complete 
|1330|0x00000007a6400000, 0x00000007a6600000, 0x00000007a6600000|100%|HC|  |TAMS 0x00000007a6400000| PB 0x00000007a6400000| Complete 
|1331|0x00000007a6600000, 0x00000007a6800000, 0x00000007a6800000|100%|HC|  |TAMS 0x00000007a6600000| PB 0x00000007a6600000| Complete 
|1332|0x00000007a6800000, 0x00000007a6a00000, 0x00000007a6a00000|100%|HC|  |TAMS 0x00000007a6800000| PB 0x00000007a6800000| Complete 
|1333|0x00000007a6a00000, 0x00000007a6c00000, 0x00000007a6c00000|100%|HC|  |TAMS 0x00000007a6a00000| PB 0x00000007a6a00000| Complete 
|1334|0x00000007a6c00000, 0x00000007a6e00000, 0x00000007a6e00000|100%|HC|  |TAMS 0x00000007a6c00000| PB 0x00000007a6c00000| Complete 
|1335|0x00000007a6e00000, 0x00000007a7000000, 0x00000007a7000000|100%|HC|  |TAMS 0x00000007a6e00000| PB 0x00000007a6e00000| Complete 
|1336|0x00000007a7000000, 0x00000007a7200000, 0x00000007a7200000|100%|HC|  |TAMS 0x00000007a7000000| PB 0x00000007a7000000| Complete 
|1337|0x00000007a7200000, 0x00000007a7400000, 0x00000007a7400000|100%|HC|  |TAMS 0x00000007a7200000| PB 0x00000007a7200000| Complete 
|1338|0x00000007a7400000, 0x00000007a7600000, 0x00000007a7600000|100%|HC|  |TAMS 0x00000007a7400000| PB 0x00000007a7400000| Complete 
|1339|0x00000007a7600000, 0x00000007a7800000, 0x00000007a7800000|100%|HC|  |TAMS 0x00000007a7600000| PB 0x00000007a7600000| Complete 
|1340|0x00000007a7800000, 0x00000007a7a00000, 0x00000007a7a00000|100%|HC|  |TAMS 0x00000007a7800000| PB 0x00000007a7800000| Complete 
|1341|0x00000007a7a00000, 0x00000007a7c00000, 0x00000007a7c00000|100%|HC|  |TAMS 0x00000007a7a00000| PB 0x00000007a7a00000| Complete 
|1342|0x00000007a7c00000, 0x00000007a7e00000, 0x00000007a7e00000|100%|HC|  |TAMS 0x00000007a7c00000| PB 0x00000007a7c00000| Complete 
|1343|0x00000007a7e00000, 0x00000007a8000000, 0x00000007a8000000|100%|HC|  |TAMS 0x00000007a7e00000| PB 0x00000007a7e00000| Complete 
|1344|0x00000007a8000000, 0x00000007a8200000, 0x00000007a8200000|100%|HC|  |TAMS 0x00000007a8000000| PB 0x00000007a8000000| Complete 
|1345|0x00000007a8200000, 0x00000007a8400000, 0x00000007a8400000|100%|HC|  |TAMS 0x00000007a8200000| PB 0x00000007a8200000| Complete 
|1346|0x00000007a8400000, 0x00000007a8600000, 0x00000007a8600000|100%|HC|  |TAMS 0x00000007a8400000| PB 0x00000007a8400000| Complete 
|1347|0x00000007a8600000, 0x00000007a8800000, 0x00000007a8800000|100%|HC|  |TAMS 0x00000007a8600000| PB 0x00000007a8600000| Complete 
|1348|0x00000007a8800000, 0x00000007a8a00000, 0x00000007a8a00000|100%|HC|  |TAMS 0x00000007a8800000| PB 0x00000007a8800000| Complete 
|1349|0x00000007a8a00000, 0x00000007a8c00000, 0x00000007a8c00000|100%|HC|  |TAMS 0x00000007a8a00000| PB 0x00000007a8a00000| Complete 
|1350|0x00000007a8c00000, 0x00000007a8e00000, 0x00000007a8e00000|100%|HC|  |TAMS 0x00000007a8c00000| PB 0x00000007a8c00000| Complete 
|1351|0x00000007a8e00000, 0x00000007a9000000, 0x00000007a9000000|100%|HC|  |TAMS 0x00000007a8e00000| PB 0x00000007a8e00000| Complete 
|1352|0x00000007a9000000, 0x00000007a9200000, 0x00000007a9200000|100%|HC|  |TAMS 0x00000007a9000000| PB 0x00000007a9000000| Complete 
|1353|0x00000007a9200000, 0x00000007a9400000, 0x00000007a9400000|100%|HC|  |TAMS 0x00000007a9200000| PB 0x00000007a9200000| Complete 
|1354|0x00000007a9400000, 0x00000007a9600000, 0x00000007a9600000|100%|HC|  |TAMS 0x00000007a9400000| PB 0x00000007a9400000| Complete 
|1355|0x00000007a9600000, 0x00000007a9800000, 0x00000007a9800000|100%|HC|  |TAMS 0x00000007a9600000| PB 0x00000007a9600000| Complete 
|1356|0x00000007a9800000, 0x00000007a9a00000, 0x00000007a9a00000|100%|HC|  |TAMS 0x00000007a9800000| PB 0x00000007a9800000| Complete 
|1357|0x00000007a9a00000, 0x00000007a9c00000, 0x00000007a9c00000|100%|HC|  |TAMS 0x00000007a9a00000| PB 0x00000007a9a00000| Complete 
|1358|0x00000007a9c00000, 0x00000007a9e00000, 0x00000007a9e00000|100%|HC|  |TAMS 0x00000007a9c00000| PB 0x00000007a9c00000| Complete 
|1359|0x00000007a9e00000, 0x00000007aa000000, 0x00000007aa000000|100%|HC|  |TAMS 0x00000007a9e00000| PB 0x00000007a9e00000| Complete 
|1360|0x00000007aa000000, 0x00000007aa200000, 0x00000007aa200000|100%|HC|  |TAMS 0x00000007aa000000| PB 0x00000007aa000000| Complete 
|1361|0x00000007aa200000, 0x00000007aa400000, 0x00000007aa400000|100%|HC|  |TAMS 0x00000007aa200000| PB 0x00000007aa200000| Complete 
|1362|0x00000007aa400000, 0x00000007aa600000, 0x00000007aa600000|100%|HC|  |TAMS 0x00000007aa400000| PB 0x00000007aa400000| Complete 
|1363|0x00000007aa600000, 0x00000007aa800000, 0x00000007aa800000|100%|HC|  |TAMS 0x00000007aa600000| PB 0x00000007aa600000| Complete 
|1364|0x00000007aa800000, 0x00000007aaa00000, 0x00000007aaa00000|100%|HC|  |TAMS 0x00000007aa800000| PB 0x00000007aa800000| Complete 
|1365|0x00000007aaa00000, 0x00000007aac00000, 0x00000007aac00000|100%|HC|  |TAMS 0x00000007aaa00000| PB 0x00000007aaa00000| Complete 
|1366|0x00000007aac00000, 0x00000007aae00000, 0x00000007aae00000|100%|HC|  |TAMS 0x00000007aac00000| PB 0x00000007aac00000| Complete 
|1367|0x00000007aae00000, 0x00000007ab000000, 0x00000007ab000000|100%|HC|  |TAMS 0x00000007aae00000| PB 0x00000007aae00000| Complete 
|1368|0x00000007ab000000, 0x00000007ab200000, 0x00000007ab200000|100%|HC|  |TAMS 0x00000007ab000000| PB 0x00000007ab000000| Complete 
|1369|0x00000007ab200000, 0x00000007ab400000, 0x00000007ab400000|100%|HC|  |TAMS 0x00000007ab200000| PB 0x00000007ab200000| Complete 
|1370|0x00000007ab400000, 0x00000007ab600000, 0x00000007ab600000|100%|HC|  |TAMS 0x00000007ab400000| PB 0x00000007ab400000| Complete 
|1371|0x00000007ab600000, 0x00000007ab800000, 0x00000007ab800000|100%|HS|  |TAMS 0x00000007ab600000| PB 0x00000007ab600000| Complete 
|1372|0x00000007ab800000, 0x00000007aba00000, 0x00000007aba00000|100%|HC|  |TAMS 0x00000007ab800000| PB 0x00000007ab800000| Complete 
|1373|0x00000007aba00000, 0x00000007abc00000, 0x00000007abc00000|100%|HC|  |TAMS 0x00000007aba00000| PB 0x00000007aba00000| Complete 
|1374|0x00000007abc00000, 0x00000007abe00000, 0x00000007abe00000|100%|HC|  |TAMS 0x00000007abc00000| PB 0x00000007abc00000| Complete 
|1375|0x00000007abe00000, 0x00000007ac000000, 0x00000007ac000000|100%|HC|  |TAMS 0x00000007abe00000| PB 0x00000007abe00000| Complete 
|1376|0x00000007ac000000, 0x00000007ac200000, 0x00000007ac200000|100%|HC|  |TAMS 0x00000007ac000000| PB 0x00000007ac000000| Complete 
|1377|0x00000007ac200000, 0x00000007ac400000, 0x00000007ac400000|100%|HC|  |TAMS 0x00000007ac200000| PB 0x00000007ac200000| Complete 
|1378|0x00000007ac400000, 0x00000007ac600000, 0x00000007ac600000|100%|HC|  |TAMS 0x00000007ac400000| PB 0x00000007ac400000| Complete 
|1379|0x00000007ac600000, 0x00000007ac800000, 0x00000007ac800000|100%|HC|  |TAMS 0x00000007ac600000| PB 0x00000007ac600000| Complete 
|1380|0x00000007ac800000, 0x00000007aca00000, 0x00000007aca00000|100%|HC|  |TAMS 0x00000007ac800000| PB 0x00000007ac800000| Complete 
|1381|0x00000007aca00000, 0x00000007acc00000, 0x00000007acc00000|100%|HC|  |TAMS 0x00000007aca00000| PB 0x00000007aca00000| Complete 
|1382|0x00000007acc00000, 0x00000007ace00000, 0x00000007ace00000|100%|HC|  |TAMS 0x00000007acc00000| PB 0x00000007acc00000| Complete 
|1383|0x00000007ace00000, 0x00000007ad000000, 0x00000007ad000000|100%|HC|  |TAMS 0x00000007ace00000| PB 0x00000007ace00000| Complete 
|1384|0x00000007ad000000, 0x00000007ad200000, 0x00000007ad200000|100%|HC|  |TAMS 0x00000007ad000000| PB 0x00000007ad000000| Complete 
|1385|0x00000007ad200000, 0x00000007ad400000, 0x00000007ad400000|100%|HC|  |TAMS 0x00000007ad200000| PB 0x00000007ad200000| Complete 
|1386|0x00000007ad400000, 0x00000007ad600000, 0x00000007ad600000|100%|HC|  |TAMS 0x00000007ad400000| PB 0x00000007ad400000| Complete 
|1387|0x00000007ad600000, 0x00000007ad800000, 0x00000007ad800000|100%|HC|  |TAMS 0x00000007ad600000| PB 0x00000007ad600000| Complete 
|1388|0x00000007ad800000, 0x00000007ada00000, 0x00000007ada00000|100%|HS|  |TAMS 0x00000007ad800000| PB 0x00000007ad800000| Complete 
|1389|0x00000007ada00000, 0x00000007adc00000, 0x00000007adc00000|100%|HC|  |TAMS 0x00000007ada00000| PB 0x00000007ada00000| Complete 
|1390|0x00000007adc00000, 0x00000007ade00000, 0x00000007ade00000|100%|HC|  |TAMS 0x00000007adc00000| PB 0x00000007adc00000| Complete 
|1391|0x00000007ade00000, 0x00000007ae000000, 0x00000007ae000000|100%|HC|  |TAMS 0x00000007ade00000| PB 0x00000007ade00000| Complete 
|1392|0x00000007ae000000, 0x00000007ae200000, 0x00000007ae200000|100%|HC|  |TAMS 0x00000007ae000000| PB 0x00000007ae000000| Complete 
|1393|0x00000007ae200000, 0x00000007ae400000, 0x00000007ae400000|100%|HC|  |TAMS 0x00000007ae200000| PB 0x00000007ae200000| Complete 
|1394|0x00000007ae400000, 0x00000007ae600000, 0x00000007ae600000|100%|HC|  |TAMS 0x00000007ae400000| PB 0x00000007ae400000| Complete 
|1395|0x00000007ae600000, 0x00000007ae800000, 0x00000007ae800000|100%|HC|  |TAMS 0x00000007ae600000| PB 0x00000007ae600000| Complete 
|1396|0x00000007ae800000, 0x00000007aea00000, 0x00000007aea00000|100%|HC|  |TAMS 0x00000007ae800000| PB 0x00000007ae800000| Complete 
|1397|0x00000007aea00000, 0x00000007aec00000, 0x00000007aec00000|100%|HC|  |TAMS 0x00000007aea00000| PB 0x00000007aea00000| Complete 
|1398|0x00000007aec00000, 0x00000007aee00000, 0x00000007aee00000|100%|HC|  |TAMS 0x00000007aec00000| PB 0x00000007aec00000| Complete 
|1399|0x00000007aee00000, 0x00000007af000000, 0x00000007af000000|100%|HC|  |TAMS 0x00000007aee00000| PB 0x00000007aee00000| Complete 
|1400|0x00000007af000000, 0x00000007af200000, 0x00000007af200000|100%|HC|  |TAMS 0x00000007af000000| PB 0x00000007af000000| Complete 
|1401|0x00000007af200000, 0x00000007af400000, 0x00000007af400000|100%|HC|  |TAMS 0x00000007af200000| PB 0x00000007af200000| Complete 
|1402|0x00000007af400000, 0x00000007af600000, 0x00000007af600000|100%|HC|  |TAMS 0x00000007af400000| PB 0x00000007af400000| Complete 
|1403|0x00000007af600000, 0x00000007af800000, 0x00000007af800000|100%|HC|  |TAMS 0x00000007af600000| PB 0x00000007af600000| Complete 
|1404|0x00000007af800000, 0x00000007afa00000, 0x00000007afa00000|100%|HC|  |TAMS 0x00000007af800000| PB 0x00000007af800000| Complete 
|1405|0x00000007afa00000, 0x00000007afc00000, 0x00000007afc00000|100%|HC|  |TAMS 0x00000007afa00000| PB 0x00000007afa00000| Complete 
|1406|0x00000007afc00000, 0x00000007afe00000, 0x00000007afe00000|100%|HC|  |TAMS 0x00000007afc00000| PB 0x00000007afc00000| Complete 
|1407|0x00000007afe00000, 0x00000007b0000000, 0x00000007b0000000|100%|HC|  |TAMS 0x00000007afe00000| PB 0x00000007afe00000| Complete 
|1408|0x00000007b0000000, 0x00000007b0200000, 0x00000007b0200000|100%|HC|  |TAMS 0x00000007b0000000| PB 0x00000007b0000000| Complete 
|1409|0x00000007b0200000, 0x00000007b0400000, 0x00000007b0400000|100%|HC|  |TAMS 0x00000007b0200000| PB 0x00000007b0200000| Complete 
|1410|0x00000007b0400000, 0x00000007b0600000, 0x00000007b0600000|100%|HC|  |TAMS 0x00000007b0400000| PB 0x00000007b0400000| Complete 
|1411|0x00000007b0600000, 0x00000007b0800000, 0x00000007b0800000|100%|HC|  |TAMS 0x00000007b0600000| PB 0x00000007b0600000| Complete 
|1412|0x00000007b0800000, 0x00000007b0a00000, 0x00000007b0a00000|100%|HC|  |TAMS 0x00000007b0800000| PB 0x00000007b0800000| Complete 
|1413|0x00000007b0a00000, 0x00000007b0c00000, 0x00000007b0c00000|100%|HC|  |TAMS 0x00000007b0a00000| PB 0x00000007b0a00000| Complete 
|1414|0x00000007b0c00000, 0x00000007b0e00000, 0x00000007b0e00000|100%|HC|  |TAMS 0x00000007b0c00000| PB 0x00000007b0c00000| Complete 
|1415|0x00000007b0e00000, 0x00000007b1000000, 0x00000007b1000000|100%|HC|  |TAMS 0x00000007b0e00000| PB 0x00000007b0e00000| Complete 
|1416|0x00000007b1000000, 0x00000007b1200000, 0x00000007b1200000|100%|HC|  |TAMS 0x00000007b1000000| PB 0x00000007b1000000| Complete 
|1417|0x00000007b1200000, 0x00000007b1400000, 0x00000007b1400000|100%|HC|  |TAMS 0x00000007b1200000| PB 0x00000007b1200000| Complete 
|1418|0x00000007b1400000, 0x00000007b1600000, 0x00000007b1600000|100%|HC|  |TAMS 0x00000007b1400000| PB 0x00000007b1400000| Complete 
|1419|0x00000007b1600000, 0x00000007b1800000, 0x00000007b1800000|100%|HC|  |TAMS 0x00000007b1600000| PB 0x00000007b1600000| Complete 
|1420|0x00000007b1800000, 0x00000007b1a00000, 0x00000007b1a00000|100%|HC|  |TAMS 0x00000007b1800000| PB 0x00000007b1800000| Complete 
|1421|0x00000007b1a00000, 0x00000007b1c00000, 0x00000007b1c00000|100%|HS|  |TAMS 0x00000007b1a00000| PB 0x00000007b1a00000| Complete 
|1422|0x00000007b1c00000, 0x00000007b1e00000, 0x00000007b1e00000|100%|HC|  |TAMS 0x00000007b1c00000| PB 0x00000007b1c00000| Complete 
|1423|0x00000007b1e00000, 0x00000007b2000000, 0x00000007b2000000|100%|HC|  |TAMS 0x00000007b1e00000| PB 0x00000007b1e00000| Complete 
|1424|0x00000007b2000000, 0x00000007b2200000, 0x00000007b2200000|100%|HC|  |TAMS 0x00000007b2000000| PB 0x00000007b2000000| Complete 
|1425|0x00000007b2200000, 0x00000007b2400000, 0x00000007b2400000|100%|HC|  |TAMS 0x00000007b2200000| PB 0x00000007b2200000| Complete 
|1426|0x00000007b2400000, 0x00000007b2600000, 0x00000007b2600000|100%|HC|  |TAMS 0x00000007b2400000| PB 0x00000007b2400000| Complete 
|1427|0x00000007b2600000, 0x00000007b2800000, 0x00000007b2800000|100%|HC|  |TAMS 0x00000007b2600000| PB 0x00000007b2600000| Complete 
|1428|0x00000007b2800000, 0x00000007b2a00000, 0x00000007b2a00000|100%|HC|  |TAMS 0x00000007b2800000| PB 0x00000007b2800000| Complete 
|1429|0x00000007b2a00000, 0x00000007b2c00000, 0x00000007b2c00000|100%|HC|  |TAMS 0x00000007b2a00000| PB 0x00000007b2a00000| Complete 
|1430|0x00000007b2c00000, 0x00000007b2e00000, 0x00000007b2e00000|100%|HC|  |TAMS 0x00000007b2c00000| PB 0x00000007b2c00000| Complete 
|1431|0x00000007b2e00000, 0x00000007b3000000, 0x00000007b3000000|100%|HC|  |TAMS 0x00000007b2e00000| PB 0x00000007b2e00000| Complete 
|1432|0x00000007b3000000, 0x00000007b3200000, 0x00000007b3200000|100%|HC|  |TAMS 0x00000007b3000000| PB 0x00000007b3000000| Complete 
|1433|0x00000007b3200000, 0x00000007b3400000, 0x00000007b3400000|100%|HC|  |TAMS 0x00000007b3200000| PB 0x00000007b3200000| Complete 
|1434|0x00000007b3400000, 0x00000007b3600000, 0x00000007b3600000|100%|HC|  |TAMS 0x00000007b3400000| PB 0x00000007b3400000| Complete 
|1435|0x00000007b3600000, 0x00000007b3800000, 0x00000007b3800000|100%|HC|  |TAMS 0x00000007b3600000| PB 0x00000007b3600000| Complete 
|1436|0x00000007b3800000, 0x00000007b3a00000, 0x00000007b3a00000|100%|HC|  |TAMS 0x00000007b3800000| PB 0x00000007b3800000| Complete 
|1437|0x00000007b3a00000, 0x00000007b3c00000, 0x00000007b3c00000|100%|HC|  |TAMS 0x00000007b3a00000| PB 0x00000007b3a00000| Complete 
|1438|0x00000007b3c00000, 0x00000007b3e00000, 0x00000007b3e00000|100%|HC|  |TAMS 0x00000007b3c00000| PB 0x00000007b3c00000| Complete 
|1439|0x00000007b3e00000, 0x00000007b4000000, 0x00000007b4000000|100%|HC|  |TAMS 0x00000007b3e00000| PB 0x00000007b3e00000| Complete 
|1440|0x00000007b4000000, 0x00000007b4200000, 0x00000007b4200000|100%|HC|  |TAMS 0x00000007b4000000| PB 0x00000007b4000000| Complete 
|1441|0x00000007b4200000, 0x00000007b4400000, 0x00000007b4400000|100%|HC|  |TAMS 0x00000007b4200000| PB 0x00000007b4200000| Complete 
|1442|0x00000007b4400000, 0x00000007b4600000, 0x00000007b4600000|100%|HC|  |TAMS 0x00000007b4400000| PB 0x00000007b4400000| Complete 
|1443|0x00000007b4600000, 0x00000007b4800000, 0x00000007b4800000|100%|HC|  |TAMS 0x00000007b4600000| PB 0x00000007b4600000| Complete 
|1444|0x00000007b4800000, 0x00000007b4a00000, 0x00000007b4a00000|100%|HC|  |TAMS 0x00000007b4800000| PB 0x00000007b4800000| Complete 
|1445|0x00000007b4a00000, 0x00000007b4c00000, 0x00000007b4c00000|100%|HC|  |TAMS 0x00000007b4a00000| PB 0x00000007b4a00000| Complete 
|1446|0x00000007b4c00000, 0x00000007b4e00000, 0x00000007b4e00000|100%|HC|  |TAMS 0x00000007b4c00000| PB 0x00000007b4c00000| Complete 
|1447|0x00000007b4e00000, 0x00000007b5000000, 0x00000007b5000000|100%|HC|  |TAMS 0x00000007b4e00000| PB 0x00000007b4e00000| Complete 
|1448|0x00000007b5000000, 0x00000007b5200000, 0x00000007b5200000|100%|HC|  |TAMS 0x00000007b5000000| PB 0x00000007b5000000| Complete 
|1449|0x00000007b5200000, 0x00000007b5400000, 0x00000007b5400000|100%|HC|  |TAMS 0x00000007b5200000| PB 0x00000007b5200000| Complete 
|1450|0x00000007b5400000, 0x00000007b5600000, 0x00000007b5600000|100%|HC|  |TAMS 0x00000007b5400000| PB 0x00000007b5400000| Complete 
|1451|0x00000007b5600000, 0x00000007b5800000, 0x00000007b5800000|100%|HC|  |TAMS 0x00000007b5600000| PB 0x00000007b5600000| Complete 
|1452|0x00000007b5800000, 0x00000007b5a00000, 0x00000007b5a00000|100%|HC|  |TAMS 0x00000007b5800000| PB 0x00000007b5800000| Complete 
|1453|0x00000007b5a00000, 0x00000007b5c00000, 0x00000007b5c00000|100%|HC|  |TAMS 0x00000007b5a00000| PB 0x00000007b5a00000| Complete 
|1454|0x00000007b5c00000, 0x00000007b5e00000, 0x00000007b5e00000|100%|HC|  |TAMS 0x00000007b5c00000| PB 0x00000007b5c00000| Complete 
|1455|0x00000007b5e00000, 0x00000007b6000000, 0x00000007b6000000|100%|HC|  |TAMS 0x00000007b5e00000| PB 0x00000007b5e00000| Complete 
|1456|0x00000007b6000000, 0x00000007b6200000, 0x00000007b6200000|100%|HC|  |TAMS 0x00000007b6000000| PB 0x00000007b6000000| Complete 
|1457|0x00000007b6200000, 0x00000007b6400000, 0x00000007b6400000|100%|HC|  |TAMS 0x00000007b6200000| PB 0x00000007b6200000| Complete 
|1458|0x00000007b6400000, 0x00000007b6600000, 0x00000007b6600000|100%|HC|  |TAMS 0x00000007b6400000| PB 0x00000007b6400000| Complete 
|1459|0x00000007b6600000, 0x00000007b6800000, 0x00000007b6800000|100%|HC|  |TAMS 0x00000007b6600000| PB 0x00000007b6600000| Complete 
|1460|0x00000007b6800000, 0x00000007b6a00000, 0x00000007b6a00000|100%|HC|  |TAMS 0x00000007b6800000| PB 0x00000007b6800000| Complete 
|1461|0x00000007b6a00000, 0x00000007b6c00000, 0x00000007b6c00000|100%|HC|  |TAMS 0x00000007b6a00000| PB 0x00000007b6a00000| Complete 
|1462|0x00000007b6c00000, 0x00000007b6e00000, 0x00000007b6e00000|100%|HC|  |TAMS 0x00000007b6c00000| PB 0x00000007b6c00000| Complete 
|1463|0x00000007b6e00000, 0x00000007b7000000, 0x00000007b7000000|100%|HC|  |TAMS 0x00000007b6e00000| PB 0x00000007b6e00000| Complete 
|1464|0x00000007b7000000, 0x00000007b7200000, 0x00000007b7200000|100%|HC|  |TAMS 0x00000007b7000000| PB 0x00000007b7000000| Complete 
|1465|0x00000007b7200000, 0x00000007b7400000, 0x00000007b7400000|100%|HC|  |TAMS 0x00000007b7200000| PB 0x00000007b7200000| Complete 
|1466|0x00000007b7400000, 0x00000007b7600000, 0x00000007b7600000|100%|HC|  |TAMS 0x00000007b7400000| PB 0x00000007b7400000| Complete 
|1467|0x00000007b7600000, 0x00000007b7800000, 0x00000007b7800000|100%|HC|  |TAMS 0x00000007b7600000| PB 0x00000007b7600000| Complete 
|1468|0x00000007b7800000, 0x00000007b7a00000, 0x00000007b7a00000|100%|HC|  |TAMS 0x00000007b7800000| PB 0x00000007b7800000| Complete 
|1469|0x00000007b7a00000, 0x00000007b7c00000, 0x00000007b7c00000|100%|HC|  |TAMS 0x00000007b7a00000| PB 0x00000007b7a00000| Complete 
|1470|0x00000007b7c00000, 0x00000007b7e00000, 0x00000007b7e00000|100%|HC|  |TAMS 0x00000007b7c00000| PB 0x00000007b7c00000| Complete 
|1471|0x00000007b7e00000, 0x00000007b8000000, 0x00000007b8000000|100%|HC|  |TAMS 0x00000007b7e00000| PB 0x00000007b7e00000| Complete 
|1472|0x00000007b8000000, 0x00000007b8200000, 0x00000007b8200000|100%|HC|  |TAMS 0x00000007b8000000| PB 0x00000007b8000000| Complete 
|1473|0x00000007b8200000, 0x00000007b8400000, 0x00000007b8400000|100%|HC|  |TAMS 0x00000007b8200000| PB 0x00000007b8200000| Complete 
|1474|0x00000007b8400000, 0x00000007b8600000, 0x00000007b8600000|100%|HC|  |TAMS 0x00000007b8400000| PB 0x00000007b8400000| Complete 
|1475|0x00000007b8600000, 0x00000007b8800000, 0x00000007b8800000|100%|HC|  |TAMS 0x00000007b8600000| PB 0x00000007b8600000| Complete 
|1476|0x00000007b8800000, 0x00000007b8a00000, 0x00000007b8a00000|100%|HC|  |TAMS 0x00000007b8800000| PB 0x00000007b8800000| Complete 
|1477|0x00000007b8a00000, 0x00000007b8c00000, 0x00000007b8c00000|100%|HC|  |TAMS 0x00000007b8a00000| PB 0x00000007b8a00000| Complete 
|1478|0x00000007b8c00000, 0x00000007b8e00000, 0x00000007b8e00000|100%|HC|  |TAMS 0x00000007b8c00000| PB 0x00000007b8c00000| Complete 
|1479|0x00000007b8e00000, 0x00000007b9000000, 0x00000007b9000000|100%|HC|  |TAMS 0x00000007b8e00000| PB 0x00000007b8e00000| Complete 
|1480|0x00000007b9000000, 0x00000007b9200000, 0x00000007b9200000|100%|HC|  |TAMS 0x00000007b9000000| PB 0x00000007b9000000| Complete 
|1481|0x00000007b9200000, 0x00000007b9400000, 0x00000007b9400000|100%|HC|  |TAMS 0x00000007b9200000| PB 0x00000007b9200000| Complete 
|1482|0x00000007b9400000, 0x00000007b9600000, 0x00000007b9600000|100%|HC|  |TAMS 0x00000007b9400000| PB 0x00000007b9400000| Complete 
|1483|0x00000007b9600000, 0x00000007b9800000, 0x00000007b9800000|100%|HC|  |TAMS 0x00000007b9600000| PB 0x00000007b9600000| Complete 
|1484|0x00000007b9800000, 0x00000007b9a00000, 0x00000007b9a00000|100%|HC|  |TAMS 0x00000007b9800000| PB 0x00000007b9800000| Complete 
|1485|0x00000007b9a00000, 0x00000007b9c00000, 0x00000007b9c00000|100%|HC|  |TAMS 0x00000007b9a00000| PB 0x00000007b9a00000| Complete 
|1486|0x00000007b9c00000, 0x00000007b9c00000, 0x00000007b9e00000|  0%| F|  |TAMS 0x00000007b9c00000| PB 0x00000007b9c00000| Untracked 
|1487|0x00000007b9e00000, 0x00000007b9e00000, 0x00000007ba000000|  0%| F|  |TAMS 0x00000007b9e00000| PB 0x00000007b9e00000| Untracked 
|1488|0x00000007ba000000, 0x00000007ba000000, 0x00000007ba200000|  0%| F|  |TAMS 0x00000007ba000000| PB 0x00000007ba000000| Untracked 
|1489|0x00000007ba200000, 0x00000007ba200000, 0x00000007ba400000|  0%| F|  |TAMS 0x00000007ba200000| PB 0x00000007ba200000| Untracked 
|1490|0x00000007ba400000, 0x00000007ba400000, 0x00000007ba600000|  0%| F|  |TAMS 0x00000007ba400000| PB 0x00000007ba400000| Untracked 
|1491|0x00000007ba600000, 0x00000007ba600000, 0x00000007ba800000|  0%| F|  |TAMS 0x00000007ba600000| PB 0x00000007ba600000| Untracked 
|1492|0x00000007ba800000, 0x00000007ba800000, 0x00000007baa00000|  0%| F|  |TAMS 0x00000007ba800000| PB 0x00000007ba800000| Untracked 
|1493|0x00000007baa00000, 0x00000007baa00000, 0x00000007bac00000|  0%| F|  |TAMS 0x00000007baa00000| PB 0x00000007baa00000| Untracked 
|1494|0x00000007bac00000, 0x00000007bac00000, 0x00000007bae00000|  0%| F|  |TAMS 0x00000007bac00000| PB 0x00000007bac00000| Untracked 
|1495|0x00000007bae00000, 0x00000007bae00000, 0x00000007bb000000|  0%| F|  |TAMS 0x00000007bae00000| PB 0x00000007bae00000| Untracked 
|1496|0x00000007bb000000, 0x00000007bb000000, 0x00000007bb200000|  0%| F|  |TAMS 0x00000007bb000000| PB 0x00000007bb000000| Untracked 
|1497|0x00000007bb200000, 0x00000007bb200000, 0x00000007bb400000|  0%| F|  |TAMS 0x00000007bb200000| PB 0x00000007bb200000| Untracked 
|1498|0x00000007bb400000, 0x00000007bb400000, 0x00000007bb600000|  0%| F|  |TAMS 0x00000007bb400000| PB 0x00000007bb400000| Untracked 
|1499|0x00000007bb600000, 0x00000007bb600000, 0x00000007bb800000|  0%| F|  |TAMS 0x00000007bb600000| PB 0x00000007bb600000| Untracked 
|1500|0x00000007bb800000, 0x00000007bb800000, 0x00000007bba00000|  0%| F|  |TAMS 0x00000007bb800000| PB 0x00000007bb800000| Untracked 
|1501|0x00000007bba00000, 0x00000007bba00000, 0x00000007bbc00000|  0%| F|  |TAMS 0x00000007bba00000| PB 0x00000007bba00000| Untracked 
|1502|0x00000007bbc00000, 0x00000007bbc00000, 0x00000007bbe00000|  0%| F|  |TAMS 0x00000007bbc00000| PB 0x00000007bbc00000| Untracked 
|1503|0x00000007bbe00000, 0x00000007bbe00000, 0x00000007bc000000|  0%| F|  |TAMS 0x00000007bbe00000| PB 0x00000007bbe00000| Untracked 
|1504|0x00000007bc000000, 0x00000007bc000000, 0x00000007bc200000|  0%| F|  |TAMS 0x00000007bc000000| PB 0x00000007bc000000| Untracked 
|1505|0x00000007bc200000, 0x00000007bc200000, 0x00000007bc400000|  0%| F|  |TAMS 0x00000007bc200000| PB 0x00000007bc200000| Untracked 
|1506|0x00000007bc400000, 0x00000007bc400000, 0x00000007bc600000|  0%| F|  |TAMS 0x00000007bc400000| PB 0x00000007bc400000| Untracked 
|1507|0x00000007bc600000, 0x00000007bc600000, 0x00000007bc800000|  0%| F|  |TAMS 0x00000007bc600000| PB 0x00000007bc600000| Untracked 
|1508|0x00000007bc800000, 0x00000007bc800000, 0x00000007bca00000|  0%| F|  |TAMS 0x00000007bc800000| PB 0x00000007bc800000| Untracked 
|1509|0x00000007bca00000, 0x00000007bca00000, 0x00000007bcc00000|  0%| F|  |TAMS 0x00000007bca00000| PB 0x00000007bca00000| Untracked 
|1510|0x00000007bcc00000, 0x00000007bcc00000, 0x00000007bce00000|  0%| F|  |TAMS 0x00000007bcc00000| PB 0x00000007bcc00000| Untracked 
|1511|0x00000007bce00000, 0x00000007bce00000, 0x00000007bd000000|  0%| F|  |TAMS 0x00000007bce00000| PB 0x00000007bce00000| Untracked 
|1512|0x00000007bd000000, 0x00000007bd000000, 0x00000007bd200000|  0%| F|  |TAMS 0x00000007bd000000| PB 0x00000007bd000000| Untracked 
|1513|0x00000007bd200000, 0x00000007bd200000, 0x00000007bd400000|  0%| F|  |TAMS 0x00000007bd200000| PB 0x00000007bd200000| Untracked 
|1514|0x00000007bd400000, 0x00000007bd400000, 0x00000007bd600000|  0%| F|  |TAMS 0x00000007bd400000| PB 0x00000007bd400000| Untracked 
|1515|0x00000007bd600000, 0x00000007bd600000, 0x00000007bd800000|  0%| F|  |TAMS 0x00000007bd600000| PB 0x00000007bd600000| Untracked 
|1516|0x00000007bd800000, 0x00000007bd800000, 0x00000007bda00000|  0%| F|  |TAMS 0x00000007bd800000| PB 0x00000007bd800000| Untracked 
|1517|0x00000007bda00000, 0x00000007bda00000, 0x00000007bdc00000|  0%| F|  |TAMS 0x00000007bda00000| PB 0x00000007bda00000| Untracked 
|1518|0x00000007bdc00000, 0x00000007bdc00000, 0x00000007bde00000|  0%| F|  |TAMS 0x00000007bdc00000| PB 0x00000007bdc00000| Untracked 
|1519|0x00000007bde00000, 0x00000007bde00000, 0x00000007be000000|  0%| F|  |TAMS 0x00000007bde00000| PB 0x00000007bde00000| Untracked 
|1520|0x00000007be000000, 0x00000007be000000, 0x00000007be200000|  0%| F|  |TAMS 0x00000007be000000| PB 0x00000007be000000| Untracked 
|1521|0x00000007be200000, 0x00000007be200000, 0x00000007be400000|  0%| F|  |TAMS 0x00000007be200000| PB 0x00000007be200000| Untracked 
|1522|0x00000007be400000, 0x00000007be400000, 0x00000007be600000|  0%| F|  |TAMS 0x00000007be400000| PB 0x00000007be400000| Untracked 
|1523|0x00000007be600000, 0x00000007be600000, 0x00000007be800000|  0%| F|  |TAMS 0x00000007be600000| PB 0x00000007be600000| Untracked 
|1524|0x00000007be800000, 0x00000007be800000, 0x00000007bea00000|  0%| F|  |TAMS 0x00000007be800000| PB 0x00000007be800000| Untracked 
|1525|0x00000007bea00000, 0x00000007bea00000, 0x00000007bec00000|  0%| F|  |TAMS 0x00000007bea00000| PB 0x00000007bea00000| Untracked 
|1526|0x00000007bec00000, 0x00000007bec00000, 0x00000007bee00000|  0%| F|  |TAMS 0x00000007bec00000| PB 0x00000007bec00000| Untracked 
|1527|0x00000007bee00000, 0x00000007bee00000, 0x00000007bf000000|  0%| F|  |TAMS 0x00000007bee00000| PB 0x00000007bee00000| Untracked 
|1528|0x00000007bf000000, 0x00000007bf000000, 0x00000007bf200000|  0%| F|  |TAMS 0x00000007bf000000| PB 0x00000007bf000000| Untracked 
|1529|0x00000007bf200000, 0x00000007bf200000, 0x00000007bf400000|  0%| F|  |TAMS 0x00000007bf200000| PB 0x00000007bf200000| Untracked 
|1530|0x00000007bf400000, 0x00000007bf400000, 0x00000007bf600000|  0%| F|  |TAMS 0x00000007bf400000| PB 0x00000007bf400000| Untracked 
|1531|0x00000007bf600000, 0x00000007bf600000, 0x00000007bf800000|  0%| F|  |TAMS 0x00000007bf600000| PB 0x00000007bf600000| Untracked 
|1532|0x00000007bf800000, 0x00000007bf800000, 0x00000007bfa00000|  0%| F|  |TAMS 0x00000007bf800000| PB 0x00000007bf800000| Untracked 
|1533|0x00000007bfa00000, 0x00000007bfa00000, 0x00000007bfc00000|  0%| F|  |TAMS 0x00000007bfa00000| PB 0x00000007bfa00000| Untracked 
|1534|0x00000007bfc00000, 0x00000007bfc00000, 0x00000007bfe00000|  0%| F|  |TAMS 0x00000007bfc00000| PB 0x00000007bfc00000| Untracked 
|1535|0x00000007bfe00000, 0x00000007bfe00000, 0x00000007c0000000|  0%| F|  |TAMS 0x00000007bfe00000| PB 0x00000007bfe00000| Untracked 
|1536|0x00000007c0000000, 0x00000007c0000000, 0x00000007c0200000|  0%| F|  |TAMS 0x00000007c0000000| PB 0x00000007c0000000| Untracked 
|1537|0x00000007c0200000, 0x00000007c0200000, 0x00000007c0400000|  0%| F|  |TAMS 0x00000007c0200000| PB 0x00000007c0200000| Untracked 
|1538|0x00000007c0400000, 0x00000007c0400000, 0x00000007c0600000|  0%| F|  |TAMS 0x00000007c0400000| PB 0x00000007c0400000| Untracked 
|1539|0x00000007c0600000, 0x00000007c0600000, 0x00000007c0800000|  0%| F|  |TAMS 0x00000007c0600000| PB 0x00000007c0600000| Untracked 
|1540|0x00000007c0800000, 0x00000007c0800000, 0x00000007c0a00000|  0%| F|  |TAMS 0x00000007c0800000| PB 0x00000007c0800000| Untracked 
|1541|0x00000007c0a00000, 0x00000007c0a00000, 0x00000007c0c00000|  0%| F|  |TAMS 0x00000007c0a00000| PB 0x00000007c0a00000| Untracked 
|1542|0x00000007c0c00000, 0x00000007c0c00000, 0x00000007c0e00000|  0%| F|  |TAMS 0x00000007c0c00000| PB 0x00000007c0c00000| Untracked 
|1543|0x00000007c0e00000, 0x00000007c0e00000, 0x00000007c1000000|  0%| F|  |TAMS 0x00000007c0e00000| PB 0x00000007c0e00000| Untracked 
|1544|0x00000007c1000000, 0x00000007c1000000, 0x00000007c1200000|  0%| F|  |TAMS 0x00000007c1000000| PB 0x00000007c1000000| Untracked 
|1545|0x00000007c1200000, 0x00000007c1200000, 0x00000007c1400000|  0%| F|  |TAMS 0x00000007c1200000| PB 0x00000007c1200000| Untracked 
|1546|0x00000007c1400000, 0x00000007c1400000, 0x00000007c1600000|  0%| F|  |TAMS 0x00000007c1400000| PB 0x00000007c1400000| Untracked 
|1547|0x00000007c1600000, 0x00000007c1600000, 0x00000007c1800000|  0%| F|  |TAMS 0x00000007c1600000| PB 0x00000007c1600000| Untracked 
|1548|0x00000007c1800000, 0x00000007c1800000, 0x00000007c1a00000|  0%| F|  |TAMS 0x00000007c1800000| PB 0x00000007c1800000| Untracked 
|1549|0x00000007c1a00000, 0x00000007c1a00000, 0x00000007c1c00000|  0%| F|  |TAMS 0x00000007c1a00000| PB 0x00000007c1a00000| Untracked 
|1550|0x00000007c1c00000, 0x00000007c1c00000, 0x00000007c1e00000|  0%| F|  |TAMS 0x00000007c1c00000| PB 0x00000007c1c00000| Untracked 
|1551|0x00000007c1e00000, 0x00000007c1e00000, 0x00000007c2000000|  0%| F|  |TAMS 0x00000007c1e00000| PB 0x00000007c1e00000| Untracked 
|1552|0x00000007c2000000, 0x00000007c2000000, 0x00000007c2200000|  0%| F|  |TAMS 0x00000007c2000000| PB 0x00000007c2000000| Untracked 
|1553|0x00000007c2200000, 0x00000007c2200000, 0x00000007c2400000|  0%| F|  |TAMS 0x00000007c2200000| PB 0x00000007c2200000| Untracked 
|1554|0x00000007c2400000, 0x00000007c2400000, 0x00000007c2600000|  0%| F|  |TAMS 0x00000007c2400000| PB 0x00000007c2400000| Untracked 
|1555|0x00000007c2600000, 0x00000007c2600000, 0x00000007c2800000|  0%| F|  |TAMS 0x00000007c2600000| PB 0x00000007c2600000| Untracked 
|1556|0x00000007c2800000, 0x00000007c2800000, 0x00000007c2a00000|  0%| F|  |TAMS 0x00000007c2800000| PB 0x00000007c2800000| Untracked 
|1557|0x00000007c2a00000, 0x00000007c2a00000, 0x00000007c2c00000|  0%| F|  |TAMS 0x00000007c2a00000| PB 0x00000007c2a00000| Untracked 
|1558|0x00000007c2c00000, 0x00000007c2c00000, 0x00000007c2e00000|  0%| F|  |TAMS 0x00000007c2c00000| PB 0x00000007c2c00000| Untracked 
|1559|0x00000007c2e00000, 0x00000007c2e00000, 0x00000007c3000000|  0%| F|  |TAMS 0x00000007c2e00000| PB 0x00000007c2e00000| Untracked 
|1560|0x00000007c3000000, 0x00000007c3000000, 0x00000007c3200000|  0%| F|  |TAMS 0x00000007c3000000| PB 0x00000007c3000000| Untracked 
|1561|0x00000007c3200000, 0x00000007c3200000, 0x00000007c3400000|  0%| F|  |TAMS 0x00000007c3200000| PB 0x00000007c3200000| Untracked 
|1562|0x00000007c3400000, 0x00000007c3400000, 0x00000007c3600000|  0%| F|  |TAMS 0x00000007c3400000| PB 0x00000007c3400000| Untracked 
|1563|0x00000007c3600000, 0x00000007c3600000, 0x00000007c3800000|  0%| F|  |TAMS 0x00000007c3600000| PB 0x00000007c3600000| Untracked 
|1564|0x00000007c3800000, 0x00000007c3800000, 0x00000007c3a00000|  0%| F|  |TAMS 0x00000007c3800000| PB 0x00000007c3800000| Untracked 
|1565|0x00000007c3a00000, 0x00000007c3a00000, 0x00000007c3c00000|  0%| F|  |TAMS 0x00000007c3a00000| PB 0x00000007c3a00000| Untracked 
|1566|0x00000007c3c00000, 0x00000007c3c00000, 0x00000007c3e00000|  0%| F|  |TAMS 0x00000007c3c00000| PB 0x00000007c3c00000| Untracked 
|2039|0x00000007fee00000, 0x00000007feef23b8, 0x00000007ff000000| 47%| O|  |TAMS 0x00000007fee00000| PB 0x00000007fee00000| Untracked 
|2040|0x00000007ff000000, 0x00000007ff200000, 0x00000007ff200000|100%| O|  |TAMS 0x00000007ff000000| PB 0x00000007ff000000| Untracked 
|2041|0x00000007ff200000, 0x00000007ff400000, 0x00000007ff400000|100%| O|  |TAMS 0x00000007ff200000| PB 0x00000007ff200000| Untracked 
|2042|0x00000007ff400000, 0x00000007ff600000, 0x00000007ff600000|100%| O|  |TAMS 0x00000007ff400000| PB 0x00000007ff400000| Untracked 
|2043|0x00000007ff600000, 0x00000007ff800000, 0x00000007ff800000|100%| O|  |TAMS 0x00000007ff600000| PB 0x00000007ff600000| Untracked 
|2044|0x00000007ff800000, 0x00000007ffa00000, 0x00000007ffa00000|100%| O|  |TAMS 0x00000007ff800000| PB 0x00000007ff800000| Untracked 
|2045|0x00000007ffa00000, 0x00000007ffc00000, 0x00000007ffc00000|100%| O|  |TAMS 0x00000007ffa00000| PB 0x00000007ffa00000| Untracked 
|2046|0x00000007ffc00000, 0x00000007ffe00000, 0x00000007ffe00000|100%| O|  |TAMS 0x00000007ffc00000| PB 0x00000007ffc00000| Untracked 
|2047|0x00000007ffe00000, 0x0000000800000000, 0x0000000800000000|100%| O|Cm|TAMS 0x00000007ffe00000| PB 0x00000007ffe00000| Complete 

Card table byte_map: [0x0000022c48ec0000,0x0000022c496c0000] _byte_map_base: 0x0000022c456c0000

Marking Bits: (CMBitMap*) 0x0000022c3608d010
 Bits: [0x0000022c496c0000, 0x0000022c4d6c0000)

Polling page: 0x0000022c33f40000

Metaspace:

Usage:
  Non-class:    124.25 MB used.
      Class:     19.43 MB used.
       Both:    143.68 MB used.

Virtual space:
  Non-class space:      128.00 MB reserved,     125.75 MB ( 98%) committed,  2 nodes.
      Class space:      832.00 MB reserved,      20.81 MB (  3%) committed,  1 nodes.
             Both:      960.00 MB reserved,     146.56 MB ( 15%) committed. 

Chunk freelists:
   Non-Class:  2.27 MB
       Class:  11.23 MB
        Both:  13.50 MB

MaxMetaspaceSize: 1.00 GB
CompressedClassSpaceSize: 832.00 MB
Initial GC threshold: 21.00 MB
Current GC threshold: 241.50 MB
CDS: off
 - commit_granule_bytes: 65536.
 - commit_granule_words: 8192.
 - virtual_space_node_default_size: 8388608.
 - enlarge_chunks_in_place: 1.
 - use_allocation_guard: 0.


Internal statistics:

num_allocs_failed_limit: 9.
num_arena_births: 5064.
num_arena_deaths: 66.
num_vsnodes_births: 3.
num_vsnodes_deaths: 0.
num_space_committed: 2344.
num_space_uncommitted: 0.
num_chunks_returned_to_freelist: 112.
num_chunks_taken_from_freelist: 12032.
num_chunk_merges: 9.
num_chunk_splits: 7611.
num_chunks_enlarged: 4648.
num_inconsistent_stats: 0.

CodeHeap 'non-profiled nmethods': size=120000Kb used=15144Kb max_used=15999Kb free=104855Kb
 bounds [0x0000022c40c40000, 0x0000022c41c00000, 0x0000022c48170000]
CodeHeap 'profiled nmethods': size=120000Kb used=30941Kb max_used=33831Kb free=89058Kb
 bounds [0x0000022c39170000, 0x0000022c3b280000, 0x0000022c406a0000]
CodeHeap 'non-nmethods': size=5760Kb used=2983Kb max_used=3058Kb free=2776Kb
 bounds [0x0000022c406a0000, 0x0000022c409a0000, 0x0000022c40c40000]
 total_blobs=17299 nmethods=16228 adapters=973
 compilation: enabled
              stopped_count=0, restarted_count=0
 full_count=0

Compilation events (20 events):
Event: 51.364 Thread 0x0000022c5057d610 22800       4       sun.nio.cs.UTF_8::newEncoder (9 bytes)
Event: 51.368 Thread 0x0000022c5057d610 nmethod 22800 0x0000022c41075b10 code [0x0000022c41075ce0, 0x0000022c410763c8]
Event: 59.079 Thread 0x0000022c505821c0 22801       1       com.sun.management.internal.PlatformMBeanProviderImpl$2::mbeanInterfaceNames (5 bytes)
Event: 59.079 Thread 0x0000022c505821c0 nmethod 22801 0x0000022c4124bd10 code [0x0000022c4124bea0, 0x0000022c4124bf70]
Event: 59.079 Thread 0x0000022c505821c0 22802       1       com.sun.management.internal.PlatformMBeanProviderImpl$3::mbeanInterfaceNames (5 bytes)
Event: 59.079 Thread 0x0000022c505821c0 nmethod 22802 0x0000022c414a1310 code [0x0000022c414a14a0, 0x0000022c414a1570]
Event: 59.079 Thread 0x0000022c505821c0 22803       1       java.lang.management.DefaultPlatformMBeanProvider$7::mbeanInterfaceNames (5 bytes)
Event: 59.079 Thread 0x0000022c505821c0 nmethod 22803 0x0000022c414a0e90 code [0x0000022c414a1020, 0x0000022c414a10f0]
Event: 59.079 Thread 0x0000022c505821c0 22804       1       java.lang.management.DefaultPlatformMBeanProvider$5::mbeanInterfaceNames (5 bytes)
Event: 59.079 Thread 0x0000022c5057d610 22806       4       java.util.concurrent.atomic.AtomicLong::compareAndSet (13 bytes)
Event: 59.079 Thread 0x0000022c505821c0 nmethod 22804 0x0000022c41447710 code [0x0000022c414478a0, 0x0000022c41447970]
Event: 59.080 Thread 0x0000022c505821c0 22805       1       java.lang.management.DefaultPlatformMBeanProvider$6::mbeanInterfaceNames (5 bytes)
Event: 59.080 Thread 0x0000022c505821c0 nmethod 22805 0x0000022c41447410 code [0x0000022c414475a0, 0x0000022c41447670]
Event: 59.080 Thread 0x0000022c5057d610 nmethod 22806 0x0000022c41447110 code [0x0000022c414472a0, 0x0000022c41447340]
Event: 61.278 Thread 0x0000022c505821c0 22807       1       org.gradle.launcher.daemon.server.health.gc.GarbageCollectionEvent::getUsage (5 bytes)
Event: 61.278 Thread 0x0000022c505821c0 nmethod 22807 0x0000022c4177c210 code [0x0000022c4177c3a0, 0x0000022c4177c470]
Event: 61.279 Thread 0x0000022c505821c0 22808       3       org.gradle.internal.serialize.InputStreamBackedDecoder::readInt (8 bytes)
Event: 61.279 Thread 0x0000022c505821c0 nmethod 22808 0x0000022c396d7d10 code [0x0000022c396d7f20, 0x0000022c396d85a8]
Event: 61.279 Thread 0x0000022c505821c0 22809       3       java.util.Date::<init> (10 bytes)
Event: 61.279 Thread 0x0000022c505821c0 nmethod 22809 0x0000022c39dcbb90 code [0x0000022c39dcbd40, 0x0000022c39dcbea8]

GC Heap History (20 events):
Event: 24.339 GC heap before
{Heap before GC invocations=71 (full 0):
 garbage-first heap   total 485376K, used 436665K [0x0000000700000000, 0x0000000800000000)
  region size 2048K, 72 young (147456K), 6 survivors (12288K)
 Metaspace       used 143804K, committed 146752K, reserved 983040K
  class space    used 19528K, committed 20992K, reserved 851968K
}
Event: 24.349 GC heap after
{Heap after GC invocations=72 (full 0):
 garbage-first heap   total 485376K, used 308508K [0x0000000700000000, 0x0000000800000000)
  region size 2048K, 4 young (8192K), 4 survivors (8192K)
 Metaspace       used 143804K, committed 146752K, reserved 983040K
  class space    used 19528K, committed 20992K, reserved 851968K
}
Event: 31.857 GC heap before
{Heap before GC invocations=72 (full 0):
 garbage-first heap   total 485376K, used 367900K [0x0000000700000000, 0x0000000800000000)
  region size 2048K, 34 young (69632K), 4 survivors (8192K)
 Metaspace       used 144017K, committed 147008K, reserved 983040K
  class space    used 19551K, committed 20992K, reserved 851968K
}
Event: 31.860 GC heap after
{Heap after GC invocations=73 (full 0):
 garbage-first heap   total 485376K, used 307289K [0x0000000700000000, 0x0000000800000000)
  region size 2048K, 4 young (8192K), 4 survivors (8192K)
 Metaspace       used 144017K, committed 147008K, reserved 983040K
  class space    used 19551K, committed 20992K, reserved 851968K
}
Event: 32.248 GC heap before
{Heap before GC invocations=74 (full 0):
 garbage-first heap   total 520192K, used 448601K [0x0000000700000000, 0x0000000800000000)
  region size 2048K, 72 young (147456K), 4 survivors (8192K)
 Metaspace       used 143997K, committed 147008K, reserved 983040K
  class space    used 19545K, committed 20992K, reserved 851968K
}
Event: 32.251 GC heap after
{Heap after GC invocations=75 (full 0):
 garbage-first heap   total 520192K, used 310768K [0x0000000700000000, 0x0000000800000000)
  region size 2048K, 5 young (10240K), 5 survivors (10240K)
 Metaspace       used 143997K, committed 147008K, reserved 983040K
  class space    used 19545K, committed 20992K, reserved 851968K
}
Event: 40.008 GC heap before
{Heap before GC invocations=75 (full 0):
 garbage-first heap   total 520192K, used 484848K [0x0000000700000000, 0x0000000800000000)
  region size 2048K, 88 young (180224K), 5 survivors (10240K)
 Metaspace       used 144162K, committed 147072K, reserved 983040K
  class space    used 19555K, committed 20992K, reserved 851968K
}
Event: 40.012 GC heap after
{Heap after GC invocations=76 (full 0):
 garbage-first heap   total 520192K, used 305979K [0x0000000700000000, 0x0000000800000000)
  region size 2048K, 6 young (12288K), 6 survivors (12288K)
 Metaspace       used 144162K, committed 147072K, reserved 983040K
  class space    used 19555K, committed 20992K, reserved 851968K
}
Event: 40.249 GC heap before
{Heap before GC invocations=76 (full 0):
 garbage-first heap   total 520192K, used 478011K [0x0000000700000000, 0x0000000800000000)
  region size 2048K, 90 young (184320K), 6 survivors (12288K)
 Metaspace       used 144165K, committed 147072K, reserved 983040K
  class space    used 19555K, committed 20992K, reserved 851968K
}
Event: 40.252 GC heap after
{Heap after GC invocations=77 (full 0):
 garbage-first heap   total 520192K, used 305784K [0x0000000700000000, 0x0000000800000000)
  region size 2048K, 6 young (12288K), 6 survivors (12288K)
 Metaspace       used 144165K, committed 147072K, reserved 983040K
  class space    used 19555K, committed 20992K, reserved 851968K
}
Event: 43.119 GC heap before
{Heap before GC invocations=78 (full 0):
 garbage-first heap   total 743424K, used 739960K [0x0000000700000000, 0x0000000800000000)
  region size 2048K, 72 young (147456K), 6 survivors (12288K)
 Metaspace       used 145115K, committed 148032K, reserved 983040K
  class space    used 19663K, committed 21056K, reserved 851968K
}
Event: 43.124 GC heap after
{Heap after GC invocations=79 (full 0):
 garbage-first heap   total 753664K, used 541729K [0x0000000700000000, 0x0000000800000000)
  region size 2048K, 5 young (10240K), 5 survivors (10240K)
 Metaspace       used 145115K, committed 148032K, reserved 983040K
  class space    used 19663K, committed 21056K, reserved 851968K
}
Event: 47.616 GC heap before
{Heap before GC invocations=79 (full 0):
 garbage-first heap   total 798720K, used 795681K [0x0000000700000000, 0x0000000800000000)
  region size 2048K, 41 young (83968K), 5 survivors (10240K)
 Metaspace       used 145351K, committed 148288K, reserved 983040K
  class space    used 19683K, committed 21120K, reserved 851968K
}
Event: 47.623 GC heap after
{Heap after GC invocations=80 (full 0):
 garbage-first heap   total 829440K, used 357686K [0x0000000700000000, 0x0000000800000000)
  region size 2048K, 11 young (22528K), 11 survivors (22528K)
 Metaspace       used 145351K, committed 148288K, reserved 983040K
  class space    used 19683K, committed 21120K, reserved 851968K
}
Event: 47.836 GC heap before
{Heap before GC invocations=80 (full 0):
 garbage-first heap   total 829440K, used 521526K [0x0000000700000000, 0x0000000800000000)
  region size 2048K, 18 young (36864K), 11 survivors (22528K)
 Metaspace       used 145351K, committed 148288K, reserved 983040K
  class space    used 19683K, committed 21120K, reserved 851968K
}
Event: 47.840 GC heap after
{Heap after GC invocations=81 (full 0):
 garbage-first heap   total 829440K, used 402742K [0x0000000700000000, 0x0000000800000000)
  region size 2048K, 13 young (26624K), 13 survivors (26624K)
 Metaspace       used 145351K, committed 148288K, reserved 983040K
  class space    used 19683K, committed 21120K, reserved 851968K
}
Event: 47.869 GC heap before
{Heap before GC invocations=81 (full 0):
 garbage-first heap   total 829440K, used 437558K [0x0000000700000000, 0x0000000800000000)
  region size 2048K, 14 young (28672K), 13 survivors (26624K)
 Metaspace       used 145351K, committed 148288K, reserved 983040K
  class space    used 19683K, committed 21120K, reserved 851968K
}
Event: 47.874 GC heap after
{Heap after GC invocations=82 (full 0):
 garbage-first heap   total 829440K, used 419159K [0x0000000700000000, 0x0000000800000000)
  region size 2048K, 10 young (20480K), 10 survivors (20480K)
 Metaspace       used 145351K, committed 148288K, reserved 983040K
  class space    used 19683K, committed 21120K, reserved 851968K
}
Event: 48.435 GC heap before
{Heap before GC invocations=83 (full 0):
 garbage-first heap   total 925696K, used 920919K [0x0000000700000000, 0x0000000800000000)
  region size 2048K, 94 young (192512K), 10 survivors (20480K)
 Metaspace       used 145783K, committed 148736K, reserved 983040K
  class space    used 19734K, committed 21184K, reserved 851968K
}
Event: 48.447 GC heap after
{Heap after GC invocations=84 (full 0):
 garbage-first heap   total 972800K, used 508872K [0x0000000700000000, 0x0000000800000000)
  region size 2048K, 18 young (36864K), 18 survivors (36864K)
 Metaspace       used 145783K, committed 148736K, reserved 983040K
  class space    used 19734K, committed 21184K, reserved 851968K
}

Dll operation events (3 events):
Event: 0.006 Loaded shared library C:\Program Files\Android\Android Studio\jbr\bin\java.dll
Event: 0.010 Loaded shared library C:\Program Files\Android\Android Studio\jbr\bin\zip.dll
Event: 0.342 Loaded shared library C:\Program Files\Android\Android Studio\jbr\bin\verify.dll

Deoptimization events (20 events):
Event: 50.474 Thread 0x0000022c6504b3d0 Uncommon trap: trap_request=0xffffff45 fr.pc=0x0000022c41839154 relative=0x0000000000000414
Event: 50.474 Thread 0x0000022c6504b3d0 Uncommon trap: reason=unstable_if action=reinterpret pc=0x0000022c41839154 method=org.gradle.internal.logging.text.AbstractLineChoppingStyledTextOutput$2.execute(Lorg/gradle/internal/logging/text/AbstractLineChoppingStyledTextOutput$StateContext;)V @ 34 c
Event: 50.474 Thread 0x0000022c6504b3d0 DEOPT PACKING pc=0x0000022c41839154 sp=0x000000e9050fcf50
Event: 50.474 Thread 0x0000022c6504b3d0 DEOPT UNPACKING pc=0x0000022c406f46a2 sp=0x000000e9050fcde8 mode 2
Event: 50.474 Thread 0x0000022c6504b3d0 Uncommon trap: trap_request=0xffffffde fr.pc=0x0000022c414811a4 relative=0x00000000000003a4
Event: 50.474 Thread 0x0000022c6504b3d0 Uncommon trap: reason=class_check action=maybe_recompile pc=0x0000022c414811a4 method=org.gradle.tooling.internal.provider.runner.ClientBuildEventGenerator.progress(Lorg/gradle/internal/operations/OperationIdentifier;Lorg/gradle/internal/operations/Operat
Event: 50.474 Thread 0x0000022c6504b3d0 DEOPT PACKING pc=0x0000022c414811a4 sp=0x000000e9050fd590
Event: 50.474 Thread 0x0000022c6504b3d0 DEOPT UNPACKING pc=0x0000022c406f46a2 sp=0x000000e9050fd530 mode 2
Event: 50.474 Thread 0x0000022c6504b3d0 Uncommon trap: trap_request=0xffffffde fr.pc=0x0000022c414811a4 relative=0x00000000000003a4
Event: 50.474 Thread 0x0000022c6504b3d0 Uncommon trap: reason=class_check action=maybe_recompile pc=0x0000022c414811a4 method=org.gradle.tooling.internal.provider.runner.ClientBuildEventGenerator.progress(Lorg/gradle/internal/operations/OperationIdentifier;Lorg/gradle/internal/operations/Operat
Event: 50.474 Thread 0x0000022c6504b3d0 DEOPT PACKING pc=0x0000022c414811a4 sp=0x000000e9050fd590
Event: 50.474 Thread 0x0000022c6504b3d0 DEOPT UNPACKING pc=0x0000022c406f46a2 sp=0x000000e9050fd530 mode 2
Event: 50.648 Thread 0x0000022c6504b3d0 Uncommon trap: trap_request=0xffffff45 fr.pc=0x0000022c40f3bf0c relative=0x000000000000020c
Event: 50.648 Thread 0x0000022c6504b3d0 Uncommon trap: reason=unstable_if action=reinterpret pc=0x0000022c40f3bf0c method=sun.invoke.util.VerifyAccess.isTypeVisible(Ljava/lang/Class;Ljava/lang/Class;)Z @ 77 c2
Event: 50.648 Thread 0x0000022c6504b3d0 DEOPT PACKING pc=0x0000022c40f3bf0c sp=0x000000e9050fc730
Event: 50.648 Thread 0x0000022c6504b3d0 DEOPT UNPACKING pc=0x0000022c406f46a2 sp=0x000000e9050fc6b0 mode 2
Event: 50.677 Thread 0x0000022c5d605dc0 Uncommon trap: trap_request=0xffffffde fr.pc=0x0000022c419d6a3c relative=0x000000000000057c
Event: 50.677 Thread 0x0000022c5d605dc0 Uncommon trap: reason=class_check action=maybe_recompile pc=0x0000022c419d6a3c method=java.io.BufferedOutputStream.implWrite([BII)V @ 19 c2
Event: 50.677 Thread 0x0000022c5d605dc0 DEOPT PACKING pc=0x0000022c419d6a3c sp=0x000000e9027fe9e0
Event: 50.677 Thread 0x0000022c5d605dc0 DEOPT UNPACKING pc=0x0000022c406f46a2 sp=0x000000e9027fe900 mode 2

Classes loaded (20 events):
Event: 48.901 Loading class java/io/PrintWriter$1
Event: 48.901 Loading class jdk/internal/access/JavaIOPrintWriterAccess
Event: 48.901 Loading class jdk/internal/access/JavaIOPrintWriterAccess done
Event: 48.901 Loading class java/io/PrintWriter$1 done
Event: 48.901 Loading class java/lang/Throwable$WrappedPrintWriter
Event: 48.901 Loading class java/lang/Throwable$PrintStreamOrWriter
Event: 48.902 Loading class java/lang/Throwable$PrintStreamOrWriter done
Event: 48.902 Loading class java/lang/Throwable$WrappedPrintWriter done
Event: 50.633 Loading class java/util/TreeMap$DescendingSubMap
Event: 50.633 Loading class java/util/TreeMap$NavigableSubMap
Event: 50.634 Loading class java/util/TreeMap$NavigableSubMap done
Event: 50.634 Loading class java/util/TreeMap$DescendingSubMap done
Event: 50.634 Loading class java/util/TreeMap$DescendingSubMap$DescendingEntrySetView
Event: 50.634 Loading class java/util/TreeMap$NavigableSubMap$EntrySetView
Event: 50.645 Loading class java/util/TreeMap$NavigableSubMap$EntrySetView done
Event: 50.645 Loading class java/util/TreeMap$DescendingSubMap$DescendingEntrySetView done
Event: 50.645 Loading class java/util/TreeMap$NavigableSubMap$DescendingSubMapEntryIterator
Event: 50.645 Loading class java/util/TreeMap$NavigableSubMap$SubMapIterator
Event: 50.646 Loading class java/util/TreeMap$NavigableSubMap$SubMapIterator done
Event: 50.646 Loading class java/util/TreeMap$NavigableSubMap$DescendingSubMapEntryIterator done

Classes unloaded (20 events):
Event: 8.710 Thread 0x0000022c4f9ce6c0 Unloading class 0x0000000800cc7000 'java/lang/invoke/LambdaForm$MH+0x0000000800cc7000'
Event: 8.710 Thread 0x0000022c4f9ce6c0 Unloading class 0x0000000800cc6800 'java/lang/invoke/LambdaForm$MH+0x0000000800cc6800'
Event: 8.710 Thread 0x0000022c4f9ce6c0 Unloading class 0x0000000800cc6000 'java/lang/invoke/LambdaForm$MH+0x0000000800cc6000'
Event: 8.710 Thread 0x0000022c4f9ce6c0 Unloading class 0x0000000800cc5800 'java/lang/invoke/LambdaForm$MH+0x0000000800cc5800'
Event: 8.710 Thread 0x0000022c4f9ce6c0 Unloading class 0x0000000800cc5000 'java/lang/invoke/LambdaForm$MH+0x0000000800cc5000'
Event: 8.710 Thread 0x0000022c4f9ce6c0 Unloading class 0x0000000800cc4800 'java/lang/invoke/LambdaForm$MH+0x0000000800cc4800'
Event: 8.710 Thread 0x0000022c4f9ce6c0 Unloading class 0x0000000800cc4000 'java/lang/invoke/LambdaForm$DMH+0x0000000800cc4000'
Event: 32.027 Thread 0x0000022c4f9ce6c0 Unloading class 0x000000080141c400 'java/lang/invoke/LambdaForm$MH+0x000000080141c400'
Event: 32.027 Thread 0x0000022c4f9ce6c0 Unloading class 0x000000080141bc00 'java/lang/invoke/LambdaForm$MH+0x000000080141bc00'
Event: 32.027 Thread 0x0000022c4f9ce6c0 Unloading class 0x000000080141b800 'java/lang/invoke/LambdaForm$DMH+0x000000080141b800'
Event: 32.027 Thread 0x0000022c4f9ce6c0 Unloading class 0x000000080141ac00 'java/lang/invoke/LambdaForm$MH+0x000000080141ac00'
Event: 32.027 Thread 0x0000022c4f9ce6c0 Unloading class 0x000000080141a400 'java/lang/invoke/LambdaForm$MH+0x000000080141a400'
Event: 32.027 Thread 0x0000022c4f9ce6c0 Unloading class 0x000000080141a000 'java/lang/invoke/LambdaForm$MH+0x000000080141a000'
Event: 32.027 Thread 0x0000022c4f9ce6c0 Unloading class 0x0000000801419400 'java/lang/invoke/LambdaForm$MH+0x0000000801419400'
Event: 32.027 Thread 0x0000022c4f9ce6c0 Unloading class 0x0000000801419000 'java/lang/invoke/LambdaForm$MH+0x0000000801419000'
Event: 32.027 Thread 0x0000022c4f9ce6c0 Unloading class 0x0000000801418800 'java/lang/invoke/LambdaForm$DMH+0x0000000801418800'
Event: 32.027 Thread 0x0000022c4f9ce6c0 Unloading class 0x0000000801418000 'java/lang/invoke/LambdaForm$MH+0x0000000801418000'
Event: 32.027 Thread 0x0000022c4f9ce6c0 Unloading class 0x0000000801415400 'java/lang/invoke/LambdaForm$MH+0x0000000801415400'
Event: 32.027 Thread 0x0000022c4f9ce6c0 Unloading class 0x0000000801414c00 'java/lang/invoke/LambdaForm$MH+0x0000000801414c00'
Event: 32.027 Thread 0x0000022c4f9ce6c0 Unloading class 0x0000000801414400 'java/lang/invoke/LambdaForm$MH+0x0000000801414400'

Classes redefined (0 events):
No events

Internal exceptions (20 events):
Event: 50.314 Thread 0x0000022c5c39cb20 Exception <a 'sun/nio/fs/WindowsException'{0x0000000735baad20}> (0x0000000735baad20) 
thrown [s\src\hotspot\share\prims\jni.cpp, line 535]
Event: 50.325 Thread 0x0000022c5c39cb20 Exception <a 'sun/nio/fs/WindowsException'{0x0000000735bac908}> (0x0000000735bac908) 
thrown [s\src\hotspot\share\prims\jni.cpp, line 535]
Event: 50.340 Thread 0x0000022c5c39cb20 Exception <a 'sun/nio/fs/WindowsException'{0x0000000735bae220}> (0x0000000735bae220) 
thrown [s\src\hotspot\share\prims\jni.cpp, line 535]
Event: 50.366 Thread 0x0000022c5c39cb20 Exception <a 'sun/nio/fs/WindowsException'{0x000000073587ecb0}> (0x000000073587ecb0) 
thrown [s\src\hotspot\share\prims\jni.cpp, line 535]
Event: 50.367 Thread 0x0000022c5c39cb20 Exception <a 'sun/nio/fs/WindowsException'{0x0000000735880870}> (0x0000000735880870) 
thrown [s\src\hotspot\share\prims\jni.cpp, line 535]
Event: 50.417 Thread 0x0000022c5c39cb20 Exception <a 'sun/nio/fs/WindowsException'{0x0000000735882448}> (0x0000000735882448) 
thrown [s\src\hotspot\share\prims\jni.cpp, line 535]
Event: 50.418 Thread 0x0000022c5c39cb20 Exception <a 'sun/nio/fs/WindowsException'{0x0000000735883dc8}> (0x0000000735883dc8) 
thrown [s\src\hotspot\share\prims\jni.cpp, line 535]
Event: 50.425 Thread 0x0000022c5c39cb20 Exception <a 'sun/nio/fs/WindowsException'{0x0000000735885a48}> (0x0000000735885a48) 
thrown [s\src\hotspot\share\prims\jni.cpp, line 535]
Event: 50.426 Thread 0x0000022c5c39cb20 Exception <a 'sun/nio/fs/WindowsException'{0x0000000735887690}> (0x0000000735887690) 
thrown [s\src\hotspot\share\prims\jni.cpp, line 535]
Event: 50.440 Thread 0x0000022c5c39cb20 Exception <a 'sun/nio/fs/WindowsException'{0x0000000735888f90}> (0x0000000735888f90) 
thrown [s\src\hotspot\share\prims\jni.cpp, line 535]
Event: 50.441 Thread 0x0000022c5c39cb20 Exception <a 'sun/nio/fs/WindowsException'{0x000000073588ab28}> (0x000000073588ab28) 
thrown [s\src\hotspot\share\prims\jni.cpp, line 535]
Event: 50.471 Thread 0x0000022c5c39cb20 Exception <a 'sun/nio/fs/WindowsException'{0x000000073588c6a8}> (0x000000073588c6a8) 
thrown [s\src\hotspot\share\prims\jni.cpp, line 535]
Event: 50.521 Thread 0x0000022c5c39cb20 Exception <a 'sun/nio/fs/WindowsException'{0x00000007358e7688}> (0x00000007358e7688) 
thrown [s\src\hotspot\share\prims\jni.cpp, line 535]
Event: 50.533 Thread 0x0000022c5c39cb20 Exception <a 'sun/nio/fs/WindowsException'{0x00000007358e8fc0}> (0x00000007358e8fc0) 
thrown [s\src\hotspot\share\prims\jni.cpp, line 535]
Event: 50.543 Thread 0x0000022c5c39cb20 Exception <a 'sun/nio/fs/WindowsException'{0x0000000735914990}> (0x0000000735914990) 
thrown [s\src\hotspot\share\prims\jni.cpp, line 535]
Event: 50.544 Thread 0x0000022c5c39cb20 Exception <a 'sun/nio/fs/WindowsException'{0x0000000735916560}> (0x0000000735916560) 
thrown [s\src\hotspot\share\prims\jni.cpp, line 535]
Event: 50.549 Thread 0x0000022c5c39cb20 Exception <a 'sun/nio/fs/WindowsException'{0x0000000735917f08}> (0x0000000735917f08) 
thrown [s\src\hotspot\share\prims\jni.cpp, line 535]
Event: 50.551 Thread 0x0000022c5c39cb20 Exception <a 'sun/nio/fs/WindowsException'{0x0000000735919b88}> (0x0000000735919b88) 
thrown [s\src\hotspot\share\prims\jni.cpp, line 535]
Event: 50.553 Thread 0x0000022c5c39cb20 Exception <a 'sun/nio/fs/WindowsException'{0x000000073591b708}> (0x000000073591b708) 
thrown [s\src\hotspot\share\prims\jni.cpp, line 535]
Event: 50.555 Thread 0x0000022c5c39cb20 Exception <a 'sun/nio/fs/WindowsException'{0x000000073591d288}> (0x000000073591d288) 
thrown [s\src\hotspot\share\prims\jni.cpp, line 535]

ZGC Phase Switch (0 events):
No events

VM Operations (20 events):
Event: 47.840 Executing VM operation: G1TryInitiateConcMark (G1 Humongous Allocation) done
Event: 47.869 Executing VM operation: G1TryInitiateConcMark (G1 Humongous Allocation)
Event: 47.874 Executing VM operation: G1TryInitiateConcMark (G1 Humongous Allocation) done
Event: 48.022 Executing VM operation: G1PauseRemark
Event: 48.028 Executing VM operation: G1PauseRemark done
Event: 48.098 Executing VM operation: G1PauseCleanup
Event: 48.098 Executing VM operation: G1PauseCleanup done
Event: 48.435 Executing VM operation: G1CollectForAllocation (G1 Evacuation Pause)
Event: 48.447 Executing VM operation: G1CollectForAllocation (G1 Evacuation Pause) done
Event: 48.898 Executing VM operation: HandshakeAllThreads (Deoptimize)
Event: 48.898 Executing VM operation: HandshakeAllThreads (Deoptimize) done
Event: 49.904 Executing VM operation: Cleanup
Event: 49.905 Executing VM operation: Cleanup done
Event: 50.917 Executing VM operation: Cleanup
Event: 50.917 Executing VM operation: Cleanup done
Event: 51.918 Executing VM operation: Cleanup
Event: 51.918 Executing VM operation: Cleanup done
Event: 52.929 Executing VM operation: Cleanup
Event: 52.991 Executing VM operation: Cleanup done
Event: 60.245 Executing VM operation: HandshakeAllThreads (HandshakeForDeflation)

Memory protections (0 events):
No events

Nmethod flushes (20 events):
Event: 48.026 Thread 0x0000022c4f9ce6c0 flushing  nmethod 0x0000022c3b1f9110
Event: 48.026 Thread 0x0000022c4f9ce6c0 flushing  nmethod 0x0000022c3b251490
Event: 48.026 Thread 0x0000022c4f9ce6c0 flushing  nmethod 0x0000022c3b25b410
Event: 48.026 Thread 0x0000022c4f9ce6c0 flushing  nmethod 0x0000022c399dee90
Event: 48.026 Thread 0x0000022c4f9ce6c0 flushing  nmethod 0x0000022c39bf2890
Event: 48.026 Thread 0x0000022c4f9ce6c0 flushing  nmethod 0x0000022c3a3d3e10
Event: 48.026 Thread 0x0000022c4f9ce6c0 flushing  nmethod 0x0000022c3a941990
Event: 48.026 Thread 0x0000022c4f9ce6c0 flushing  nmethod 0x0000022c3b1ab690
Event: 48.026 Thread 0x0000022c4f9ce6c0 flushing  nmethod 0x0000022c3b1ac210
Event: 48.026 Thread 0x0000022c4f9ce6c0 flushing  nmethod 0x0000022c3b1b2c10
Event: 48.026 Thread 0x0000022c4f9ce6c0 flushing  nmethod 0x0000022c3b1b3110
Event: 48.026 Thread 0x0000022c4f9ce6c0 flushing  nmethod 0x0000022c3b1b3a90
Event: 48.026 Thread 0x0000022c4f9ce6c0 flushing  nmethod 0x0000022c3b1b4510
Event: 48.026 Thread 0x0000022c4f9ce6c0 flushing  nmethod 0x0000022c3b1b4990
Event: 48.026 Thread 0x0000022c4f9ce6c0 flushing  nmethod 0x0000022c3b1bc290
Event: 48.026 Thread 0x0000022c4f9ce6c0 flushing  nmethod 0x0000022c3b1bfb10
Event: 48.026 Thread 0x0000022c4f9ce6c0 flushing  nmethod 0x0000022c3b1c0c10
Event: 48.026 Thread 0x0000022c4f9ce6c0 flushing  nmethod 0x0000022c3b1c1c90
Event: 48.026 Thread 0x0000022c4f9ce6c0 flushing  nmethod 0x0000022c3b237990
Event: 48.026 Thread 0x0000022c4f9ce6c0 flushing  nmethod 0x0000022c3b237f10

Events (20 events):
Event: 33.590 Thread 0x0000022c621b2500 Thread exited: 0x0000022c621b2500
Event: 35.922 Thread 0x0000022c505821c0 Thread added: 0x0000022c621b2500
Event: 36.064 Thread 0x0000022c621b2500 Thread added: 0x0000022c621aee80
Event: 36.540 Thread 0x0000022c621aee80 Thread exited: 0x0000022c621aee80
Event: 37.267 Thread 0x0000022c621b2500 Thread exited: 0x0000022c621b2500
Event: 39.953 Thread 0x0000022c505821c0 Thread added: 0x0000022c621b2500
Event: 39.963 Thread 0x0000022c505821c0 Thread added: 0x0000022c621aee80
Event: 40.834 Thread 0x0000022c621aee80 Thread exited: 0x0000022c621aee80
Event: 40.835 Thread 0x0000022c621b2500 Thread exited: 0x0000022c621b2500
Event: 42.115 Thread 0x0000022c5c39b0e0 Thread added: 0x0000022c65049990
Event: 42.293 Thread 0x0000022c5c399010 Thread added: 0x0000022c6504b3d0
Event: 42.446 Thread 0x0000022c5c3996a0 Thread added: 0x0000022c6504ad40
Event: 42.628 Thread 0x0000022c5c399010 Thread added: 0x0000022c6504ba60
Event: 42.658 Thread 0x0000022c5c39d1b0 Thread added: 0x0000022c6504c780
Event: 42.691 Thread 0x0000022c505821c0 Thread added: 0x0000022c621b1760
Event: 42.924 Thread 0x0000022c621b1760 Thread exited: 0x0000022c621b1760
Event: 43.054 Thread 0x0000022c505821c0 Thread added: 0x0000022c621b2500
Event: 43.249 Thread 0x0000022c621b2500 Thread exited: 0x0000022c621b2500
Event: 48.239 Thread 0x0000022c505821c0 Thread added: 0x0000022c621b1760
Event: 49.099 Thread 0x0000022c621b1760 Thread exited: 0x0000022c621b1760


Dynamic libraries:
0x00007ff6faac0000 - 0x00007ff6faaca000 	C:\Program Files\Android\Android Studio\jbr\bin\java.exe
0x00007ffde2d60000 - 0x00007ffde2fc8000 	C:\WINDOWS\SYSTEM32\ntdll.dll
0x00007ffde1c30000 - 0x00007ffde1cf9000 	C:\WINDOWS\System32\KERNEL32.DLL
0x00007ffde0600000 - 0x00007ffde09f2000 	C:\WINDOWS\System32\KERNELBASE.dll
0x00007ffde01a0000 - 0x00007ffde02eb000 	C:\WINDOWS\System32\ucrtbase.dll
0x00007ffdc4610000 - 0x00007ffdc4628000 	C:\Program Files\Android\Android Studio\jbr\bin\jli.dll
0x00007ffdd28c0000 - 0x00007ffdd28db000 	C:\Program Files\Android\Android Studio\jbr\bin\VCRUNTIME140.dll
0x00007ffde29b0000 - 0x00007ffde2b75000 	C:\WINDOWS\System32\USER32.dll
0x00007ffdcb7f0000 - 0x00007ffdcba83000 	C:\WINDOWS\WinSxS\amd64_microsoft.windows.common-controls_6595b64144ccf1df_6.0.26100.6899_none_3e0efeeae32e88c1\COMCTL32.dll
0x00007ffde05d0000 - 0x00007ffde05f7000 	C:\WINDOWS\System32\win32u.dll
0x00007ffde23b0000 - 0x00007ffde2459000 	C:\WINDOWS\System32\msvcrt.dll
0x00007ffde1890000 - 0x00007ffde18bb000 	C:\WINDOWS\System32\GDI32.dll
0x00007ffde0070000 - 0x00007ffde019d000 	C:\WINDOWS\System32\gdi32full.dll
0x00007ffde03b0000 - 0x00007ffde0453000 	C:\WINDOWS\System32\msvcp_win.dll
0x00007ffde1790000 - 0x00007ffde17bf000 	C:\WINDOWS\System32\IMM32.DLL
0x00007ffdd28b0000 - 0x00007ffdd28bc000 	C:\Program Files\Android\Android Studio\jbr\bin\vcruntime140_1.dll
0x00007ffdbc8f0000 - 0x00007ffdbc97d000 	C:\Program Files\Android\Android Studio\jbr\bin\msvcp140.dll
0x00007ffd43160000 - 0x00007ffd43dea000 	C:\Program Files\Android\Android Studio\jbr\bin\server\jvm.dll
0x00007ffde22f0000 - 0x00007ffde23a4000 	C:\WINDOWS\System32\ADVAPI32.dll
0x00007ffde17d0000 - 0x00007ffde1876000 	C:\WINDOWS\System32\sechost.dll
0x00007ffde0d40000 - 0x00007ffde0e58000 	C:\WINDOWS\System32\RPCRT4.dll
0x00007ffde2460000 - 0x00007ffde24d4000 	C:\WINDOWS\System32\WS2_32.dll
0x00007ffddfd70000 - 0x00007ffddfdce000 	C:\WINDOWS\SYSTEM32\POWRPROF.dll
0x00007ffdd2f60000 - 0x00007ffdd2f6b000 	C:\WINDOWS\SYSTEM32\VERSION.dll
0x00007ffdd4340000 - 0x00007ffdd4375000 	C:\WINDOWS\SYSTEM32\WINMM.dll
0x00007ffddfd50000 - 0x00007ffddfd64000 	C:\WINDOWS\SYSTEM32\UMPDC.dll
0x00007ffddec80000 - 0x00007ffddec9b000 	C:\WINDOWS\SYSTEM32\kernel.appcore.dll
0x00007ffdd28a0000 - 0x00007ffdd28aa000 	C:\Program Files\Android\Android Studio\jbr\bin\jimage.dll
0x00007ffdd8820000 - 0x00007ffdd8a62000 	C:\WINDOWS\SYSTEM32\DBGHELP.DLL
0x00007ffde24e0000 - 0x00007ffde285b000 	C:\WINDOWS\System32\combase.dll
0x00007ffde1b30000 - 0x00007ffde1c07000 	C:\WINDOWS\System32\OLEAUT32.dll
0x00007ffdceca0000 - 0x00007ffdcecdc000 	C:\WINDOWS\SYSTEM32\dbgcore.DLL
0x00007ffde0a90000 - 0x00007ffde0b28000 	C:\WINDOWS\System32\bcryptPrimitives.dll
0x00007ffdc4770000 - 0x00007ffdc477e000 	C:\Program Files\Android\Android Studio\jbr\bin\instrument.dll
0x00007ffdd27d0000 - 0x00007ffdd27f0000 	C:\Program Files\Android\Android Studio\jbr\bin\java.dll
0x00007ffdd27b0000 - 0x00007ffdd27c8000 	C:\Program Files\Android\Android Studio\jbr\bin\zip.dll
0x00007ffde1040000 - 0x00007ffde178d000 	C:\WINDOWS\System32\SHELL32.dll
0x00007ffde0460000 - 0x00007ffde05cb000 	C:\WINDOWS\System32\wintypes.dll
0x00007ffdddb20000 - 0x00007ffdde37d000 	C:\WINDOWS\SYSTEM32\windows.storage.dll
0x00007ffde1d50000 - 0x00007ffde1e42000 	C:\WINDOWS\System32\SHCORE.dll
0x00007ffde0bc0000 - 0x00007ffde0c22000 	C:\WINDOWS\System32\shlwapi.dll
0x00007ffddfe10000 - 0x00007ffddfe39000 	C:\WINDOWS\SYSTEM32\profapi.dll
0x00007ffdd2890000 - 0x00007ffdd28a0000 	C:\Program Files\Android\Android Studio\jbr\bin\net.dll
0x00007ffdd9d40000 - 0x00007ffdd9e5f000 	C:\WINDOWS\SYSTEM32\WINHTTP.dll
0x00007ffddf1d0000 - 0x00007ffddf23b000 	C:\WINDOWS\system32\mswsock.dll
0x00007ffdd2790000 - 0x00007ffdd27a6000 	C:\Program Files\Android\Android Studio\jbr\bin\nio.dll
0x00007ffdc4550000 - 0x00007ffdc4560000 	C:\Program Files\Android\Android Studio\jbr\bin\verify.dll
0x00007ffdcc120000 - 0x00007ffdcc147000 	C:\Users\ADMIN\.gradle\native\1def1411415f61bf3af743bc5b6707747c0891f09f0c88961ee8f79bc544acac\windows-amd64\native-platform.dll
0x00007ffdbc5a0000 - 0x00007ffdbc618000 	C:\Users\ADMIN\.gradle\native\0.2.7\x86_64-windows-gnu\gradle-fileevents.dll
0x00007ffdd2710000 - 0x00007ffdd2719000 	C:\Program Files\Android\Android Studio\jbr\bin\management.dll
0x00007ffdd2700000 - 0x00007ffdd270b000 	C:\Program Files\Android\Android Studio\jbr\bin\management_ext.dll
0x00007ffde0c30000 - 0x00007ffde0c38000 	C:\WINDOWS\System32\PSAPI.DLL
0x00007ffdde680000 - 0x00007ffdde6b4000 	C:\WINDOWS\SYSTEM32\IPHLPAPI.DLL
0x00007ffde0bb0000 - 0x00007ffde0bba000 	C:\WINDOWS\System32\NSI.dll
0x00007ffdd2720000 - 0x00007ffdd2729000 	C:\Program Files\Android\Android Studio\jbr\bin\extnet.dll
0x00007ffddf5b0000 - 0x00007ffddf5cb000 	C:\WINDOWS\SYSTEM32\CRYPTSP.dll
0x00007ffddebe0000 - 0x00007ffddec1b000 	C:\WINDOWS\system32\rsaenh.dll
0x00007ffddf270000 - 0x00007ffddf29b000 	C:\WINDOWS\SYSTEM32\USERENV.dll
0x00007ffddfde0000 - 0x00007ffddfe06000 	C:\WINDOWS\SYSTEM32\bcrypt.dll
0x00007ffddf410000 - 0x00007ffddf41c000 	C:\WINDOWS\SYSTEM32\CRYPTBASE.dll
0x00007ffdd2730000 - 0x00007ffdd2738000 	C:\WINDOWS\system32\wshunix.dll
0x00007ffd91e10000 - 0x00007ffd91e28000 	C:\WINDOWS\system32\napinsp.dll
0x00007ffdde710000 - 0x00007ffdde836000 	C:\WINDOWS\SYSTEM32\DNSAPI.dll
0x00007ffd91df0000 - 0x00007ffd91e02000 	C:\WINDOWS\System32\winrnr.dll
0x00007ffd91dc0000 - 0x00007ffd91de8000 	C:\WINDOWS\system32\nlansp_c.dll
0x00007ffdc0bf0000 - 0x00007ffdc0c06000 	C:\WINDOWS\system32\wshbth.dll
0x00007ffdd43d0000 - 0x00007ffdd43db000 	C:\Windows\System32\rasadhlp.dll
0x00007ffdd9a60000 - 0x00007ffdd9ae6000 	C:\WINDOWS\System32\fwpuclnt.dll
0x00007ffddcfd0000 - 0x00007ffddd06f000 	C:\WINDOWS\system32\apphelp.dll
0x00007ffddeda0000 - 0x00007ffddedd6000 	C:\WINDOWS\SYSTEM32\ntmarta.dll

dbghelp: loaded successfully - version: 4.0.5 - missing functions: none
symbol engine: initialized successfully - sym options: 0x614 - pdb path: .;C:\Program Files\Android\Android Studio\jbr\bin;C:\WINDOWS\SYSTEM32;C:\WINDOWS\WinSxS\amd64_microsoft.windows.common-controls_6595b64144ccf1df_6.0.26100.6899_none_3e0efeeae32e88c1;C:\Program Files\Android\Android Studio\jbr\bin\server;C:\Users\ADMIN\.gradle\native\1def1411415f61bf3af743bc5b6707747c0891f09f0c88961ee8f79bc544acac\windows-amd64;C:\Users\ADMIN\.gradle\native\0.2.7\x86_64-windows-gnu

VM Arguments:
jvm_args: --add-opens=java.base/java.lang=ALL-UNNAMED --add-opens=java.base/java.lang.invoke=ALL-UNNAMED --add-opens=java.base/java.util=ALL-UNNAMED --add-opens=java.prefs/java.util.prefs=ALL-UNNAMED --add-exports=jdk.compiler/com.sun.tools.javac.api=ALL-UNNAMED --add-exports=jdk.compiler/com.sun.tools.javac.util=ALL-UNNAMED --add-opens=java.base/java.util=ALL-UNNAMED --add-opens=java.prefs/java.util.prefs=ALL-UNNAMED --add-opens=java.base/java.nio.charset=ALL-UNNAMED --add-opens=java.base/java.net=ALL-UNNAMED --add-opens=java.base/java.util.concurrent.atomic=ALL-UNNAMED --add-opens=java.xml/javax.xml.namespace=ALL-UNNAMED -XX:MaxMetaspaceSize=1024m -Xmx4096m -Dfile.encoding=UTF-8 -Duser.country=US -Duser.language=en -Duser.variant -javaagent:C:\Users\ADMIN\.gradle\wrapper\dists\gradle-8.13-bin\5xuhj0ry160q40clulazy9h7d\gradle-8.13\lib\agents\gradle-instrumentation-agent-8.13.jar 
java_command: org.gradle.launcher.daemon.bootstrap.GradleDaemon 8.13
java_class_path (initial): C:\Users\ADMIN\.gradle\wrapper\dists\gradle-8.13-bin\5xuhj0ry160q40clulazy9h7d\gradle-8.13\lib\gradle-daemon-main-8.13.jar
Launcher Type: SUN_STANDARD

[Global flags]
     intx CICompilerCount                          = 4                                         {product} {ergonomic}
   size_t CompressedClassSpaceSize                 = 872415232                                 {product} {ergonomic}
     uint ConcGCThreads                            = 3                                         {product} {ergonomic}
     uint G1ConcRefinementThreads                  = 10                                        {product} {ergonomic}
   size_t G1HeapRegionSize                         = 2097152                                   {product} {ergonomic}
    uintx GCDrainStackTargetSize                   = 64                                        {product} {ergonomic}
   size_t InitialHeapSize                          = 268435456                                 {product} {ergonomic}
   size_t MarkStackSize                            = 4194304                                   {product} {ergonomic}
   size_t MaxHeapSize                              = 4294967296                                {product} {command line}
   size_t MaxMetaspaceSize                         = 1073741824                                {product} {command line}
   size_t MaxNewSize                               = 2575302656                                {product} {ergonomic}
   size_t MinHeapDeltaBytes                        = 2097152                                   {product} {ergonomic}
   size_t MinHeapSize                              = 8388608                                   {product} {ergonomic}
    uintx NonNMethodCodeHeapSize                   = 5839372                                {pd product} {ergonomic}
    uintx NonProfiledCodeHeapSize                  = 122909434                              {pd product} {ergonomic}
    uintx ProfiledCodeHeapSize                     = 122909434                              {pd product} {ergonomic}
    uintx ReservedCodeCacheSize                    = 251658240                              {pd product} {ergonomic}
     bool SegmentedCodeCache                       = true                                      {product} {ergonomic}
   size_t SoftMaxHeapSize                          = 4294967296                             {manageable} {ergonomic}
     bool UseCompressedOops                        = true                           {product lp64_product} {ergonomic}
     bool UseG1GC                                  = true                                      {product} {ergonomic}
     bool UseLargePagesIndividualAllocation        = false                                  {pd product} {ergonomic}

Logging:
Log output configuration:
 #0: stdout all=warning uptime,level,tags foldmultilines=false
 #1: stderr all=off uptime,level,tags foldmultilines=false

Environment Variables:
JAVA_HOME=C:\Program Files\Android\Android Studio\jbr
CLASSPATH=C:\Users\ADMIN\Desktop\3rd Year\CAPSTONE\capstone_mobile\android\\gradle\wrapper\gradle-wrapper.jar
PATH=C:\Users\ADMIN\Desktop\3rd Year\CAPSTONE\capstone_mobile\node_modules\.bin;C:\Users\ADMIN\Desktop\3rd Year\CAPSTONE\capstone_mobile\node_modules\.bin;C:\Users\ADMIN\Desktop\3rd Year\CAPSTONE\node_modules\.bin;C:\Users\ADMIN\Desktop\3rd Year\node_modules\.bin;C:\Users\ADMIN\Desktop\node_modules\.bin;C:\Users\ADMIN\node_modules\.bin;C:\Users\node_modules\.bin;C:\node_modules\.bin;C:\Users\ADMIN\AppData\Roaming\npm\node_modules\npm\node_modules\@npmcli\run-script\lib\node-gyp-bin;C:\Program Files\Eclipse Adoptium\jdk-21.0.6.7-hotspot\bin;C:\Program Files (x86)\Common Files\Oracle\Java\java8path;C:\Program Files (x86)\Common Files\Oracle\Java\javapath;C:\Program Files (x86)\Common Files\Intel\Shared Libraries\redist\intel64\compiler;C:\WINDOWS\system32;C:\WINDOWS;C:\WINDOWS\System32\Wbem;C:\WINDOWS\System32\WindowsPowerShell\v1.0\;C:\WINDOWS\System32\OpenSSH\;C:\Program Files (x86)\Microsoft SQL Server\160\Tools\Binn\;C:\Program Files\Microsoft SQL Server\160\Tools\Binn\;C:\Program Files\Microsoft SQL Server\Client SDK\ODBC\170\Tools\Binn\;C:\Program Files\Microsoft SQL Server\160\DTS\Binn\;C:\Program Files (x86)\Microsoft SQL Server\160\DTS\Binn\;C:\ProgramData\ComposerSetup\bin;C:\Program Files\Git\cmd;C:\Program Files\Git\bin;C:\php-8.4.4;C:\Program Files\nodejs;C:\Program Files\nodejs\;C:\Program Files\PostgreSQL\17\bin;C:\Program Files\Android\Android Studio\jbr\bin;C:\Users\ADMIN\AppData\Local\Programs\Python\Python313\Scripts\;C:\Users\ADMIN\AppData\Local\Programs\Python\Python313\;C:\Users\ADMIN\AppData\Local\Programs\Python\Launcher\;C:\Users\ADMIN\AppData\Local\Microsoft\WindowsApps;C:\Users\ADMIN\AppData\Local\Programs\Microsoft VS Code\bin;C:\php-8.4.4;C:\Users\ADMIN\AppData\Roaming\Composer\vendor\bin;C:\Users\ADMIN\AppData\Roaming\npm;C:\Users\ADMIN\AppData\Local\Android\Sdk\platform-tools;C:\Users\ADMIN\AppData\Local\Android\Sdk\tools;C:\Users\ADMIN\AppData\Local\Android\Sdk\tools\bin;;C:\Program Files\JetBrains\IntelliJ IDEA 2025.1.1.1\bin;;c:\Users\ADMIN\AppData\Roaming\Code\User\globalStorage\github.copilot-chat\debugCommand
USERNAME=ADMIN
LANG=en_US.UTF-8
OS=Windows_NT
PROCESSOR_IDENTIFIER=AMD64 Family 25 Model 80 Stepping 0, AuthenticAMD
TMP=C:\Users\ADMIN\AppData\Local\Temp
TEMP=C:\Users\ADMIN\AppData\Local\Temp




Periodic native trim disabled

JNI global refs:
JNI global refs: 27, weak refs: 0

JNI global refs memory usage: 835, weak refs: 833

Process memory usage:
Resident Set Size: 2433044K (14% of 16663760K total physical memory with 1484588K free physical memory)

OOME stack traces (most recent first):
Classloader memory used:
Loader org.gradle.internal.classloader.VisitableURLClassLoader                         : 50691K
Loader org.gradle.internal.classloader.VisitableURLClassLoader$InstrumentingVisitableURLClassLoader: 45428K
Loader bootstrap                                                                       : 31617K
Loader org.gradle.initialization.MixInLegacyTypesClassLoader                           : 15379K
Loader org.gradle.groovy.scripts.internal.DefaultScriptCompilationHandler$ScriptClassLoader: 2313K
Loader jdk.internal.loader.ClassLoaders$PlatformClassLoader                            : 509K
Loader jdk.internal.reflect.DelegatingClassLoader                                      : 410K
Loader org.gradle.internal.classloader.VisitableURLClassLoader                         : 341K
Loader jdk.internal.loader.ClassLoaders$AppClassLoader                                 : 235K
Loader org.codehaus.groovy.runtime.callsite.CallSiteClassLoader                        : 198K

Classes loaded by more than one classloader:
Class Program                                                                         : loaded 12 times (x 68B)
Class Build_gradle$1                                                                  : loaded 10 times (x 74B)
Class Build_gradle                                                                    : loaded 10 times (x 126B)
Class org.gradle.kotlin.dsl.VersionCatalogAccessorsKt                                 : loaded 5 times (x 67B)
Class Build_gradle$4                                                                  : loaded 4 times (x 70B)
Class Build_gradle$6                                                                  : loaded 4 times (x 70B)
Class Build_gradle$2                                                                  : loaded 4 times (x 75B)
Class org.gradle.kotlin.dsl.Accessors96b3ii45gitqpy1kb3tvcvtxvKt                      : loaded 4 times (x 67B)
Class org.gradle.kotlin.dsl.ImplementationConfigurationAccessorsKt                    : loaded 4 times (x 67B)
Class org.gradle.kotlin.dsl.Accessors9osmdt78klrrxidc9srcw3tsqKt                      : loaded 4 times (x 67B)
Class Build_gradle$3                                                                  : loaded 4 times (x 70B)
Class Build_gradle$5                                                                  : loaded 4 times (x 70B)
Class org.gradle.kotlin.dsl.TestImplementationConfigurationAccessorsKt                : loaded 3 times (x 67B)
Class org.jetbrains.kotlin.gradle.targets.js.npm.NpmDependencyExtensionKt$defaultNpmDependencyDelegate$1: loaded 2 times (x 163B)
Class org.jetbrains.kotlin.gradle.plugin.diagnostics.checkers.MissingNativeStdlibChecker: loaded 2 times (x 70B)
Class org.jetbrains.kotlin.gradle.targets.native.KotilnNativeConfigureBinariesSideEffectKt: loaded 2 times (x 67B)
Class org.jetbrains.kotlin.gradle.plugin.KotlinPlatformType$DisambiguationRule        : loaded 2 times (x 72B)
Class org.jetbrains.kotlin.gradle.plugin.KotlinPlatformType$Companion                 : loaded 2 times (x 67B)
Class org.jetbrains.kotlin.gradle.plugin.internal.ConfigurationCacheStartParameterAccessorKt: loaded 2 times (x 67B)
Class [Lcom.google.common.collect.MapMakerInternalMap$Segment;                        : loaded 2 times (x 65B)
Class com.google.common.io.FileWriteMode                                              : loaded 2 times (x 75B)
Class [Lcom.google.common.base.AbstractIterator$State;                                : loaded 2 times (x 65B)
Class com.google.common.base.CharMatcher$IsEither                                     : loaded 2 times (x 107B)
Class org.gradle.internal.classloader.ClassLoaderHierarchy                            : loaded 2 times (x 66B)
Class org.jetbrains.kotlin.gradle.plugin.internal.DefaultAttributesConfigurationHelper: loaded 2 times (x 71B)
Class org.jetbrains.kotlin.gradle.plugin.hierarchy.KotlinSourceSetTreeClassifierKt    : loaded 2 times (x 67B)
Class org.jetbrains.kotlin.gradle.report.UsesBuildMetricsService                      : loaded 2 times (x 66B)
Class org.jetbrains.kotlin.gradle.plugin.mpp.compilationImpl.factory.KotlinCompilationImplFactory$KotlinCompilationSourceSetsContainerFactory: loaded 2 times (x 66B)
Class org.jetbrains.kotlin.gradle.utils.MutableObservableSet                          : loaded 2 times (x 66B)
Class org.jetbrains.kotlin.gradle.dsl.KotlinHierarchyDsl                              : loaded 2 times (x 66B)
Class org.jetbrains.kotlin.gradle.targets.metadata.KotlinMetadataTargetConfiguratorKt$isNativeSourceSet$2: loaded 2 times (x 91B)
Class org.jetbrains.kotlin.gradle.report.BuildReportType                              : loaded 2 times (x 75B)
Class org.jetbrains.kotlin.statistics.metrics.StringAnonymizationPolicy$AllowedListAnonymizer: loaded 2 times (x 75B)
Class org.jetbrains.kotlin.gradle.plugin.internal.DefaultConfigurationTimePropertiesAccessor$Companion: loaded 2 times (x 67B)
Class com.google.common.collect.AbstractMapBasedMultimap$WrappedCollection            : loaded 2 times (x 120B)
Class com.google.common.collect.ImmutableEnumSet                                      : loaded 2 times (x 142B)
Class com.google.common.util.concurrent.ExecutionError                                : loaded 2 times (x 78B)
Class com.google.common.collect.ImmutableList$1                                       : loaded 2 times (x 93B)
Class org.gradle.api.internal.classpath.ManifestUtil                                  : loaded 2 times (x 67B)
Class org.jetbrains.kotlin.gradle.tasks.KotlinCompile$androidLayoutResources$1        : loaded 2 times (x 70B)
Class org.jetbrains.kotlin.gradle.report.GradleBuildMetricsReporter                   : loaded 2 times (x 94B)
Class org.jetbrains.kotlin.gradle.utils.FutureKt$future$1                             : loaded 2 times (x 91B)
Class org.jetbrains.kotlin.gradle.plugin.mpp.KotlinMetadataCompilation                : loaded 2 times (x 66B)
Class org.jetbrains.kotlin.gradle.plugin.sources.KotlinDependencyScope                : loaded 2 times (x 75B)
Class org.jetbrains.kotlin.gradle.tasks.configuration.AbstractKotlinCompileConfig$1   : loaded 2 times (x 75B)
Class org.jetbrains.kotlin.gradle.plugin.mpp.compilationImpl.KotlinCompilationFriendPathsResolver: loaded 2 times (x 66B)
Class org.jetbrains.kotlin.konan.target.KonanTarget$ANDROID_ARM64                     : loaded 2 times (x 74B)
Class org.jetbrains.kotlin.gradle.artifacts.KotlinNativeHostSpecificMetadataArtifactKt$KotlinNativeHostSpecificMetadataArtifact$1: loaded 2 times (x 70B)
Class org.jetbrains.kotlin.gradle.artifacts.KotlinLegacyMetadataArtifactKt$KotlinLegacyMetadataArtifact$1: loaded 2 times (x 70B)
Class org.jetbrains.kotlin.gradle.plugin.mpp.compilationImpl.KotlinCompilationSideEffect$Companion: loaded 2 times (x 67B)
Class org.jetbrains.kotlin.gradle.plugin.mpp.KotlinUsages$KotlinMetadataDisambiguation: loaded 2 times (x 72B)
Class org.jetbrains.kotlin.gradle.internal.properties.PropertiesBuildService$IntGradleProperty: loaded 2 times (x 72B)
Class org.jetbrains.kotlin.gradle.plugin.internal.AttributesConfigurationHelper       : loaded 2 times (x 66B)
Class org.jetbrains.kotlin.gradle.plugin.internal.DefaultMppTestReportHelperVariantFactory: loaded 2 times (x 72B)
Class com.google.common.collect.RegularImmutableMap                                   : loaded 2 times (x 117B)
Class com.google.common.collect.ImmutableMap$MapViewOfValuesAsSingletonSets           : loaded 2 times (x 121B)
Class org.jetbrains.kotlin.gradle.internal.StdlibDependencyManagementKt$addStdlibDependency$1$1$1$1: loaded 2 times (x 71B)
Class org.jetbrains.kotlin.gradle.tasks.AbstractKotlinCompile$compilerRunner$1        : loaded 2 times (x 71B)
Class org.jetbrains.kotlin.gradle.tasks.CacheableTasksKt$cacheOnlyIfEnabledForKotlin$1: loaded 2 times (x 71B)
Class org.jetbrains.kotlin.gradle.internal.transforms.BuildToolsApiClasspathEntrySnapshotTransform: loaded 2 times (x 78B)
Class org.jetbrains.kotlin.gradle.tasks.configuration.AbstractKotlinCompileConfig$2   : loaded 2 times (x 75B)
Class org.jetbrains.kotlin.gradle.plugin.mpp.compilationImpl.factory.KotlinCompilationImplFactory$PreConfigure: loaded 2 times (x 66B)
Class org.jetbrains.kotlin.gradle.plugin.KotlinProjectSetupActionKt$KotlinProjectSetupCoroutine$1$1: loaded 2 times (x 91B)
Class org.jetbrains.kotlin.konan.target.KonanTarget$WATCHOS_ARM32                     : loaded 2 times (x 74B)
Class org.jetbrains.kotlin.gradle.targets.js.dsl.KotlinJsTargetDsl                    : loaded 2 times (x 66B)
Class org.jetbrains.kotlin.gradle.plugin.KotlinPluginLifecycleImplKt                  : loaded 2 times (x 67B)
Class org.jetbrains.kotlin.gradle.plugin.diagnostics.checkers.DeprecatedKotlinNativeTargetsChecker$runChecks$1: loaded 2 times (x 84B)
Class org.jetbrains.kotlin.gradle.plugin.KotlinPluginLifecycleImpl$WhenMappings       : loaded 2 times (x 67B)
Class org.jetbrains.kotlin.gradle.dsl.KotlinCommonCompilerToolOptionsHelper           : loaded 2 times (x 67B)
Class org.jetbrains.kotlin.gradle.plugin.KotlinTargetComponent                        : loaded 2 times (x 66B)
Class org.jetbrains.kotlin.gradle.plugin.KotlinGradlePluginExtensionPointInternal     : loaded 2 times (x 72B)
Class org.jetbrains.kotlin.statistics.metrics.StringOverridePolicy$OVERRIDE_VERSION_IF_NOT_SET: loaded 2 times (x 81B)
Class org.jetbrains.kotlin.gradle.plugin.statistics.KotlinBuildStatsBeanService$Companion$initStatsService$1: loaded 2 times (x 75B)
Class org.jetbrains.kotlin.gradle.internal.properties.PropertiesBuildService$BooleanGradleProperty: loaded 2 times (x 72B)
Class org.jetbrains.kotlin.gradle.plugin.VariantImplementationFactories$Companion$getProvider$1: loaded 2 times (x 71B)
Class org.jetbrains.kotlin.gradle.dsl.KotlinProjectExtension                          : loaded 2 times (x 94B)
Class [Lorg.objectweb.asm.Symbol;                                                     : loaded 2 times (x 65B)
Class org.objectweb.asm.ClassVisitor                                                  : loaded 2 times (x 84B)
Class com.google.common.collect.TransformedListIterator                               : loaded 2 times (x 89B)
Class com.google.common.collect.UnmodifiableListIterator                              : loaded 2 times (x 91B)
Class Build_gradle$2$1$1                                                              : loaded 2 times (x 70B)
Class build_b1s4uusv2hcjwwn53lwq75di3                                                 : loaded 2 times (x 176B)
Class org.jetbrains.kotlin.gradle.plugin.KotlinPluginLifecycle$ProjectConfigurationResult$Failure: loaded 2 times (x 68B)
Class org.jetbrains.kotlin.gradle.plugin.sources.DefaultKotlinSourceSet$MetadataDependencyTransformation: loaded 2 times (x 68B)
Class org.jetbrains.kotlin.gradle.tasks.DefaultKotlinJavaToolchain$Companion          : loaded 2 times (x 67B)
Class org.jetbrains.kotlin.gradle.tasks.DefaultKotlinJavaToolchain                    : loaded 2 times (x 73B)
Class org.jetbrains.kotlin.gradle.targets.native.toolchain.KotlinNativeBundleBuildService$Parameters: loaded 2 times (x 66B)
Class org.jetbrains.kotlin.gradle.targets.native.toolchain.KotlinNativeBundleBuildService: loaded 2 times (x 73B)
Class org.jetbrains.kotlin.gradle.plugin.KotlinGradleBuildServices                    : loaded 2 times (x 76B)
Class [Lorg.jetbrains.kotlin.statistics.ValueAnonymizer;                              : loaded 2 times (x 65B)
Class org.jetbrains.kotlin.gradle.internal.properties.PropertiesBuildService$MemoizedCallable$value$2: loaded 2 times (x 75B)
Class org.jetbrains.kotlin.gradle.plugin.internal.DefaultKotlinTestReportCompatibilityHelperVariantFactory: loaded 2 times (x 72B)
Class org.objectweb.asm.MethodTooLargeException                                       : loaded 2 times (x 79B)
Class com.google.common.collect.MapMakerInternalMap$Strength                          : loaded 2 times (x 76B)
Class com.google.common.base.Platform$JdkPatternCompiler                              : loaded 2 times (x 71B)
Class [Lcom.google.common.cache.CacheBuilder$OneWeigher;                              : loaded 2 times (x 65B)
Class com.google.common.base.Suppliers                                                : loaded 2 times (x 67B)
Class org.gradle.internal.classloader.DefaultClassLoaderFactory                       : loaded 2 times (x 78B)
Class org.jetbrains.kotlin.gradle.plugin.PropertiesProvider$kotlinCompilerArgumentsLogLevel$1: loaded 2 times (x 70B)
Class org.jetbrains.kotlin.compilerRunner.CompilerSystemPropertiesService$Parameters_Decorated: loaded 2 times (x 130B)
Class org.jetbrains.kotlin.gradle.plugin.KotlinTargetWithTests                        : loaded 2 times (x 66B)
Class org.jetbrains.kotlin.gradle.plugin.diagnostics.ToolingDiagnosticRenderingOptions: loaded 2 times (x 68B)
Class [Lorg.jetbrains.kotlin.gradle.dsl.KotlinVersion;                                : loaded 2 times (x 65B)
Class org.jetbrains.kotlin.gradle.plugin.diagnostics.UsesKotlinToolingDiagnosticsParameters: loaded 2 times (x 66B)
Class org.jetbrains.kotlin.gradle.plugin.diagnostics.checkers.JsEnvironmentChecker    : loaded 2 times (x 72B)
Class org.jetbrains.kotlin.gradle.targets.js.npm.NpmDependencyExtensionKt             : loaded 2 times (x 67B)
Class org.jetbrains.kotlin.gradle.targets.metadata.KotlinMetadataTargetConfiguratorKt$special$$inlined$extrasStoredFuture$1: loaded 2 times (x 75B)
Class org.jetbrains.kotlin.gradle.report.BuildMetricsService                          : loaded 2 times (x 82B)
Class org.jetbrains.kotlin.statistics.metrics.NumberAnonymizationPolicy               : loaded 2 times (x 81B)
Class org.jetbrains.kotlin.statistics.metrics.StringAnonymizationPolicy               : loaded 2 times (x 74B)
Class com.google.common.base.CharMatcher$None                                         : loaded 2 times (x 108B)
Class org.gradle.internal.classloader.ClassLoaderVisitor                              : loaded 2 times (x 72B)
Class org.jetbrains.kotlin.build.report.metrics.BuildPerformanceMetrics               : loaded 2 times (x 68B)
Class org.jetbrains.kotlin.gradle.plugin.mpp.compilationImpl.KotlinCompilationLanguageSettingsConfigurator: loaded 2 times (x 70B)
Class org.jetbrains.kotlin.gradle.plugin.KotlinPluginLifecycleKt$await$1              : loaded 2 times (x 84B)
Class [Lorg.jetbrains.kotlin.gradle.plugin.KotlinCompilation;                         : loaded 2 times (x 65B)
Class org.jetbrains.kotlin.gradle.plugin.mpp.KotlinTargetComponentWithPublication     : loaded 2 times (x 66B)
Class org.jetbrains.kotlin.gradle.plugin.mpp.compilationImpl.KotlinCreateNativeCompileTasksSideEffectKt: loaded 2 times (x 67B)
Class org.jetbrains.kotlin.gradle.dsl.KotlinTargetContainerWithJsPresetFunctions      : loaded 2 times (x 66B)
Class org.jetbrains.kotlin.gradle.plugin.KotlinProjectSetupActionKt                   : loaded 2 times (x 67B)
Class org.jetbrains.kotlin.gradle.report.ReportingSettings$Companion                  : loaded 2 times (x 67B)
Class org.jetbrains.kotlin.gradle.report.ConfigureReporingKt                          : loaded 2 times (x 67B)
Class org.jetbrains.kotlin.gradle.plugin.internal.MppTestReportHelper                 : loaded 2 times (x 66B)
Class org.jetbrains.kotlin.tooling.core.TypeUtils                                     : loaded 2 times (x 67B)
Class [Lcom.google.common.collect.ImmutableMapEntry;                                  : loaded 2 times (x 65B)
Class org.gradle.api.internal.classpath.EffectiveClassPath                            : loaded 2 times (x 86B)
Class org.jetbrains.kotlin.gradle.plugin.mpp.compilationImpl.DefaultKotlinCompilationConfigurationsContainer: loaded 2 times (x 81B)
Class org.jetbrains.kotlin.konan.target.KonanTarget$ANDROID_ARM32                     : loaded 2 times (x 74B)
Class org.jetbrains.kotlin.gradle.tasks.TasksProviderKt                               : loaded 2 times (x 67B)
Class org.jetbrains.kotlin.gradle.plugin.diagnostics.ToolingDiagnostic                : loaded 2 times (x 68B)
Class org.jetbrains.kotlin.gradle.plugin.sources.DefaultKotlinSourceSetFactory        : loaded 2 times (x 76B)
Class org.jetbrains.kotlin.gradle.utils.CompatibilityKt                               : loaded 2 times (x 67B)
Class com.google.common.collect.ImmutableRangeSet                                     : loaded 2 times (x 111B)
Class com.google.common.collect.ImmutableEnumMap                                      : loaded 2 times (x 121B)
Class com.google.common.collect.ListMultimap                                          : loaded 2 times (x 66B)
Class org.jetbrains.kotlin.incremental.ClasspathChanges                               : loaded 2 times (x 67B)
Class org.jetbrains.kotlin.buildtools.api.jvm.ClassSnapshotGranularity                : loaded 2 times (x 75B)
Class org.jetbrains.kotlin.gradle.ExternalKotlinTargetApi                             : loaded 2 times (x 66B)
Class org.jetbrains.kotlin.konan.target.KonanTarget                                   : loaded 2 times (x 74B)
Class org.jetbrains.kotlin.gradle.plugin.diagnostics.checkers.AndroidPluginWithoutAndroidTargetChecker$runChecks$1: loaded 2 times (x 84B)
Class org.jetbrains.kotlin.gradle.plugin.diagnostics.checkers.AndroidSourceSetLayoutV1SourceSetsNotFoundChecker$runChecks$1: loaded 2 times (x 84B)
Class org.jetbrains.kotlin.gradle.plugin.diagnostics.KotlinGradleProjectCheckersRunnerKt$launchKotlinGradleProjectCheckers$1$1: loaded 2 times (x 91B)
Class org.jetbrains.kotlin.gradle.targets.CreateDefaultTestRunSideEffectKt            : loaded 2 times (x 67B)
Class org.jetbrains.kotlin.gradle.targets.native.toolchain.KotlinNativeBundleBuildService$Companion$registerIfAbsent$1: loaded 2 times (x 71B)
Class org.jetbrains.kotlin.gradle.utils.ProviderApiUtilsKt$mapOrNull$1                : loaded 2 times (x 71B)
Class org.jetbrains.kotlin.statistics.metrics.BooleanAnonymizationPolicy              : loaded 2 times (x 81B)
Class org.jetbrains.kotlin.statistics.metrics.BooleanOverridePolicy$OVERRIDE          : loaded 2 times (x 81B)
Class org.jetbrains.kotlin.gradle.plugin.internal.MavenPluginConfigurator             : loaded 2 times (x 66B)
Class org.jetbrains.kotlin.gradle.plugin.PropertiesProvider$kotlinExperimentalTryNext$1: loaded 2 times (x 71B)
Class org.jetbrains.kotlin.gradle.plugin.internal.MavenPluginConfigurator$MavenPluginConfiguratorVariantFactory: loaded 2 times (x 66B)
Class org.jetbrains.kotlin.gradle.plugin.VariantImplementationFactoriesConfigurator$Companion$getProvider$1: loaded 2 times (x 70B)
Class org.objectweb.asm.AnnotationVisitor                                             : loaded 2 times (x 74B)
Class com.google.common.collect.Iterators$EmptyModifiableIterator                     : loaded 2 times (x 82B)
Class com.google.common.collect.Sets$1                                                : loaded 2 times (x 135B)
Class com.google.common.base.Splitter                                                 : loaded 2 times (x 68B)
Class org.gradle.api.internal.DefaultClassPathProvider                                : loaded 2 times (x 72B)
Class build_b1s4uusv2hcjwwn53lwq75di3$_run_closure1                                   : loaded 2 times (x 135B)
Class org.jetbrains.kotlin.gradle.tasks.configuration.BaseKotlinCompileConfig$1$3$classpathEntrySnapshotFiles$1: loaded 2 times (x 70B)
Class org.jetbrains.kotlin.gradle.tasks.configuration.KaptGenerateStubsConfig$Companion$wireJavaAndKotlinOutputs$1: loaded 2 times (x 75B)
Class org.jetbrains.kotlin.gradle.plugin.KotlinPluginLifecycleCoroutineContextElement : loaded 2 times (x 80B)
Class org.jetbrains.kotlin.gradle.dsl.PlatformSourceSetConventionsChecker             : loaded 2 times (x 70B)
Class org.jetbrains.kotlin.gradle.plugin.diagnostics.checkers.KotlinSourceSetTreeDependsOnMismatchChecker: loaded 2 times (x 70B)
Class org.jetbrains.kotlin.gradle.targets.CreateDefaultCompilationsSideEffectKt       : loaded 2 times (x 67B)
Class org.jetbrains.kotlin.gradle.plugin.mpp.SyncLanguageSettingsWithKotlinExtensionSetupActionKt: loaded 2 times (x 67B)
Class org.jetbrains.kotlin.statistics.metrics.NumericalMetrics                        : loaded 2 times (x 76B)
Class org.jetbrains.kotlin.gradle.plugin.internal.DefaultConfigurationTimePropertiesAccessor: loaded 2 times (x 70B)
Class org.jetbrains.kotlin.gradle.plugin.VariantImplementationFactories$Companion$getProvider$2$1: loaded 2 times (x 75B)
Class com.google.common.collect.MapMakerInternalMap$Strength$1                        : loaded 2 times (x 76B)
Class com.google.common.collect.Maps$ViewCachingAbstractMap                           : loaded 2 times (x 121B)
Class com.google.common.collect.Sets$2                                                : loaded 2 times (x 135B)
Class [Lorg.gradle.api.internal.ClassPathProvider;                                    : loaded 2 times (x 65B)
Class org.gradle.api.internal.ClassPathProvider                                       : loaded 2 times (x 66B)
Class org.jetbrains.kotlin.gradle.plugin.statistics.ExecutedTaskMetrics               : loaded 2 times (x 67B)
Class org.jetbrains.kotlin.gradle.plugin.diagnostics.CheckKotlinGradlePluginConfigurationErrors$Companion: loaded 2 times (x 67B)
Class org.jetbrains.kotlin.gradle.tasks.KotlinJvmCompile$DefaultImpls                 : loaded 2 times (x 67B)
Class org.jetbrains.kotlin.gradle.tasks.CacheableTasksKt                              : loaded 2 times (x 67B)
Class org.jetbrains.kotlin.konan.target.HostManager$targetValues$2                    : loaded 2 times (x 74B)
Class [Lorg.jetbrains.kotlin.konan.target.Family;                                     : loaded 2 times (x 65B)
Class org.jetbrains.kotlin.gradle.plugin.diagnostics.checkers.UnusedSourceSetsChecker$runChecks$1: loaded 2 times (x 84B)
Class org.jetbrains.kotlin.gradle.targets.js.npm.PeerNpmDependencyExtension           : loaded 2 times (x 66B)
Class org.jetbrains.kotlin.gradle.dsl.AndroidMainSourceSetConventionsChecker          : loaded 2 times (x 70B)
Class org.jetbrains.kotlin.gradle.plugin.diagnostics.checkers.WasmJsEnvironmentChecker$1: loaded 2 times (x 74B)
Class org.jetbrains.kotlin.gradle.targets.js.npm.NpmDependencyExtensionKt$AddNpmDependencyExtensionProjectSetupAction$1: loaded 2 times (x 70B)
Class org.jetbrains.kotlin.gradle.targets.native.toolchain.UnzipTransformationAction$Inject1: loaded 2 times (x 107B)
Class org.jetbrains.kotlin.build.report.metrics.GradleBuildPerformanceMetric          : loaded 2 times (x 88B)
Class org.jetbrains.kotlin.gradle.internal.properties.PropertiesBuildService$NullableBooleanGradleProperty: loaded 2 times (x 72B)
Class org.jetbrains.kotlin.gradle.plugin.internal.DefaultSourceSetCompatibilityHelperVariantFactory: loaded 2 times (x 72B)
Class [Lorg.objectweb.asm.AnnotationVisitor;                                          : loaded 2 times (x 65B)
Class com.google.common.collect.MapMakerInternalMap$Strength$2                        : loaded 2 times (x 76B)
Class com.google.common.collect.Sets$3                                                : loaded 2 times (x 135B)
Class com.google.common.util.concurrent.AbstractFuture$SafeAtomicHelper               : loaded 2 times (x 73B)
Class com.google.common.cache.LocalCache$LocalLoadingCache                            : loaded 2 times (x 130B)
Class com.google.common.base.AbstractIterator$State                                   : loaded 2 times (x 75B)
Class org.gradle.internal.service.UnknownServiceException                             : loaded 2 times (x 79B)
Class org.jetbrains.kotlin.gradle.tasks.configuration.BaseKotlinCompileConfig$2$1$1$1 : loaded 2 times (x 70B)
Class org.jetbrains.kotlin.gradle.tasks.KotlinCompile$ScriptFilterSpec                : loaded 2 times (x 71B)
Class org.jetbrains.kotlin.gradle.plugin.KotlinPluginWrapper                          : loaded 2 times (x 83B)
Class org.jetbrains.kotlin.gradle.plugin.diagnostics.checkers.ComposePluginSuggestApplyChecker$runChecks$1: loaded 2 times (x 84B)
Class org.jetbrains.kotlin.konan.target.KonanTarget$TVOS_ARM64                        : loaded 2 times (x 74B)
Class org.jetbrains.kotlin.gradle.targets.js.npm.DefaultPeerNpmDependencyExtension    : loaded 2 times (x 137B)
Class org.jetbrains.kotlin.gradle.plugin.KotlinPluginLifecycleKt                      : loaded 2 times (x 67B)
Class org.jetbrains.kotlin.gradle.plugin.diagnostics.checkers.WasmJsEnvironmentChecker$2: loaded 2 times (x 74B)
Class org.jetbrains.kotlin.gradle.plugin.mpp.AbstractKotlinTarget                     : loaded 2 times (x 150B)
Class org.jetbrains.kotlin.gradle.internal.properties.NativePropertiesLoader$kotlinNativeVersion$1: loaded 2 times (x 71B)
Class org.jetbrains.kotlin.gradle.plugin.VariantImplementationFactoriesConfigurator$Inject: loaded 2 times (x 92B)
Class org.jetbrains.kotlin.gradle.dsl.KotlinSingleTargetExtension                     : loaded 2 times (x 96B)
Class org.objectweb.asm.ModuleVisitor                                                 : loaded 2 times (x 77B)
Class com.google.common.collect.MapMakerInternalMap$StrongValueEntry                  : loaded 2 times (x 66B)
Class com.google.common.collect.Sets$4                                                : loaded 2 times (x 135B)
Class com.google.common.cache.LocalCache$Strength$1                                   : loaded 2 times (x 77B)
Class org.jetbrains.kotlin.gradle.tasks.configuration.BaseKotlinCompileConfig$2$1$1$2 : loaded 2 times (x 70B)
Class org.jetbrains.kotlin.gradle.plugin.mpp.KotlinCompilationsKt$addSourcesToKotlinCompileTask$configureAction$2: loaded 2 times (x 75B)
Class org.jetbrains.kotlin.gradle.plugin.mpp.compilationImpl.KotlinCompilationTaskNamesContainer: loaded 2 times (x 68B)
Class org.jetbrains.kotlin.gradle.plugin.mpp.compilationImpl.factory.KotlinCompilationImplFactory$KotlinCompilerOptionsFactory: loaded 2 times (x 66B)
Class org.jetbrains.kotlin.gradle.internal.properties.PropertiesBuildServiceKt$propertyWithDeprecatedName$1: loaded 2 times (x 71B)
Class org.jetbrains.kotlin.gradle.targets.js.npm.NpmDependencyExtension               : loaded 2 times (x 66B)
Class org.jetbrains.kotlin.gradle.plugin.LanguageSettingsBuilder                      : loaded 2 times (x 66B)
Class org.jetbrains.kotlin.gradle.plugin.diagnostics.checkers.WasmWasiEnvironmentChecker: loaded 2 times (x 72B)
Class org.jetbrains.kotlin.gradle.plugin.diagnostics.checkers.WasmJsEnvironmentChecker$3: loaded 2 times (x 74B)
Class org.jetbrains.kotlin.gradle.targets.ConfigureBuildSideEffectKt                  : loaded 2 times (x 67B)
Class org.jetbrains.kotlin.gradle.plugin.BuildEventsListenerRegistryHolder$Companion  : loaded 2 times (x 67B)
Class [Lorg.jetbrains.kotlin.statistics.metrics.StringMetrics;                        : loaded 2 times (x 65B)
Class org.jetbrains.kotlin.gradle.internal.properties.PropertiesBuildService$Inject   : loaded 2 times (x 92B)
Class com.google.common.util.concurrent.SettableFuture                                : loaded 2 times (x 110B)
Class com.google.common.cache.LocalCache$Strength$2                                   : loaded 2 times (x 77B)
Class build_c2qn8tcorbl83wrkdwgoxh49w$_run_closure1                                   : loaded 2 times (x 136B)
Class org.objectweb.asm.Handle                                                        : loaded 2 times (x 68B)
Class org.jetbrains.kotlin.gradle.tasks.KotlinJavaToolchain$JdkSetter                 : loaded 2 times (x 66B)
Class org.jetbrains.kotlin.gradle.utils.ConfigurationCacheKt                          : loaded 2 times (x 67B)
Class org.jetbrains.kotlin.gradle.plugin.KotlinPluginLifecycle$ProjectConfigurationResult$Success: loaded 2 times (x 67B)
Class org.jetbrains.kotlin.gradle.internal.StdlibDependencyManagementKt$configureStdlibVersionAlignment$1: loaded 2 times (x 71B)
Class org.jetbrains.kotlin.gradle.plugin.diagnostics.checkers.OverriddenKotlinNativeHomeChecker$allKonanMainSubdirectoriesExist$1$1: loaded 2 times (x 71B)
Class org.jetbrains.kotlin.gradle.dsl.PlatformSourceSetConventionsChecker$CheckedPlatformInfo: loaded 2 times (x 68B)
Class org.jetbrains.kotlin.gradle.plugin.diagnostics.checkers.WasmJsEnvironmentChecker$4: loaded 2 times (x 74B)
Class org.jetbrains.kotlin.gradle.plugin.mpp.KotlinUsages$KotlinCinteropDisambiguation: loaded 2 times (x 72B)
Class org.jetbrains.kotlin.gradle.plugin.KotlinPluginInMultipleProjectsHolder         : loaded 2 times (x 68B)
Class org.jetbrains.kotlin.gradle.report.BuildReportType$Companion                    : loaded 2 times (x 67B)
Class com.google.common.collect.Interners$InternerImpl                                : loaded 2 times (x 71B)
Class com.google.common.collect.Interner                                              : loaded 2 times (x 66B)
Class com.google.common.collect.TransformedIterator                                   : loaded 2 times (x 76B)
Class com.google.common.cache.LocalCache$Strength$3                                   : loaded 2 times (x 77B)
Class com.google.common.collect.MapDifference                                         : loaded 2 times (x 66B)
Class com.google.common.base.Splitter$1                                               : loaded 2 times (x 73B)
Class org.jetbrains.kotlin.gradle.tasks.KotlinCompilerPluginData$InputsOutputsState   : loaded 2 times (x 68B)
Class org.jetbrains.kotlin.gradle.plugin.sources.FragmentConsistencyChecks$optInAnnotationsCheck$1: loaded 2 times (x 75B)
Class org.jetbrains.kotlin.gradle.plugin.mpp.AbstractKotlinCompilationToRunnableFiles : loaded 2 times (x 192B)
Class org.jetbrains.kotlin.gradle.artifacts.KotlinMetadataArtifactKt$KotlinMetadataArtifact$1: loaded 2 times (x 70B)
Class org.jetbrains.kotlin.gradle.plugin.mpp.KotlinUsages$KotlinMetadataCompatibility : loaded 2 times (x 72B)
Class [Lorg.jetbrains.kotlin.gradle.dsl.JvmTarget;                                    : loaded 2 times (x 65B)
Class org.jetbrains.kotlin.gradle.utils.ConfigurationsKt$maybeCreateResolvable$1      : loaded 2 times (x 74B)
Class org.jetbrains.kotlin.gradle.plugin.StatisticsBuildFlowManager$Companion         : loaded 2 times (x 67B)
Class org.jetbrains.kotlin.statistics.metrics.StringMetrics$Companion                 : loaded 2 times (x 67B)
Class org.jetbrains.kotlin.gradle.internal.properties.PropertiesBuildService$property$1$1: loaded 2 times (x 71B)
Class org.jetbrains.kotlin.tooling.core.Extras$Type                                   : loaded 2 times (x 68B)
Class org.objectweb.asm.FieldWriter                                                   : loaded 2 times (x 74B)
Class com.google.common.collect.MapMaker$Dummy                                        : loaded 2 times (x 75B)
Class com.google.common.cache.CacheBuilder$NullListener                               : loaded 2 times (x 78B)
Class org.gradle.internal.classpath.TransformedClassPath                              : loaded 2 times (x 92B)
Class org.gradle.internal.classloader.InstrumentingClassLoader                        : loaded 2 times (x 66B)
Class org.jetbrains.kotlin.gradle.internal.StdlibDependencyManagementKt$configureStdlibVersionAlignment$1$1$1: loaded 2 times (x 71B)
Class org.jetbrains.kotlin.gradle.plugin.BuildFinishedListenerService$Companion       : loaded 2 times (x 67B)
Class org.jetbrains.kotlin.gradle.plugin.BuildFinishedListenerService                 : loaded 2 times (x 76B)
Class org.jetbrains.kotlin.gradle.plugin.sources.FragmentConsistencyChecks$optInAnnotationsCheck$2: loaded 2 times (x 74B)
Class org.jetbrains.kotlin.gradle.targets.NativeForwardImplementationToApiElementsSideEffectKt$special$$inlined$KotlinTargetSideEffect$1: loaded 2 times (x 70B)
Class com.google.common.collect.ImmutableListMultimap                                 : loaded 2 times (x 172B)
Class com.google.common.collect.ImmutableRangeSet$AsSet                               : loaded 2 times (x 295B)
Class com.google.common.cache.CacheLoader$FunctionToCacheLoader                       : loaded 2 times (x 71B)
Class com.google.common.collect.Iterators$ArrayItr                                    : loaded 2 times (x 93B)
Class com.google.common.collect.ImmutableCollection$Builder                           : loaded 2 times (x 72B)
Class org.jetbrains.kotlin.gradle.tasks.configuration.BaseKotlinCompileConfig$1$3$2   : loaded 2 times (x 71B)
Class org.jetbrains.kotlin.gradle.tasks.AbstractKotlinCompileTool$sources$1           : loaded 2 times (x 75B)
Class org.jetbrains.kotlin.build.SourcesUtilsKt                                       : loaded 2 times (x 67B)
Class org.jetbrains.kotlin.gradle.internal.ClassLoadersCachingBuildService$Companion  : loaded 2 times (x 67B)
Class org.jetbrains.kotlin.gradle.tasks.configuration.TaskConfigAction                : loaded 2 times (x 68B)
Class org.jetbrains.kotlin.gradle.plugin.diagnostics.checkers.OverriddenKotlinNativeHomeChecker$allKonanMainSubdirectoriesExist$1: loaded 2 times (x 71B)
Class org.jetbrains.kotlin.gradle.plugin.AbstractKotlinPlugin$Companion               : loaded 2 times (x 67B)
Class org.jetbrains.kotlin.gradle.plugin.KotlinSourceSetTree                          : loaded 2 times (x 68B)
Class org.jetbrains.kotlin.gradle.plugin.KotlinPluginLifecycle$Stage                  : loaded 2 times (x 75B)
Class org.jetbrains.kotlin.gradle.plugin.mpp.compilationImpl.KotlinCreateResourcesTaskSideEffectKt$KotlinCreateResourcesTaskSideEffect$1: loaded 2 times (x 70B)
Class org.jetbrains.kotlin.gradle.plugin.sources.KotlinSourceSetFactory               : loaded 2 times (x 76B)
Class org.jetbrains.kotlin.gradle.targets.native.toolchain.KotlinNativeBundleBuildService$Parameters_Decorated: loaded 2 times (x 130B)
Class org.jetbrains.kotlin.gradle.plugin.StatisticsBuildFlowManager$subscribeForBuildResult$1$1: loaded 2 times (x 70B)
Class org.jetbrains.kotlin.gradle.plugin.internal.KotlinTestReportCompatibilityHelper$KotlinTestReportCompatibilityHelperVariantFactory: loaded 2 times (x 66B)
Class com.google.common.collect.EmptyImmutableListMultimap                            : loaded 2 times (x 172B)
Class com.google.common.collect.BaseImmutableMultimap                                 : loaded 2 times (x 119B)
Class com.google.common.base.Joiner                                                   : loaded 2 times (x 75B)
Class com.google.common.base.MoreObjects                                              : loaded 2 times (x 67B)
Class [Lorg.objectweb.asm.Attribute;                                                  : loaded 2 times (x 65B)
Class [Lorg.jetbrains.kotlin.build.report.metrics.BuildAttribute;                     : loaded 2 times (x 65B)
Class org.jetbrains.kotlin.utils.CollectionsKt                                        : loaded 2 times (x 67B)
Class org.jetbrains.kotlin.gradle.utils.ProviderApiUtilsKt$mapOrNull$1$1              : loaded 2 times (x 71B)
Class org.jetbrains.kotlin.gradle.plugin.hierarchy.KotlinSourceSetTreeClassifier$Default: loaded 2 times (x 67B)
Class org.jetbrains.kotlin.gradle.plugin.mpp.InternalKotlinCompilationKt              : loaded 2 times (x 67B)
Class org.jetbrains.kotlin.gradle.tasks.configuration.AbstractKotlinCompileConfig     : loaded 2 times (x 68B)
Class org.jetbrains.kotlin.gradle.plugin.mpp.compilationImpl.KotlinCompilationImpl$attributes$2: loaded 2 times (x 75B)
Class org.jetbrains.kotlin.gradle.plugin.diagnostics.checkers.OverriddenKotlinNativeHomeChecker$StdlibExistenceCheckerValueSource: loaded 2 times (x 74B)
Class org.jetbrains.kotlin.build.report.metrics.GradleBuildTime                       : loaded 2 times (x 82B)
Class org.jetbrains.kotlin.gradle.utils.IsolatedKotlinClasspathClassCastException     : loaded 2 times (x 78B)
Class [Lorg.objectweb.asm.Type;                                                       : loaded 2 times (x 65B)
Class com.google.common.collect.Platform                                              : loaded 2 times (x 67B)
Class com.google.common.collect.UnmodifiableIterator                                  : loaded 2 times (x 76B)
Class org.gradle.internal.service.ServiceLocator                                      : loaded 2 times (x 66B)
Class org.jetbrains.kotlin.gradle.tasks.DefaultKotlinJavaToolchain$DefaultJavaToolchainSetter$useAsConvention$1: loaded 2 times (x 71B)
Class org.jetbrains.kotlin.gradle.plugin.KotlinCompilerArgumentsProducer$CreateCompilerArgumentsContext: loaded 2 times (x 66B)
Class org.jetbrains.kotlin.gradle.utils.GradleAttributesContainerUtilsKt$copyAttributeTo$1: loaded 2 times (x 75B)
Class org.jetbrains.kotlin.gradle.plugin.diagnostics.RenderReportedDiagnosticsKt      : loaded 2 times (x 67B)
Class org.jetbrains.kotlin.gradle.plugin.hierarchy.KotlinSourceSetTreeClassifierKt$classify$1: loaded 2 times (x 84B)
Class [Lorg.jetbrains.kotlin.konan.target.KonanTarget;                                : loaded 2 times (x 65B)
Class org.jetbrains.kotlin.gradle.plugin.diagnostics.checkers.WasmSourceSetsNotFoundChecker: loaded 2 times (x 70B)
Class org.jetbrains.kotlin.gradle.plugin.diagnostics.checkers.AndroidSourceSetLayoutV1SourceSetsNotFoundChecker$androidSourceSetRegex$2: loaded 2 times (x 74B)
Class org.jetbrains.kotlin.gradle.plugin.statistics.KotlinBuildStatsLoggerService$Companion: loaded 2 times (x 67B)
Class org.jetbrains.kotlin.gradle.plugin.internal.IdeaSyncDetector$IdeaSyncDetectorVariantFactory: loaded 2 times (x 66B)
Class com.google.common.collect.SingletonImmutableBiMap                               : loaded 2 times (x 139B)
Class com.google.common.base.Ascii                                                    : loaded 2 times (x 67B)
Class com.google.common.cache.LocalCache$1                                            : loaded 2 times (x 85B)
Class com.google.common.collect.AbstractMapEntry                                      : loaded 2 times (x 77B)
Class org.jetbrains.kotlin.gradle.plugin.KotlinCompilationWithResources               : loaded 2 times (x 66B)
Class org.jetbrains.kotlin.gradle.plugin.KotlinTargetPreset                           : loaded 2 times (x 66B)
Class org.jetbrains.kotlin.gradle.plugin.diagnostics.checkers.KotlinTargetAlreadyDeclaredChecker: loaded 2 times (x 70B)
Class org.jetbrains.kotlin.gradle.plugin.mpp.compilationImpl.KotlinCompilationProcessorSideEffectKt: loaded 2 times (x 67B)
Class org.jetbrains.kotlin.gradle.plugin.mpp.KotlinUsages$KotlinJavaRuntimeJarsCompatibility: loaded 2 times (x 72B)
Class org.jetbrains.kotlin.gradle.dsl.HasConfigurableKotlinCompilerOptions            : loaded 2 times (x 66B)
Class org.jetbrains.kotlin.gradle.utils.FileUtilsKt$localProperties$1                 : loaded 2 times (x 71B)
Class build_5pvf9z7ljmsulvluhpmmfjofy                                                 : loaded 2 times (x 176B)
Class com.google.common.collect.AbstractSetMultimap                                   : loaded 2 times (x 170B)
Class com.google.common.collect.MapMakerInternalMap$AbstractStrongKeyEntry            : loaded 2 times (x 78B)
Class com.google.common.collect.Sets$ImprovedAbstractSet                              : loaded 2 times (x 131B)
Class com.google.common.collect.ImmutableList$Builder                                 : loaded 2 times (x 73B)
Class com.google.common.cache.LocalCache$2                                            : loaded 2 times (x 138B)
Class com.google.common.collect.AbstractMultimap                                      : loaded 2 times (x 119B)
Class org.jetbrains.kotlin.gradle.tasks.configuration.AbstractKotlinCompileConfig$2$1 : loaded 2 times (x 75B)
Class org.jetbrains.kotlin.gradle.tasks.DefaultKotlinJavaToolchain_Decorated          : loaded 2 times (x 122B)
Class org.jetbrains.kotlin.gradle.plugin.statistics.KotlinProjectConfigurationMetrics : loaded 2 times (x 67B)
Class org.jetbrains.kotlin.gradle.plugin.KotlinCompilationInfo$TCS                    : loaded 2 times (x 85B)
Class org.jetbrains.kotlin.gradle.plugin.mpp.HasBinaries                              : loaded 2 times (x 66B)
Class org.jetbrains.kotlin.gradle.dsl.KotlinCommonOptions                             : loaded 2 times (x 66B)
Class org.jetbrains.kotlin.gradle.plugin.mpp.compilationImpl.KotlinCreateSourcesJarTaskSideEffectKt: loaded 2 times (x 67B)
Class org.jetbrains.kotlin.gradle.dsl.KotlinJvmProjectExtension                       : loaded 2 times (x 99B)
Class org.jetbrains.kotlin.gradle.plugin.KotlinGradlePluginExtensionPointInternalKt   : loaded 2 times (x 67B)
Class org.jetbrains.kotlin.gradle.targets.native.toolchain.UsesKotlinNativeBundleBuildService: loaded 2 times (x 66B)
Class org.jetbrains.kotlin.gradle.plugin.KotlinCompilerArgumentsProducer              : loaded 2 times (x 66B)
Class org.jetbrains.kotlin.build.report.metrics.ValueType                             : loaded 2 times (x 75B)
Class com.google.common.collect.ImmutableRangeSet$1                                   : loaded 2 times (x 205B)
Class com.google.common.util.concurrent.AbstractFuture$UnsafeAtomicHelper$1           : loaded 2 times (x 72B)
Class com.google.common.collect.RegularImmutableAsList                                : loaded 2 times (x 212B)
Class org.gradle.kotlin.dsl.Accessorse8w47d3slt021lb0cbtcdsmobKt                      : loaded 2 times (x 67B)
Class org.jetbrains.kotlin.build.report.metrics.BuildTimes$Companion                  : loaded 2 times (x 67B)
Class org.jetbrains.kotlin.gradle.tasks.configuration.BaseKotlinCompileConfig$1$classpathConfiguration$1: loaded 2 times (x 71B)
Class org.jetbrains.kotlin.gradle.targets.js.npm.NpmDependencyExtensionDelegate       : loaded 2 times (x 163B)
Class org.jetbrains.kotlin.gradle.plugin.sources.FragmentConsistencyChecker           : loaded 2 times (x 68B)
Class org.jetbrains.kotlin.gradle.dsl.DefaultToolchainSupport_Decorated               : loaded 2 times (x 120B)
Class org.jetbrains.kotlin.gradle.plugin.HasProject                                   : loaded 2 times (x 66B)
Class org.jetbrains.kotlin.gradle.report.BuildMetricsService$Companion                : loaded 2 times (x 67B)
Class org.jetbrains.kotlin.gradle.targets.native.toolchain.KotlinNativeBundleArtifactFormat$addKotlinNativeBundleConfiguration$1$1: loaded 2 times (x 71B)
Class org.jetbrains.kotlin.gradle.internal.properties.NativePropertiesLoader$jvmArgs$1: loaded 2 times (x 71B)
Class org.jetbrains.kotlin.gradle.tasks.KotlinCompileTool                             : loaded 2 times (x 66B)
Class org.jetbrains.kotlin.gradle.plugin.PropertiesProvider$PropertyNames             : loaded 2 times (x 67B)
Class org.jetbrains.kotlin.gradle.utils.SingleAction$PerformedActions                 : loaded 2 times (x 68B)
Class org.jetbrains.kotlin.gradle.plugin.VariantImplementationFactories$Parameters_Decorated: loaded 2 times (x 130B)
Class org.jetbrains.kotlin.gradle.utils.GradleUtilsKt                                 : loaded 2 times (x 67B)
Class org.jetbrains.kotlin.gradle.plugin.internal.MavenPluginConfigurator$DefaultMavenPluginConfiguratorVariantFactory: loaded 2 times (x 72B)
Class com.google.common.collect.Range                                                 : loaded 2 times (x 83B)
Class com.google.common.util.concurrent.AbstractFuture$Trusted                        : loaded 2 times (x 66B)
Class com.google.common.collect.Iterators                                             : loaded 2 times (x 67B)
Class com.google.common.base.CharMatcher$RangesMatcher                                : loaded 2 times (x 108B)
Class org.jetbrains.kotlin.gradle.tasks.configuration.AbstractKotlinCompileConfig$2$3 : loaded 2 times (x 71B)
Class org.jetbrains.kotlin.gradle.tasks.configuration.BaseKotlinCompileConfig         : loaded 2 times (x 68B)
Class org.jetbrains.kotlin.gradle.plugin.mpp.compilationImpl.factory.KotlinCompilationImplFactory$KotlinCompilationTaskNamesContainerFactory: loaded 2 times (x 66B)
Class org.jetbrains.kotlin.gradle.internal.KotlinDependenciesManagementKt$CustomizeKotlinDependenciesSetupAction$1$coreLibrariesVersion$1: loaded 2 times (x 75B)
Class org.jetbrains.kotlin.gradle.plugin.diagnostics.checkers.CInteropInputChecker$runChecks$1: loaded 2 times (x 84B)
Class org.jetbrains.kotlin.gradle.plugin.internal.DefaultIdeaSyncDetector$isInIdeaSync$1: loaded 2 times (x 71B)
Class org.jetbrains.kotlin.gradle.targets.native.toolchain.KotlinNativeBundleArtifactFormat$setupTransform$3: loaded 2 times (x 70B)
Class org.jetbrains.kotlin.gradle.ExperimentalKotlinGradlePluginApi                   : loaded 2 times (x 66B)
Class org.jetbrains.kotlin.gradle.internal.properties.NativePropertiesLoader          : loaded 2 times (x 80B)
Class [Lorg.jetbrains.kotlin.build.report.metrics.BuildTime;                          : loaded 2 times (x 65B)
Class org.jetbrains.kotlin.statistics.metrics.NumberAnonymizationPolicy$SAFE          : loaded 2 times (x 81B)
Class org.jetbrains.kotlin.gradle.plugin.statistics.BuildFusService                   : loaded 2 times (x 80B)
Class com.google.common.io.ByteSink$AsCharSink                                        : loaded 2 times (x 76B)
Class com.google.common.util.concurrent.UncheckedExecutionException                   : loaded 2 times (x 78B)
Class com.google.common.collect.Lists$StringAsImmutableList                           : loaded 2 times (x 203B)
Class org.jetbrains.kotlin.gradle.internal.KotlinDomApiDependencyManagementKt         : loaded 2 times (x 67B)
Class build_9egvbszqoyspq6g1seieubkyg                                                 : loaded 2 times (x 177B)
Class org.jetbrains.kotlin.gradle.tasks.configuration.AbstractKotlinCompileConfig$2$4 : loaded 2 times (x 71B)
Class org.jetbrains.kotlin.gradle.tasks.KotlinCompile$scriptSources$1                 : loaded 2 times (x 71B)
Class org.jetbrains.kotlin.build.report.metrics.BuildAttribute$Companion              : loaded 2 times (x 67B)
Class org.jetbrains.kotlin.gradle.plugin.diagnostics.checkers.CInteropInputChecker$runChecks$2: loaded 2 times (x 71B)
Class org.jetbrains.kotlin.gradle.tasks.configuration.KaptGenerateStubsConfig$Companion: loaded 2 times (x 67B)
Class org.jetbrains.kotlin.gradle.internal.KotlinTestDependencyManagementKt$maybeAddTestDependencyCapability$1: loaded 2 times (x 71B)
Class org.jetbrains.kotlin.gradle.plugin.diagnostics.CheckKotlinGradlePluginConfigurationErrorsKt: loaded 2 times (x 67B)
Class org.jetbrains.kotlin.gradle.targets.js.npm.NpmDependencyExtensionKt$AddNpmDependencyExtensionProjectSetupAction$1$WhenMappings: loaded 2 times (x 67B)
Class org.jetbrains.kotlin.gradle.plugin.mpp.KotlinJvmAndroidCompilation              : loaded 2 times (x 194B)
Class org.jetbrains.kotlin.gradle.targets.CreateDefaultCompilationsSideEffectKt$CreateDefaultCompilationsSideEffect$1: loaded 2 times (x 70B)
Class org.jetbrains.kotlin.gradle.targets.native.internal.AddKotlinPlatformIntegersSupportLibraryKt$AddKotlinPlatformIntegersSupportLibrary$1: loaded 2 times (x 91B)
Class org.jetbrains.kotlin.gradle.plugin.mpp.ApplyUserDefinedAttributesKt             : loaded 2 times (x 67B)
Class org.jetbrains.kotlin.tooling.core.TypeUtils$WhenMappings                        : loaded 2 times (x 67B)
Class org.jetbrains.kotlin.gradle.utils.FutureImpl                                    : loaded 2 times (x 76B)
Class org.jetbrains.kotlin.gradle.internal.properties.NativePropertiesLoader$isToolchainEnabled$1: loaded 2 times (x 71B)
Class [Lorg.jetbrains.kotlin.statistics.metrics.NumericalMetrics;                     : loaded 2 times (x 65B)
Class com.google.common.collect.ImmutableSortedSetFauxverideShim                      : loaded 2 times (x 143B)
Class com.google.common.base.CharMatcher$JavaLetterOrDigit                            : loaded 2 times (x 107B)
Class org.gradle.internal.InternalTransformer                                         : loaded 2 times (x 66B)
Class build_dgmxy9l391q7nr6bm55cyoyap$_run_closure1                                   : loaded 2 times (x 136B)
Class org.jetbrains.kotlin.gradle.tasks.configuration.AbstractKotlinCompileConfig$2$5 : loaded 2 times (x 71B)
Class org.jetbrains.kotlin.gradle.tasks.CompileUsingKotlinDaemonWithNormalization     : loaded 2 times (x 66B)
Class org.jetbrains.kotlin.gradle.plugin.mpp.compilationImpl.factory.KotlinCompilationImplFactory$PostConfigure$Companion: loaded 2 times (x 67B)
Class org.jetbrains.kotlin.gradle.internal.KotlinDomApiDependencyManagementKt$configureKotlinDomApiDefaultDependency$1: loaded 2 times (x 75B)
Class org.jetbrains.kotlin.gradle.targets.js.npm.DefaultDevNpmDependencyExtension     : loaded 2 times (x 141B)
Class [Lorg.jetbrains.kotlin.gradle.plugin.HasKotlinDependencies;                     : loaded 2 times (x 65B)
Class org.jetbrains.kotlin.gradle.tasks.DefaultKotlinJavaToolchain$Companion$wireJvmTargetToToolchain$1: loaded 2 times (x 71B)
Class org.jetbrains.kotlin.gradle.plugin.diagnostics.checkers.JsLikeEnvironmentChecker: loaded 2 times (x 72B)
Class org.jetbrains.kotlin.gradle.plugin.KotlinPlatformType                           : loaded 2 times (x 78B)
Class org.jetbrains.kotlin.gradle.plugin.KotlinGradleBuildServices$Companion          : loaded 2 times (x 67B)
Class org.jetbrains.kotlin.gradle.internal.properties.PropertiesBuildServiceKt        : loaded 2 times (x 67B)
Class org.objectweb.asm.ClassWriter                                                   : loaded 2 times (x 102B)
Class com.google.common.collect.HashMultimapGwtSerializationDependencies              : loaded 2 times (x 170B)
Class com.google.common.collect.AbstractMapBasedMultimap$KeySet$1                     : loaded 2 times (x 78B)
Class com.google.common.cache.CacheLoader$UnsupportedLoadingOperationException        : loaded 2 times (x 78B)
Class com.google.common.base.CharMatcher$And                                          : loaded 2 times (x 108B)
Class org.gradle.internal.classloader.ClasspathUtil$1                                 : loaded 2 times (x 72B)
Class org.jetbrains.kotlin.gradle.plugin.diagnostics.TransformActionUsingKotlinToolingDiagnostics$Companion: loaded 2 times (x 67B)
Class org.jetbrains.kotlin.gradle.plugin.BuildFinishedListenerService$Companion$registerIfAbsent$1: loaded 2 times (x 70B)
Class org.jetbrains.kotlin.gradle.plugin.diagnostics.ToolingDiagnosticRenderingOptions$Companion: loaded 2 times (x 67B)
Class org.jetbrains.kotlin.gradle.dsl.KotlinJvmCompilerOptionsHelper                  : loaded 2 times (x 67B)
Class org.jetbrains.kotlin.gradle.tasks.DefaultKotlinJavaToolchain$Companion$wireJvmTargetToToolchain$2: loaded 2 times (x 71B)
Class org.jetbrains.kotlin.gradle.plugin.ProjectLocalConfigurations$ProjectLocalDisambiguation: loaded 2 times (x 72B)
Class org.jetbrains.kotlin.gradle.plugin.mpp.apple.swiftexport.internal.SwiftExportInitKt: loaded 2 times (x 67B)
Class org.jetbrains.kotlin.gradle.plugin.KotlinGradleBuildServices$detectKotlinPluginLoadedInMultipleProjects$onRegister$1$1: loaded 2 times (x 71B)
Class org.jetbrains.kotlin.gradle.internal.properties.PropertiesBuildService$NullableStringGradleProperty: loaded 2 times (x 72B)
Class org.jetbrains.kotlin.gradle.plugin.internal.IdeaSyncDetector                    : loaded 2 times (x 66B)
Class org.jetbrains.kotlin.gradle.plugin.internal.ConfigurationCacheStartParameterAccessor$Factory: loaded 2 times (x 66B)
Class org.objectweb.asm.FieldVisitor                                                  : loaded 2 times (x 73B)
Class com.google.common.base.Objects                                                  : loaded 2 times (x 67B)
Class com.google.common.collect.IndexedImmutableSet                                   : loaded 2 times (x 146B)
Class com.google.common.collect.ImmutableMap$1                                        : loaded 2 times (x 77B)
Class com.google.common.collect.BiMap                                                 : loaded 2 times (x 66B)
Class org.gradle.api.internal.classpath.DefaultModuleRegistry$DefaultModule           : loaded 2 times (x 82B)
Class org.jetbrains.kotlin.gradle.plugin.diagnostics.CheckKotlinGradlePluginConfigurationErrors_Decorated: loaded 2 times (x 361B)
Class org.jetbrains.kotlin.buildtools.api.KotlinLogger                                : loaded 2 times (x 66B)
Class org.jetbrains.kotlin.gradle.plugin.mpp.compilationImpl.KotlinCompilationSourceSetInclusion$DefaultAddSourcesToCompileTask$addSources$1: loaded 2 times (x 75B)
Class org.jetbrains.kotlin.gradle.plugin.internal.IdeaPropertiesEvaluator             : loaded 2 times (x 68B)
Class org.jetbrains.kotlin.gradle.plugin.diagnostics.checkers.WasmSourceSetsNotFoundChecker$wasmSourceSetRegex$2: loaded 2 times (x 74B)
Class org.jetbrains.kotlin.gradle.plugin.mpp.compilationImpl.KotlinCompilationSideEffect: loaded 2 times (x 66B)
Class org.jetbrains.kotlin.gradle.plugin.KotlinGradlePluginExtensionPoint             : loaded 2 times (x 66B)
Class org.jetbrains.kotlin.tooling.core.ExtrasUtilsKt                                 : loaded 2 times (x 67B)
Class org.jetbrains.kotlin.buildtools.api.ExperimentalBuildToolsApi                   : loaded 2 times (x 66B)
Class org.jetbrains.kotlin.gradle.utils.ResourceUtilsKt                               : loaded 2 times (x 67B)
Class org.jetbrains.kotlin.gradle.plugin.KotlinPluginWrapperKt$kotlinPluginVersionFromResources$1: loaded 2 times (x 74B)
Class com.google.common.primitives.Ints                                               : loaded 2 times (x 67B)
Class com.google.common.collect.AbstractIterator                                      : loaded 2 times (x 78B)
Class org.jetbrains.kotlin.gradle.tasks.UsesKotlinJavaToolchain$DefaultImpls          : loaded 2 times (x 67B)
Class org.jetbrains.kotlin.build.report.metrics.BuildAttributeKind$Companion          : loaded 2 times (x 67B)
Class org.jetbrains.kotlin.gradle.plugin.mpp.KotlinTargetSoftwareComponentImplKt$KotlinTargetSoftwareComponent$1$1$1: loaded 2 times (x 71B)
Class org.jetbrains.kotlin.gradle.tasks.configuration.KaptGenerateStubsConfig$Companion$configureLibraries$1: loaded 2 times (x 75B)
Class org.jetbrains.kotlin.gradle.plugin.mpp.compilationImpl.KotlinCompilationSourceSetInclusion$DefaultAddSourcesToCompileTask$addSources$2: loaded 2 times (x 75B)
Class org.jetbrains.kotlin.gradle.tasks.AbstractKotlinCompile                         : loaded 2 times (x 449B)
Class org.jetbrains.kotlin.gradle.plugin.KotlinCompilationOutput                      : loaded 2 times (x 66B)
Class org.jetbrains.kotlin.gradle.plugin.diagnostics.CheckKotlinGradlePluginConfigurationErrorsKt$addDependsOnFromTasksThatShouldFailWhenErrorsReported$1: loaded 2 times (x 71B)
Class org.jetbrains.kotlin.konan.target.KonanTarget$TVOS_X64                          : loaded 2 times (x 74B)
Class org.jetbrains.kotlin.gradle.targets.native.internal.SetupKotlinNativePlatformDependenciesAndStdlibKt$SetupKotlinNativePlatformDependenciesForLegacyImport$1: loaded 2 times (x 91B)
Class org.jetbrains.kotlin.gradle.plugin.diagnostics.KotlinToolingDiagnosticsSetupActionKt: loaded 2 times (x 67B)
Class org.jetbrains.kotlin.gradle.plugin.KotlinGradleBuildServices$Parameters$Inject  : loaded 2 times (x 102B)
Class org.jetbrains.kotlin.gradle.plugin.statistics.BuildFusService$Companion$registerIfAbsentImpl$2: loaded 2 times (x 71B)
Class org.jetbrains.kotlin.gradle.plugin.KotlinPluginWrapperKt$kotlinPluginVersionFromResources$1$1: loaded 2 times (x 67B)
Class com.google.common.math.MathPreconditions                                        : loaded 2 times (x 67B)
Class com.google.common.collect.Multiset                                              : loaded 2 times (x 66B)
Class com.google.common.collect.ArrayListMultimapGwtSerializationDependencies         : loaded 2 times (x 168B)
Class com.google.common.collect.ObjectArrays                                          : loaded 2 times (x 67B)
Class com.google.common.collect.AbstractIndexedListIterator                           : loaded 2 times (x 92B)
Class build_31ktlp5y35kzfoqhtjozrlntn$_run_closure1                                   : loaded 2 times (x 135B)
Class org.jetbrains.kotlin.tooling.core.Extras$Entry                                  : loaded 2 times (x 68B)
Class org.jetbrains.kotlin.gradle.plugin.sources.InternalKotlinSourceSetKt            : loaded 2 times (x 67B)
Class org.jetbrains.kotlin.gradle.internal.Kapt3GradleSubplugin$Kapt3SubpluginContext : loaded 2 times (x 68B)
Class org.jetbrains.kotlin.gradle.artifacts.KotlinTargetArtifact                      : loaded 2 times (x 66B)
Class org.jetbrains.kotlin.gradle.dsl.KotlinJvmCompilerOptionsDefault_Decorated       : loaded 2 times (x 161B)
Class org.jetbrains.kotlin.gradle.plugin.HasKotlinDependencies                        : loaded 2 times (x 66B)
Class org.jetbrains.kotlin.gradle.targets.native.toolchain.KotlinNativeBundleBuildService$Companion: loaded 2 times (x 67B)
Class org.jetbrains.kotlin.gradle.plugin.BuildEventsListenerRegistryHolder_Decorated  : loaded 2 times (x 115B)
Class org.jetbrains.kotlin.gradle.plugin.statistics.BuildFusService$Companion$registerIfAbsentImpl$2$1: loaded 2 times (x 71B)
Class org.jetbrains.kotlin.gradle.plugin.statistics.MetricContainer                   : loaded 2 times (x 68B)
Class org.jetbrains.kotlin.gradle.plugin.statistics.old.Pre232IdeaKotlinBuildStatsMXBean: loaded 2 times (x 66B)
Class org.jetbrains.kotlin.gradle.plugin.statistics.KotlinBuildStatsServicesRegistry  : loaded 2 times (x 74B)
Class org.jetbrains.kotlin.gradle.plugin.internal.DefaultJavaSourceSetsAccessorVariantFactory: loaded 2 times (x 72B)
Class org.jetbrains.kotlin.gradle.plugin.VariantImplementationFactoriesConfigurator   : loaded 2 times (x 72B)
Class com.google.common.collect.ImmutableMapEntrySet                                  : loaded 2 times (x 147B)
Class org.gradle.api.internal.classpath.Module                                        : loaded 2 times (x 66B)
Class org.jetbrains.kotlin.gradle.tasks.KotlinCompile$ClasspathSnapshotProperties_Decorated: loaded 2 times (x 133B)
Class org.jetbrains.kotlin.gradle.report.BuildReportsService$Companion                : loaded 2 times (x 67B)
Class org.jetbrains.kotlin.gradle.internal.transforms.BuildToolsApiClasspathEntrySnapshotTransform$Parameters_Decorated: loaded 2 times (x 151B)
Class org.jetbrains.kotlin.gradle.plugin.mpp.compilationImpl.KotlinCompilationSourceSetInclusion$Companion$includedSourceSets$2: loaded 2 times (x 74B)
Class org.jetbrains.kotlin.gradle.plugin.diagnostics.KotlinToolingDiagnosticsSetupActionKt$KotlinToolingDiagnosticsSetupAction$1$1: loaded 2 times (x 71B)
Class org.jetbrains.kotlin.gradle.targets.js.npm.NpmDirectoryDependencyWithExternalsExtension: loaded 2 times (x 66B)
Class org.jetbrains.kotlin.gradle.plugin.KotlinProjectSetupAction                     : loaded 2 times (x 66B)
Class org.jetbrains.kotlin.gradle.plugin.KotlinGradleFinishBuildHandler$Companion     : loaded 2 times (x 67B)
Class settings_1wetbjq3l7beu1g8h6e66zusd$_run_closure1                                : loaded 2 times (x 135B)
Class com.google.common.cache.Weigher                                                 : loaded 2 times (x 66B)
Class org.gradle.api.internal.classpath.UnknownModuleException                        : loaded 2 times (x 78B)
Class org.jetbrains.kotlin.gradle.plugin.mpp.InternalKotlinTargetComponentKt          : loaded 2 times (x 67B)
Class org.jetbrains.kotlin.gradle.plugin.mpp.InternalKotlinTarget$DefaultImpls        : loaded 2 times (x 67B)
Class org.jetbrains.kotlin.gradle.plugin.KotlinPluginLifecycleImpl$executeCurrentStageAndScheduleNext$3: loaded 2 times (x 71B)
Class org.jetbrains.kotlin.gradle.plugin.mpp.compilationImpl.KotlinCompilationRegisterInSourceSetsConfigurator$configure$1: loaded 2 times (x 75B)
Class org.jetbrains.kotlin.gradle.plugin.diagnostics.KotlinToolingDiagnosticsSetupActionKt$KotlinToolingDiagnosticsSetupAction$1$2: loaded 2 times (x 91B)
Class org.jetbrains.kotlin.gradle.targets.js.npm.NpmDependencyWithExternalsExtension  : loaded 2 times (x 66B)
Class org.jetbrains.kotlin.gradle.plugin.mpp.KotlinUsageContext                       : loaded 2 times (x 66B)
Class org.jetbrains.kotlin.gradle.plugin.KotlinTargetsContainer                       : loaded 2 times (x 66B)
Class org.jetbrains.kotlin.compilerRunner.GradleCliCommonizerKt                       : loaded 2 times (x 67B)
Class org.jetbrains.kotlin.gradle.utils.ConfigurationsKt                              : loaded 2 times (x 67B)
Class org.jetbrains.kotlin.gradle.plugin.StatisticsBuildFlowManager                   : loaded 2 times (x 68B)
Class org.jetbrains.kotlin.gradle.plugin.statistics.BuildFusService$Parameters        : loaded 2 times (x 66B)
Class org.jetbrains.kotlin.gradle.plugin.PluginWrappersKt                             : loaded 2 times (x 67B)
Class com.google.common.base.Stopwatch                                                : loaded 2 times (x 68B)
Class com.google.common.cache.LocalCache$Strength                                     : loaded 2 times (x 77B)
Class com.google.common.cache.Cache                                                   : loaded 2 times (x 66B)
Class org.jetbrains.kotlin.build.report.metrics.BuildMetricsReporter                  : loaded 2 times (x 66B)
Class org.jetbrains.kotlin.gradle.plugin.mpp.InternalKotlinTargetKt                   : loaded 2 times (x 67B)
Class org.jetbrains.kotlin.gradle.plugin.diagnostics.KotlinToolingDiagnosticsSetupActionKt$KotlinToolingDiagnosticsSetupAction$1$3: loaded 2 times (x 71B)
Class org.jetbrains.kotlin.gradle.targets.js.dsl.KotlinTargetWithNodeJsDsl            : loaded 2 times (x 66B)
Class org.jetbrains.kotlin.gradle.plugin.sources.DefaultKotlinSourceSetKt$defaultSourceSetLanguageSettingsChecker$1: loaded 2 times (x 74B)
Class org.jetbrains.kotlin.gradle.plugin.sources.InternalKotlinSourceSet              : loaded 2 times (x 66B)
Class org.jetbrains.kotlin.gradle.plugin.KotlinJvmPlugin                              : loaded 2 times (x 76B)
Class org.jetbrains.kotlin.gradle.plugin.mpp.SyncLanguageSettingsWithKotlinExtensionSetupActionKt$SyncLanguageSettingsWithKotlinExtensionSetupAction$1: loaded 2 times (x 91B)
Class org.jetbrains.kotlin.gradle.dsl.KotlinGradlePluginPublicDsl                     : loaded 2 times (x 66B)
Class org.jetbrains.kotlin.gradle.internal.properties.NativeProperties                : loaded 2 times (x 66B)
Class org.jetbrains.kotlin.statistics.BuildSessionLogger                              : loaded 2 times (x 73B)
Class org.jetbrains.kotlin.gradle.plugin.internal.ConfigurationCacheStartParameterAccessor: loaded 2 times (x 66B)
Class com.google.common.io.AppendableWriter                                           : loaded 2 times (x 96B)
Class com.google.common.io.Files$2                                                    : loaded 2 times (x 72B)
Class com.google.common.util.concurrent.AbstractFuture$Cancellation                   : loaded 2 times (x 68B)
Class com.google.common.collect.ImmutableMap$Builder                                  : loaded 2 times (x 77B)
Class com.google.common.base.NullnessCasts                                            : loaded 2 times (x 67B)
Class org.jetbrains.kotlin.gradle.utils.FutureKt$future$2$1                           : loaded 2 times (x 91B)
Class [Lorg.jetbrains.kotlin.gradle.plugin.statistics.plugins.ObservablePlugins;      : loaded 2 times (x 65B)
Class org.jetbrains.kotlin.gradle.plugin.internal.BuildIdService$Companion$registerIfAbsent$1$1: loaded 2 times (x 71B)
Class org.jetbrains.kotlin.gradle.plugin.mpp.compilationImpl.factory.KotlinCompilationDependencyConfigurationsFactoriesKt$WhenMappings: loaded 2 times (x 67B)
Class org.jetbrains.kotlin.konan.target.KonanTarget$IOS_ARM64                         : loaded 2 times (x 74B)
Class org.jetbrains.kotlin.gradle.targets.js.dsl.KotlinWasmTargetDsl                  : loaded 2 times (x 66B)
Class org.jetbrains.kotlin.gradle.plugin.diagnostics.checkers.DisabledCinteropCommonizationInHmppProjectChecker$runChecks$1: loaded 2 times (x 84B)
Class org.jetbrains.kotlin.gradle.plugin.sources.ConsistencyCheck                     : loaded 2 times (x 68B)
Class org.jetbrains.kotlin.gradle.plugin.sources.DefaultKotlinSourceSetKt$defaultSourceSetLanguageSettingsChecker$2: loaded 2 times (x 74B)
Class org.jetbrains.kotlin.gradle.dsl.KotlinCommonToolOptions                         : loaded 2 times (x 66B)
Class org.jetbrains.kotlin.gradle.plugin.AbstractKotlinPlugin                         : loaded 2 times (x 75B)
Class org.jetbrains.kotlin.gradle.tasks.DefaultKotlinJavaToolchain$Companion$wireJvmTargetToJvm$1: loaded 2 times (x 71B)
Class org.jetbrains.kotlin.gradle.plugin.diagnostics.checkers.ComposePluginSuggestApplyChecker: loaded 2 times (x 70B)
Class org.jetbrains.kotlin.gradle.dsl.KotlinMultiplatformExtension                    : loaded 2 times (x 673B)
Class com.google.common.collect.AbstractMapBasedMultimap$WrappedCollection$WrappedIterator: loaded 2 times (x 80B)
Class com.google.common.cache.RemovalListener                                         : loaded 2 times (x 66B)
Class org.gradle.api.internal.DefaultClassPathRegistry                                : loaded 2 times (x 72B)
Class org.jetbrains.kotlin.gradle.plugin.mpp.KotlinTargetSoftwareComponentImplKt$KotlinTargetSoftwareComponent$1$1$configuration$1: loaded 2 times (x 75B)
Class org.jetbrains.kotlin.gradle.targets.js.npm.DefaultPeerNpmDependencyExtension$delegate$1: loaded 2 times (x 163B)
Class org.jetbrains.kotlin.gradle.targets.js.npm.NpmDependency                        : loaded 2 times (x 93B)
Class org.jetbrains.kotlin.gradle.targets.js.npm.DefaultNpmDependencyExtension        : loaded 2 times (x 148B)
Class org.jetbrains.kotlin.gradle.targets.js.npm.NpmDependency$Scope                  : loaded 2 times (x 75B)
Class org.jetbrains.kotlin.gradle.plugin.sources.FragmentConsistencyChecks$unstableFeaturesCheck$1: loaded 2 times (x 75B)
Class org.jetbrains.kotlin.gradle.plugin.sources.DefaultKotlinSourceSet               : loaded 2 times (x 137B)
Class org.jetbrains.kotlin.gradle.plugin.diagnostics.checkers.AndroidSourceSetLayoutV1SourceSetsNotFoundChecker: loaded 2 times (x 70B)
Class org.jetbrains.kotlin.gradle.utils.ConfigurationsKt$sam$org_gradle_api_Action$0  : loaded 2 times (x 71B)
Class org.jetbrains.kotlin.gradle.plugin.VariantImplementationFactories$Parameters    : loaded 2 times (x 66B)
Class com.google.common.collect.ImmutableMultimap$Keys                                : loaded 2 times (x 162B)
Class com.google.common.primitives.IntsMethodsForWeb                                  : loaded 2 times (x 67B)
Class com.google.common.collect.Multimap                                              : loaded 2 times (x 66B)
Class org.gradle.api.internal.ClassPathRegistry                                       : loaded 2 times (x 66B)
Class org.gradle.internal.classpath.DefaultClassPath$ImmutableUniqueList              : loaded 2 times (x 195B)
Class org.jetbrains.kotlin.gradle.plugin.statistics.KotlinBuildStatisticsUtilsKt$collectGeneralConfigurationTimeMetrics$statisticOverhead$1$2: loaded 2 times (x 71B)
Class org.jetbrains.kotlin.gradle.plugin.KotlinCompilation$DefaultImpls               : loaded 2 times (x 67B)
Class org.jetbrains.kotlin.gradle.utils.ProviderApiUtilsKt$providerWithLazyConvention$1: loaded 2 times (x 70B)
Class org.jetbrains.kotlin.konan.target.KonanTarget$Companion$predefinedTargets$2     : loaded 2 times (x 74B)
Class org.jetbrains.kotlin.gradle.plugin.sources.FragmentConsistencyChecks$unstableFeaturesCheck$2: loaded 2 times (x 74B)
Class org.jetbrains.kotlin.gradle.plugin.KotlinPluginLifecycleImpl                    : loaded 2 times (x 76B)
Class org.jetbrains.kotlin.gradle.plugin.diagnostics.KotlinToolingDiagnostics$WasmWasiEnvironmentNotChosenExplicitly: loaded 2 times (x 69B)
Class org.jetbrains.kotlin.gradle.artifacts.KotlinNativeKlibArtifactKt$KotlinNativeKlibArtifact$1: loaded 2 times (x 70B)
Class org.jetbrains.kotlin.gradle.dsl.KotlinCommonCompilerOptionsDefault              : loaded 2 times (x 90B)
Class org.jetbrains.kotlin.gradle.dsl.KotlinCommonCompilerToolOptionsDefault          : loaded 2 times (x 78B)
Class org.jetbrains.kotlin.gradle.internal.properties.NativePropertiesLoader$isUseXcodeMessageStyleEnabled$1: loaded 2 times (x 71B)
Class org.jetbrains.kotlin.gradle.plugin.StatisticsBuildFlowManager_Decorated         : loaded 2 times (x 115B)
Class org.jetbrains.kotlin.gradle.report.BuildReportMode$Companion                    : loaded 2 times (x 67B)
Class org.jetbrains.kotlin.gradle.plugin.internal.JavaSourceSetsAccessor              : loaded 2 times (x 66B)
Class org.jetbrains.kotlin.gradle.plugin.internal.ConfigurationTimePropertiesAccessor : loaded 2 times (x 66B)
Class org.jetbrains.kotlin.gradle.plugin.VariantImplementationFactories$VariantImplementationFactory: loaded 2 times (x 66B)
Class com.google.common.base.ExtraObjectsMethodsForWeb                                : loaded 2 times (x 67B)
Class com.google.common.collect.MapMakerInternalMap$Segment                           : loaded 2 times (x 138B)
Class org.jetbrains.kotlin.gradle.plugin.mpp.ApplyUserDefinedAttributesKt$UserDefinedAttributesSetupAction$1$1: loaded 2 times (x 75B)
Class org.jetbrains.kotlin.compilerRunner.CompilerSystemPropertiesService             : loaded 2 times (x 76B)
Class org.jetbrains.kotlin.gradle.plugin.mpp.compilationImpl.KotlinCompilationImpl$1  : loaded 2 times (x 75B)
Class org.jetbrains.kotlin.gradle.targets.js.npm.SemVer$Companion                     : loaded 2 times (x 67B)
Class org.jetbrains.kotlin.konan.target.KonanTarget$LINUX_ARM64                       : loaded 2 times (x 74B)
Class org.jetbrains.kotlin.konan.target.KonanTarget$LINUX_X64                         : loaded 2 times (x 74B)
Class [Lorg.jetbrains.kotlin.konan.target.Architecture;                               : loaded 2 times (x 65B)
Class org.jetbrains.kotlin.gradle.targets.native.SetupEmbedAndSignAppleFrameworkTaskSideEffectKt$special$$inlined$KotlinTargetSideEffect$1: loaded 2 times (x 70B)
Class org.jetbrains.kotlin.gradle.plugin.mpp.KotlinUsages$KotlinCinteropCompatibility : loaded 2 times (x 73B)
Class org.jetbrains.kotlin.gradle.dsl.ExplicitApiMode                                 : loaded 2 times (x 75B)
Class org.jetbrains.kotlin.gradle.utils.GradleAttributesContainerUtilsKt              : loaded 2 times (x 67B)
Class org.jetbrains.kotlin.gradle.plugin.VariantImplementationFactories$Companion     : loaded 2 times (x 67B)
Class org.jetbrains.kotlin.gradle.plugin.internal.CustomPropertiesFileValueSource$Parameters_Decorated: loaded 2 times (x 130B)
Class org.jetbrains.kotlin.gradle.dsl.KotlinTopLevelExtensionConfig                   : loaded 2 times (x 66B)
Class com.google.common.io.ByteSink                                                   : loaded 2 times (x 72B)
Class com.google.common.cache.CacheBuilder                                            : loaded 2 times (x 68B)
Class com.google.common.collect.SingletonImmutableList                                : loaded 2 times (x 203B)
Class org.jetbrains.kotlin.gradle.tasks.CInteropProcess                               : loaded 2 times (x 320B)
Class org.gradle.internal.classpath.ClassPath                                         : loaded 2 times (x 66B)
Class org.gradle.api.UncheckedIOException                                             : loaded 2 times (x 78B)
Class org.jetbrains.kotlin.gradle.incremental.IncrementalModuleInfoProvider           : loaded 2 times (x 66B)
Class org.jetbrains.kotlin.gradle.plugin.mpp.compilationImpl.KotlinCompilationImpl$2  : loaded 2 times (x 75B)
Class org.jetbrains.kotlin.gradle.internal.UsesClassLoadersCachingBuildService        : loaded 2 times (x 66B)
Class org.jetbrains.kotlin.gradle.dsl.PlatformSourceSetConventionsChecker$runChecks$1 : loaded 2 times (x 84B)
Class org.jetbrains.kotlin.gradle.plugin.mpp.compilationImpl.KotlinCompilationProcessorSideEffectKt$KotlinCompilationProcessorSideEffect$1: loaded 2 times (x 70B)
Class org.jetbrains.kotlin.gradle.dsl.KotlinJvmCompilerOptionsDefault                 : loaded 2 times (x 100B)
Class com.google.common.collect.Interners$InternerBuilder                             : loaded 2 times (x 72B)
Class com.google.common.io.Files$FileByteSource                                       : loaded 2 times (x 81B)
Class com.google.common.collect.ImmutableList$ReverseImmutableList                    : loaded 2 times (x 204B)
Class com.google.common.base.JdkPattern                                               : loaded 2 times (x 71B)
Class org.jetbrains.kotlin.gradle.plugin.statistics.KotlinStdlibConfigurationMetrics$collectMetrics$1: loaded 2 times (x 75B)
Class org.jetbrains.kotlin.compilerRunner.KotlinCompilerArgumentsLogLevel$Companion   : loaded 2 times (x 67B)
Class org.jetbrains.kotlin.gradle.plugin.DefaultKotlinBasePlugin$addKotlinCompilerConfiguration$3$1: loaded 2 times (x 75B)
Class org.jetbrains.kotlin.gradle.tasks.AbstractKotlinCompile$defaultKotlinJavaToolchain$1: loaded 2 times (x 74B)
Class org.jetbrains.kotlin.gradle.report.BuildReportsService                          : loaded 2 times (x 68B)
Class org.jetbrains.kotlin.daemon.common.MultiModuleICSettings                        : loaded 2 times (x 68B)
Class org.jetbrains.kotlin.cli.common.arguments.Freezable                             : loaded 2 times (x 68B)
Class org.jetbrains.kotlin.gradle.internal.transforms.BuildToolsApiClasspathEntrySnapshotTransform$Parameters: loaded 2 times (x 83B)
Class org.jetbrains.kotlin.gradle.plugin.KotlinCompilationInfoKt                      : loaded 2 times (x 67B)
Class org.jetbrains.kotlin.gradle.tasks.KotlinCompile                                 : loaded 2 times (x 494B)
Class org.jetbrains.kotlin.gradle.plugin.AbstractKotlinPluginWrapper                  : loaded 2 times (x 83B)
Class org.jetbrains.kotlin.gradle.internal.StdlibDependencyManagementKt               : loaded 2 times (x 67B)
Class org.jetbrains.kotlin.konan.target.KonanTarget$MINGW_X64                         : loaded 2 times (x 74B)
Class org.jetbrains.kotlin.gradle.dsl.PlatformSourceSetConventionsChecker$runChecks$2 : loaded 2 times (x 74B)
Class org.jetbrains.kotlin.gradle.utils.ObservableSet                                 : loaded 2 times (x 66B)
Class org.jetbrains.kotlin.gradle.plugin.diagnostics.KotlinToolingDiagnosticsCollectorKt: loaded 2 times (x 67B)
Class org.jetbrains.kotlin.gradle.plugin.mpp.HierarchyAttributeContainer              : loaded 2 times (x 79B)
Class org.jetbrains.kotlin.gradle.tasks.UsesKotlinJavaToolchain                       : loaded 2 times (x 66B)
Class org.jetbrains.kotlin.gradle.plugin.DefaultKotlinBasePlugin$apply$1              : loaded 2 times (x 71B)
Class org.jetbrains.kotlin.statistics.metrics.StringOverridePolicy$OVERRIDE           : loaded 2 times (x 81B)
Class org.jetbrains.kotlin.gradle.internal.properties.PropertiesBuildService$Params_Decorated: loaded 2 times (x 133B)
Class org.objectweb.asm.SymbolTable$Entry                                             : loaded 2 times (x 70B)
Class com.google.common.io.CharStreams$NullWriter                                     : loaded 2 times (x 95B)
Class com.google.errorprone.annotations.DoNotMock                                     : loaded 2 times (x 66B)
Class com.google.common.util.concurrent.AbstractFuture$AtomicHelper                   : loaded 2 times (x 72B)
Class org.jetbrains.kotlin.gradle.plugin.mpp.KotlinTargetComponentWithCoordinatesAndPublication: loaded 2 times (x 66B)
Class org.jetbrains.kotlin.gradle.incremental.UsesIncrementalModuleInfoBuildService   : loaded 2 times (x 66B)
Class org.jetbrains.kotlin.konan.target.KonanTarget$ANDROID_X86                       : loaded 2 times (x 74B)
Class org.jetbrains.kotlin.gradle.dsl.PlatformSourceSetConventionsChecker$runChecks$3 : loaded 2 times (x 74B)
Class org.jetbrains.kotlin.gradle.plugin.RegisterKotlinPluginExtensionsKt             : loaded 2 times (x 67B)
Class org.jetbrains.kotlin.gradle.plugin.mpp.resources.resolve.KotlinTargetResourcesResolutionStrategy: loaded 2 times (x 75B)
Class org.jetbrains.kotlin.gradle.utils.CompilerOptionsKt$configureExperimentalTryNext$1$1: loaded 2 times (x 74B)
Class org.jetbrains.kotlin.gradle.utils.CompilerOptionsKt                             : loaded 2 times (x 67B)
Class org.jetbrains.kotlin.gradle.utils.SingleAction                                  : loaded 2 times (x 69B)
Class org.jetbrains.kotlin.gradle.plugin.PropertiesProvider$Companion                 : loaded 2 times (x 67B)
Class org.jetbrains.kotlin.gradle.plugin.internal.DefaultConfigurationTimePropertiesAccessorVariantFactory: loaded 2 times (x 72B)
Class org.objectweb.asm.Edge                                                          : loaded 2 times (x 68B)
Class com.google.common.base.Suppliers$SupplierOfInstance                             : loaded 2 times (x 75B)
Class com.google.common.collect.Iterators$1                                           : loaded 2 times (x 77B)
Class Build_gradle$2$1                                                                : loaded 2 times (x 70B)
Class org.jetbrains.kotlin.gradle.tasks.KotlinCompile$defaultKotlinJavaToolchain$1    : loaded 2 times (x 75B)
Class org.jetbrains.kotlin.gradle.tasks.KotlinJavaToolchain$JavaToolchainSetter       : loaded 2 times (x 66B)
Class org.jetbrains.kotlin.gradle.dsl.PlatformSourceSetConventionsChecker$runChecks$4 : loaded 2 times (x 74B)
Class org.jetbrains.kotlin.gradle.plugin.diagnostics.checkers.JsLikeEnvironmentChecker$runChecks$1: loaded 2 times (x 84B)
Class org.jetbrains.kotlin.gradle.plugin.diagnostics.UsesKotlinToolingDiagnostics     : loaded 2 times (x 66B)
Class org.jetbrains.kotlin.gradle.plugin.diagnostics.KotlinToolingDiagnostics$WasmJsEnvironmentNotChosenExplicitly: loaded 2 times (x 69B)
Class org.jetbrains.kotlin.tooling.core.ExtrasPropertyKt$extrasLazyProperty$1         : loaded 2 times (x 90B)
Class org.jetbrains.kotlin.statistics.metrics.BooleanAnonymizationPolicy$SAFE         : loaded 2 times (x 81B)
Class com.google.common.cache.LocalCache$ComputingValueReference                      : loaded 2 times (x 92B)
Class com.google.common.collect.SingletonImmutableSet                                 : loaded 2 times (x 142B)
Class com.google.common.collect.ImmutableMap$IteratorBasedImmutableMap                : loaded 2 times (x 121B)
Class org.jetbrains.kotlin.gradle.internal.KotlinDependenciesManagementKt$configureDefaultVersionsResolutionStrategy$1$1$1: loaded 2 times (x 71B)
Class org.jetbrains.kotlin.gradle.plugin.mpp.compilationImpl.DefaultKotlinCompilationSourceSetsContainer$allKotlinSourceSetsImpl$1$1: loaded 2 times (x 121B)
Class org.jetbrains.kotlin.gradle.plugin.mpp.compilationImpl.DefaultKotlinCompilationSourceSetsContainer: loaded 2 times (x 74B)
Class org.jetbrains.kotlin.konan.target.KonanTarget$TVOS_SIMULATOR_ARM64              : loaded 2 times (x 74B)
Class org.jetbrains.kotlin.konan.target.KonanTarget$Companion                         : loaded 2 times (x 67B)
Class org.jetbrains.kotlin.gradle.plugin.KotlinPluginLifecycle$Stage$Companion        : loaded 2 times (x 67B)
Class org.jetbrains.kotlin.gradle.plugin.diagnostics.checkers.DeprecatedKotlinNativeTargetsChecker: loaded 2 times (x 70B)
Class org.jetbrains.kotlin.gradle.targets.native.ConfigureFrameworkExportSideEffectKt$special$$inlined$KotlinTargetSideEffect$1: loaded 2 times (x 70B)
Class org.jetbrains.kotlin.tooling.core.AbstractExtras                                : loaded 2 times (x 137B)
Class org.jetbrains.kotlin.gradle.targets.native.toolchain.KotlinNativeBundleArtifactFormat$addKotlinNativeBundleConfiguration$1: loaded 2 times (x 75B)
Class org.jetbrains.kotlin.gradle.plugin.internal.KotlinTestReportCompatibilityHelper : loaded 2 times (x 66B)
Class com.google.common.cache.LocalCache$Segment                                      : loaded 2 times (x 150B)
Class org.jetbrains.kotlin.build.report.metrics.BuildTimes                            : loaded 2 times (x 68B)
Class org.jetbrains.kotlin.gradle.tasks.KotlinCompile$ClasspathSnapshotProperties     : loaded 2 times (x 71B)
Class org.jetbrains.kotlin.gradle.internal.StdlibDependencyManagementKt$addStdlibDependency$1$1: loaded 2 times (x 75B)
Class org.jetbrains.kotlin.gradle.tasks.configuration.BaseKotlinCompileConfig$2$1     : loaded 2 times (x 71B)
Class org.jetbrains.kotlin.gradle.plugin.diagnostics.TransformActionUsingKotlinToolingDiagnostics: loaded 2 times (x 66B)
Class org.jetbrains.kotlin.gradle.dsl.PlatformSourceSetConventionsChecker$runChecks$6 : loaded 2 times (x 84B)
Class org.jetbrains.kotlin.gradle.plugin.sources.DefaultKotlinSourceSet_Decorated     : loaded 2 times (x 188B)
Class org.jetbrains.kotlin.gradle.plugin.mpp.KotlinVariantWithCoordinates             : loaded 2 times (x 104B)
Class org.jetbrains.kotlin.gradle.plugin.mpp.KotlinCompilationsKt                     : loaded 2 times (x 67B)
Class org.jetbrains.kotlin.statistics.metrics.StringOverridePolicy                    : loaded 2 times (x 81B)
Class org.jetbrains.kotlin.gradle.plugin.statistics.DefaultKotlinBuildStatsBeanService: loaded 2 times (x 88B)
Class [Lorg.objectweb.asm.SymbolTable$Entry;                                          : loaded 2 times (x 65B)
Class com.google.common.collect.SortedIterable                                        : loaded 2 times (x 66B)
Class com.google.common.cache.CacheLoader                                             : loaded 2 times (x 70B)
Class com.google.common.collect.Iterators$4                                           : loaded 2 times (x 78B)
Class com.google.common.collect.ImmutableBiMap                                        : loaded 2 times (x 139B)
Class com.google.common.collect.AbstractListMultimap                                  : loaded 2 times (x 168B)
Class org.gradle.internal.installation.GradleInstallation$1                           : loaded 2 times (x 71B)
Class org.gradle.api.internal.classpath.ModuleRegistry                                : loaded 2 times (x 66B)
Class org.jetbrains.kotlin.gradle.logging.GradleKotlinLogger                          : loaded 2 times (x 76B)
Class org.jetbrains.kotlin.gradle.plugin.KotlinPluginLifecycle$ProjectConfigurationResult: loaded 2 times (x 67B)
Class org.jetbrains.kotlin.gradle.internal.KotlinDependenciesManagementKt$configureDefaultVersionsResolutionStrategy$1: loaded 2 times (x 71B)
Class org.jetbrains.kotlin.gradle.internal.StdlibDependencyManagementKt$configureStdlibDefaultDependency$1: loaded 2 times (x 75B)
Class org.jetbrains.kotlin.gradle.model.builder.KotlinModelBuilder$Companion          : loaded 2 times (x 67B)
Class org.jetbrains.kotlin.gradle.plugin.mpp.compilationImpl.KotlinCreateResourcesTaskSideEffectKt: loaded 2 times (x 67B)
Class org.jetbrains.kotlin.gradle.targets.native.internal.SetupKotlinNativePlatformDependenciesAndStdlibKt: loaded 2 times (x 67B)
Class [Lorg.jetbrains.kotlin.gradle.plugin.mpp.resources.resolve.KotlinTargetResourcesResolutionStrategy;: loaded 2 times (x 65B)
Class org.jetbrains.kotlin.gradle.plugin.mpp.KotlinUsages                             : loaded 2 times (x 67B)
Class org.jetbrains.kotlin.gradle.internal.properties.NativePropertiesLoader$Companion: loaded 2 times (x 67B)
Class [Lorg.jetbrains.kotlin.build.report.metrics.GradleBuildPerformanceMetric;       : loaded 2 times (x 65B)
Class org.jetbrains.kotlin.gradle.plugin.statistics.KotlinBuildStatsBeanService$Companion: loaded 2 times (x 67B)
Class org.jetbrains.kotlin.gradle.plugin.statistics.BuildFusService$Companion         : loaded 2 times (x 67B)
Class com.google.common.util.concurrent.internal.InternalFutureFailureAccess          : loaded 2 times (x 68B)
Class com.google.common.collect.Iterators$5                                           : loaded 2 times (x 78B)
Class com.google.common.collect.ImmutableSet$JdkBackedSetBuilderImpl                  : loaded 2 times (x 72B)
Class com.google.common.base.Splitter$SplittingIterator                               : loaded 2 times (x 80B)
Class org.jetbrains.kotlin.gradle.plugin.HasCompilerOptions                           : loaded 2 times (x 66B)
Class org.jetbrains.kotlin.gradle.plugin.mpp.compilationImpl.DefaultKotlinCompilationFriendPathsResolver$FriendArtifactResolver: loaded 2 times (x 66B)
Class org.jetbrains.kotlin.konan.target.KonanTarget$WATCHOS_SIMULATOR_ARM64           : loaded 2 times (x 74B)
Class org.jetbrains.kotlin.gradle.targets.js.ir.KotlinJsIrTarget                      : loaded 2 times (x 254B)
Class org.jetbrains.kotlin.gradle.plugin.mpp.DefaultKotlinUsageContext                : loaded 2 times (x 104B)
Class org.jetbrains.kotlin.gradle.plugin.KotlinPluginLifecycleImpl$start$3            : loaded 2 times (x 75B)
Class org.jetbrains.kotlin.gradle.plugin.KotlinMultiplatformPluginWrapper             : loaded 2 times (x 83B)
Class [Lorg.jetbrains.kotlin.statistics.metrics.BooleanMetrics;                       : loaded 2 times (x 65B)
Class org.jetbrains.kotlin.gradle.internal.properties.PropertiesBuildService$Companion: loaded 2 times (x 67B)
Class com.google.common.collect.ImmutableMultimap$Values                              : loaded 2 times (x 122B)
Class com.google.common.io.Closer$SuppressingSuppressor                               : loaded 2 times (x 71B)
Class com.google.common.util.concurrent.AbstractFuture$UnsafeAtomicHelper             : loaded 2 times (x 72B)
Class com.google.common.cache.LocalCache$LocalManualCache$1                           : loaded 2 times (x 71B)
Class com.google.common.base.CharMatcher$ForPredicate                                 : loaded 2 times (x 108B)
Class build_9egvbszqoyspq6g1seieubkyg$_run_closure1                                   : loaded 2 times (x 135B)
Class org.jetbrains.kotlin.gradle.plugin.mpp.compilationImpl.KotlinCompilationConfigurationsContainer: loaded 2 times (x 66B)
Class org.jetbrains.kotlin.gradle.internal.StdlibDependencyManagementKt$addStdlibDependency$1: loaded 2 times (x 71B)
Class [Lorg.jetbrains.kotlin.gradle.plugin.KotlinPluginLifecycle$CoroutineStart;      : loaded 2 times (x 65B)
Class org.jetbrains.kotlin.gradle.dsl.IosSourceSetConventionChecker                   : loaded 2 times (x 70B)
Class org.jetbrains.kotlin.gradle.plugin.diagnostics.KotlinGradleProjectChecker       : loaded 2 times (x 66B)
Class org.jetbrains.kotlin.gradle.dsl.KotlinMultiplatformSourceSetConventions         : loaded 2 times (x 66B)
Class org.jetbrains.kotlin.gradle.plugin.sources.KotlinSourceSetFactory$Companion     : loaded 2 times (x 67B)
Class org.jetbrains.kotlin.statistics.metrics.NumberOverridePolicy$SUM                : loaded 2 times (x 81B)
Class org.jetbrains.kotlin.gradle.plugin.internal.SourceSetCompatibilityHelper        : loaded 2 times (x 66B)
Class org.jetbrains.kotlin.gradle.plugin.internal.DefaultArtifactTypeAttributeAccessorVariantFactory: loaded 2 times (x 72B)
Class org.jetbrains.kotlin.gradle.plugin.internal.MppTestReportHelper$MppTestReportHelperVariantFactory: loaded 2 times (x 66B)
Class build_5pvf9z7ljmsulvluhpmmfjofy$_run_closure1                                   : loaded 2 times (x 135B)
Class com.google.common.collect.ImmutableCollection                                   : loaded 2 times (x 121B)
Class com.google.common.base.CharMatcher$AnyOf                                        : loaded 2 times (x 108B)
Class org.gradle.api.internal.classpath.DefaultModuleRegistry                         : loaded 2 times (x 82B)
Class org.jetbrains.kotlin.gradle.plugin.internal.state.TaskExecutionResults          : loaded 2 times (x 67B)
Class org.jetbrains.kotlin.gradle.plugin.statistics.BuildFusService$Parameters$Inject : loaded 2 times (x 108B)
Class org.jetbrains.kotlin.compilerRunner.KotlinCompilerArgumentsLogLevel             : loaded 2 times (x 75B)
Class org.jetbrains.kotlin.gradle.plugin.mpp.compilationImpl.factory.CompositePostConfigure: loaded 2 times (x 71B)
Class org.jetbrains.kotlin.gradle.targets.native.internal.CInteropConfigurationsKt    : loaded 2 times (x 67B)
Class org.jetbrains.kotlin.build.report.metrics.GradleBuildTime$Companion             : loaded 2 times (x 67B)
Class org.jetbrains.kotlin.statistics.metrics.StatisticsValuesConsumer                : loaded 2 times (x 66B)
Class com.google.common.util.concurrent.ListenableFuture                              : loaded 2 times (x 66B)
Class com.google.common.cache.ReferenceEntry                                          : loaded 2 times (x 66B)
Class com.google.common.collect.ImmutableSet$CachingAsList                            : loaded 2 times (x 143B)
Class com.google.common.base.Converter                                                : loaded 2 times (x 86B)
Class com.google.common.collect.Lists                                                 : loaded 2 times (x 67B)
Class com.google.common.base.CharMatcher$Any                                          : loaded 2 times (x 108B)
Class build_21ee054fu7a1bvqcpx38lnwjl                                                 : loaded 2 times (x 180B)
Class build_7n7z1bg6bv5jkt8polj4pv5nb                                                 : loaded 2 times (x 179B)
Class org.jetbrains.kotlin.gradle.plugin.statistics.NonSynchronizedMetricsContainer   : loaded 2 times (x 73B)
Class org.jetbrains.kotlin.gradle.tasks.KotlinCompilerExecutionStrategy$Companion     : loaded 2 times (x 67B)
Class org.jetbrains.kotlin.gradle.plugin.CompilerPluginConfig                         : loaded 2 times (x 68B)
Class org.jetbrains.kotlin.gradle.model.builder.KotlinModelBuilder                    : loaded 2 times (x 72B)
Class [Lorg.jetbrains.kotlin.tooling.core.HasMutableExtras;                           : loaded 2 times (x 65B)
Class org.jetbrains.kotlin.gradle.plugin.diagnostics.checkers.GradleDeprecatedPropertyChecker: loaded 2 times (x 70B)
Class org.jetbrains.kotlin.gradle.artifacts.KotlinJsKlibArtifactKt$KotlinJsKlibArtifact$1: loaded 2 times (x 70B)
Class org.jetbrains.kotlin.gradle.targets.CreateTargetConfigurationsSideEffectKt      : loaded 2 times (x 67B)
Class org.jetbrains.kotlin.gradle.plugin.mpp.ApplyUserDefinedAttributesKt$UserDefinedAttributesSetupAction$1: loaded 2 times (x 91B)
Class org.jetbrains.kotlin.gradle.plugin.mpp.KotlinAndroidTarget                      : loaded 2 times (x 159B)
Class org.jetbrains.kotlin.gradle.plugin.DefaultKotlinBasePlugin$addKotlinCompilerConfiguration$1: loaded 2 times (x 71B)
Class org.jetbrains.kotlin.gradle.plugin.internal.DefaultCompatibilityConventionRegistrar: loaded 2 times (x 70B)
Class org.jetbrains.kotlin.gradle.plugin.PropertiesProvider                           : loaded 2 times (x 68B)
Class com.google.common.util.concurrent.AbstractFuture                                : loaded 2 times (x 102B)
Class com.google.common.base.FunctionalEquivalence                                    : loaded 2 times (x 79B)
Class com.google.common.collect.Iterators$9                                           : loaded 2 times (x 77B)
Class com.google.common.collect.AbstractMapBasedMultimap                              : loaded 2 times (x 135B)
Class com.google.common.collect.ImmutableAsList                                       : loaded 2 times (x 205B)
Class build_b7spkw6yzqlh2p0qz8jx0ut56                                                 : loaded 2 times (x 177B)
Class [Lorg.jetbrains.kotlin.gradle.dsl.jvm.JvmTargetValidationMode;                  : loaded 2 times (x 65B)
Class org.jetbrains.kotlin.gradle.tasks.DefaultKotlinJavaToolchain$javaVersion$1      : loaded 2 times (x 70B)
Class org.jetbrains.kotlin.gradle.plugin.mpp.MppSourcesJarKt$sourcesJarTask$1         : loaded 2 times (x 91B)
Class org.jetbrains.kotlin.gradle.plugin.mpp.compilationImpl.factory.KotlinCompilationImplFactory$KotlinCompilationOutputFactory: loaded 2 times (x 66B)
Class org.jetbrains.kotlin.konan.target.TargetSupportException                        : loaded 2 times (x 78B)
Class org.jetbrains.kotlin.gradle.plugin.KotlinCompilationToRunnableFiles             : loaded 2 times (x 66B)
Class org.jetbrains.kotlin.gradle.tooling.BuildKotlinToolingMetadataTaskKt            : loaded 2 times (x 67B)
Class org.jetbrains.kotlin.gradle.plugin.ProjectLocalConfigurations$setupAttributesMatchingStrategy$1$1: loaded 2 times (x 70B)
Class org.jetbrains.kotlin.gradle.targets.native.toolchain.KotlinNativeBundleBuildService$Companion$registerIfAbsent$2$1$1: loaded 2 times (x 71B)
Class org.jetbrains.kotlin.gradle.internal.properties.NativePropertiesLoader$isUseEmbeddableCompilerJar$1: loaded 2 times (x 71B)
Class org.jetbrains.kotlin.statistics.BuildSessionLogger$Companion                    : loaded 2 times (x 67B)
Class org.jetbrains.kotlin.gradle.plugin.internal.DefaultArtifactTypeAttributeAccessor: loaded 2 times (x 70B)
Class org.jetbrains.kotlin.gradle.plugin.internal.DefaultIdeaSyncDetectorVariantFactory: loaded 2 times (x 72B)
Class org.jetbrains.kotlin.gradle.plugin.internal.DefaultBasePluginConfigurationVariantFactory: loaded 2 times (x 72B)
Class org.objectweb.asm.RecordComponentVisitor                                        : loaded 2 times (x 73B)
Class com.google.common.io.CharStreams                                                : loaded 2 times (x 67B)
Class com.google.common.collect.ImmutableMultiset                                     : loaded 2 times (x 159B)
Class com.google.common.cache.CacheLoader$SupplierToCacheLoader                       : loaded 2 times (x 71B)
Class build_4iye2segy4f42tcs1beda49jh$_run_closure1                                   : loaded 2 times (x 135B)
Class org.jetbrains.kotlin.gradle.targets.js.npm.SemverKt                             : loaded 2 times (x 67B)
Class org.jetbrains.kotlin.gradle.internal.StdlibDependencyManagementKt$isStdlibAddedByUser$1: loaded 2 times (x 75B)
Class org.jetbrains.kotlin.gradle.plugin.mpp.KotlinCompilationsKt$sam$java_util_concurrent_Callable$0: loaded 2 times (x 71B)
Class org.jetbrains.kotlin.gradle.tasks.KotlinCompilerPluginData                      : loaded 2 times (x 68B)
Class org.jetbrains.kotlin.gradle.plugin.mpp.MppSourcesJarKt                          : loaded 2 times (x 67B)
Class org.jetbrains.kotlin.compilerRunner.CompilerSystemPropertiesService$Companion$registerIfAbsent$2$1$1: loaded 2 times (x 71B)
Class org.jetbrains.kotlin.gradle.plugin.KotlinCompilationInfo                        : loaded 2 times (x 84B)
Class org.jetbrains.kotlin.gradle.tasks.BaseKotlinCompile                             : loaded 2 times (x 66B)
Class org.jetbrains.kotlin.gradle.plugin.internal.UsesBuildIdProviderService          : loaded 2 times (x 66B)
Class org.jetbrains.kotlin.gradle.plugin.mpp.compilationImpl.KotlinCompilationSourceSetInclusion$include$1: loaded 2 times (x 75B)
Class org.jetbrains.kotlin.gradle.plugin.mpp.compilationImpl.factory.KotlinCompilationImplFactory$KotlinCompilationDependencyConfigurationsFactory: loaded 2 times (x 66B)
Class org.jetbrains.kotlin.gradle.plugin.KotlinPluginLifecycleCoroutineContextElement$Key: loaded 2 times (x 67B)
Class org.jetbrains.kotlin.gradle.internal.IdeaKt                                     : loaded 2 times (x 67B)
Class org.jetbrains.kotlin.gradle.plugin.diagnostics.KotlinToolingDiagnosticsSetupActionKt$KotlinToolingDiagnosticsSetupAction$1: loaded 2 times (x 70B)
Class org.jetbrains.kotlin.tooling.core.ExtrasPropertyKt                              : loaded 2 times (x 67B)
Class org.jetbrains.kotlin.gradle.dsl.KotlinProjectExtensionKt                        : loaded 2 times (x 67B)
Class org.jetbrains.kotlin.gradle.plugin.KotlinGradleBuildServices$Parameters_Decorated: loaded 2 times (x 130B)
Class org.jetbrains.kotlin.gradle.plugin.DefaultKotlinBasePlugin$addKotlinCompilerConfiguration$3: loaded 2 times (x 71B)
Class [Lorg.jetbrains.kotlin.statistics.metrics.IMetricContainerFactory;              : loaded 2 times (x 65B)
Class org.jetbrains.kotlin.gradle.plugin.internal.ArtifactTypeAttributeAccessor       : loaded 2 times (x 66B)
Class org.jetbrains.kotlin.gradle.plugin.internal.ArtifactTypeAttributeAccessor$ArtifactTypeAttributeAccessorVariantFactory: loaded 2 times (x 66B)
Class org.jetbrains.kotlin.gradle.plugin.internal.ConfigurationTimePropertiesAccessor$ConfigurationTimePropertiesAccessorVariantFactory: loaded 2 times (x 66B)
Class com.google.common.collect.Maps$EntryTransformer                                 : loaded 2 times (x 66B)
Class org.gradle.internal.service.ServiceLookupException                              : loaded 2 times (x 78B)
Class build_d3kfrnpfyxowrw819wj6jp7x0$_run_closure1                                   : loaded 2 times (x 135B)
Class org.jetbrains.kotlin.gradle.plugin.statistics.BuildFusService$Inject            : loaded 2 times (x 100B)
Class org.jetbrains.kotlin.gradle.internal.StdlibDependencyManagementKt$isStdlibAddedByUser$2: loaded 2 times (x 74B)
Class org.jetbrains.kotlin.gradle.tasks.GradleCompileTaskProvider_Decorated           : loaded 2 times (x 117B)
Class org.jetbrains.kotlin.build.report.statistics.BuildStartParameters               : loaded 2 times (x 68B)
Class org.jetbrains.kotlin.gradle.plugin.hierarchy.KotlinSourceSetTreeClassifierKt$sourceSetTreeClassifier$2: loaded 2 times (x 74B)
Class org.jetbrains.kotlin.konan.target.HostManager                                   : loaded 2 times (x 68B)
Class org.jetbrains.kotlin.gradle.targets.js.npm.NpmDirectoryDependencyExtension      : loaded 2 times (x 66B)
Class org.jetbrains.kotlin.gradle.plugin.mpp.KotlinUsageContext$MavenScope            : loaded 2 times (x 75B)
Class org.jetbrains.kotlin.gradle.targets.native.KotilnNativeConfigureBinariesSideEffectKt$special$$inlined$KotlinTargetSideEffect$1: loaded 2 times (x 70B)
Class org.jetbrains.kotlin.gradle.plugin.KotlinProjectSetupAction$Companion           : loaded 2 times (x 67B)
Class com.google.common.collect.ImmutableSortedSet                                    : loaded 2 times (x 295B)
Class [Lcom.google.common.cache.LocalCache$EntryFactory;                              : loaded 2 times (x 65B)
Class com.google.common.base.CharMatcher$JavaLetter                                   : loaded 2 times (x 107B)
Class org.gradle.internal.classloader.ClassLoaderFactory                              : loaded 2 times (x 66B)
Class org.jetbrains.kotlin.gradle.tasks.DefaultKotlinJavaToolchain$currentJvmJdkToolsJar$1: loaded 2 times (x 70B)
Class org.jetbrains.kotlin.gradle.plugin.SubpluginEnvironment                         : loaded 2 times (x 68B)
Class org.jetbrains.kotlin.gradle.internal.StdlibDependencyManagementKt$addStdlibDependency$1$1$1: loaded 2 times (x 71B)
Class org.jetbrains.kotlin.gradle.plugin.sources.AbstractKotlinSourceSet              : loaded 2 times (x 137B)
Class org.jetbrains.kotlin.gradle.tooling.BuildKotlinToolingMetadataTaskKt$RegisterBuildKotlinToolingMetadataTask$1: loaded 2 times (x 70B)
Class org.jetbrains.kotlin.compilerRunner.GradleCliCommonizerKt$maybeCreateCommonizerClasspathConfiguration$1$1: loaded 2 times (x 71B)
Class [Lorg.jetbrains.kotlin.build.report.metrics.ValueType;                          : loaded 2 times (x 65B)
Class com.google.common.cache.LocalCache$LocalManualCache                             : loaded 2 times (x 95B)
Class com.google.common.base.CharMatcher$IsNot                                        : loaded 2 times (x 107B)
Class com.google.common.base.CommonPattern                                            : loaded 2 times (x 70B)
Class org.gradle.internal.service.CachingServiceLocator                               : loaded 2 times (x 78B)
Class build_21ee054fu7a1bvqcpx38lnwjl$_run_closure1                                   : loaded 2 times (x 136B)
Class org.jetbrains.kotlin.gradle.dsl.jvm.JvmTargetValidationMode                     : loaded 2 times (x 75B)
Class org.jetbrains.kotlin.gradle.tasks.configuration.TaskConfigAction$sam$org_gradle_api_Action$0: loaded 2 times (x 71B)
Class org.jetbrains.kotlin.gradle.plugin.BuildFinishedListenerService$Companion$registerIfAbsent$2$1: loaded 2 times (x 75B)
Class org.jetbrains.kotlin.gradle.plugin.KotlinTargetConfiguratorKt$WhenMappings      : loaded 2 times (x 67B)
Class org.jetbrains.kotlin.gradle.internal.KotlinTestDependencyManagementKt$configureKotlinTestDependency$1: loaded 2 times (x 75B)
Class org.jetbrains.kotlin.gradle.plugin.diagnostics.checkers.OverriddenKotlinNativeHomeChecker$StdlibExistenceCheckerValueSource$Params_Decorated: loaded 2 times (x 130B)
Class org.jetbrains.kotlin.project.model.LanguageSettings                             : loaded 2 times (x 66B)
Class org.jetbrains.kotlin.gradle.plugin.KotlinPluginLifecycleKt$kotlinPluginLifecycle$2: loaded 2 times (x 74B)
Class org.jetbrains.kotlin.gradle.plugin.statistics.BuildFusService$Companion$registerIfAbsent$1$1: loaded 2 times (x 75B)
Class org.jetbrains.kotlin.gradle.plugin.BuildFinishFlowAction$Parameters_Decorated   : loaded 2 times (x 133B)
Class org.jetbrains.kotlin.gradle.plugin.internal.BasePluginConfiguration             : loaded 2 times (x 66B)
Class org.jetbrains.kotlin.gradle.plugin.internal.CompatibilityConventionRegistrar$Factory: loaded 2 times (x 66B)
Class com.google.common.collect.AbstractMapBasedMultimap$KeySet                       : loaded 2 times (x 133B)
Class com.google.common.collect.RegularImmutableSortedSet                             : loaded 2 times (x 295B)
Class com.google.common.math.IntMath                                                  : loaded 2 times (x 67B)
Class org.jetbrains.kotlin.gradle.plugin.diagnostics.CheckKotlinGradlePluginConfigurationErrorsKt$locateOrRegisterCheckKotlinGradlePluginErrorsTask$taskProvider$1$1: loaded 2 times (x 71B)
Class org.jetbrains.kotlin.gradle.plugin.mpp.InternalKotlinCompilation$DefaultImpls   : loaded 2 times (x 67B)
Class org.jetbrains.kotlin.gradle.plugin.mpp.compilationImpl.KotlinCompilationSourceSetInclusion$DefaultAddSourcesToCompileTask: loaded 2 times (x 70B)
Class org.jetbrains.kotlin.gradle.internal.KotlinTestDependencyManagementKt$configureKotlinTestDependency$2: loaded 2 times (x 71B)
Class org.jetbrains.kotlin.gradle.dsl.PlatformSourceSetConventionsChecker$runChecks$$inlined$CheckedPlatformInfo$default$1: loaded 2 times (x 74B)
Class [Lorg.jetbrains.kotlin.gradle.plugin.KotlinPluginLifecycle$Stage;               : loaded 2 times (x 65B)
Class org.jetbrains.kotlin.gradle.artifacts.KotlinTargetArtifact$Companion            : loaded 2 times (x 67B)
Class org.jetbrains.kotlin.gradle.plugin.mpp.compilationImpl.KotlinCreateLifecycleTasksSideEffectKt$KotlinCreateLifecycleTasksSideEffect$1: loaded 2 times (x 70B)
Class org.jetbrains.kotlin.gradle.targets.metadata.KotlinMetadataTargetConfiguratorKt$metadataCompilationsCreated$2: loaded 2 times (x 74B)
Class org.jetbrains.kotlin.gradle.dsl.KotlinGradlePluginDsl                           : loaded 2 times (x 66B)
Class org.jetbrains.kotlin.tooling.core.MutableExtras                                 : loaded 2 times (x 66B)
Class org.jetbrains.kotlin.gradle.plugin.KotlinGradleBuildServices$detectKotlinPluginLoadedInMultipleProjects$onRegister$1: loaded 2 times (x 75B)
Class org.jetbrains.kotlin.build.report.metrics.BuildTime                             : loaded 2 times (x 66B)
Class org.jetbrains.kotlin.gradle.targets.js.nodejs.UnameExecutor                     : loaded 2 times (x 66B)
Class com.google.common.collect.MapMakerInternalMap$InternalEntry                     : loaded 2 times (x 66B)
Class com.google.common.collect.Iterators$10                                          : loaded 2 times (x 77B)
Class com.google.common.collect.ImmutableMapEntry                                     : loaded 2 times (x 81B)
Class com.google.common.base.CharMatcher$JavaDigit                                    : loaded 2 times (x 107B)
Class org.jetbrains.kotlin.gradle.plugin.diagnostics.CheckKotlinGradlePluginConfigurationErrorsKt$locateOrRegisterCheckKotlinGradlePluginErrorsTask$taskProvider$1$2: loaded 2 times (x 70B)
Class org.jetbrains.kotlin.gradle.tasks.CompileUsingKotlinDaemon                      : loaded 2 times (x 66B)
Class org.jetbrains.kotlin.gradle.plugin.mpp.KotlinWithJavaTarget                     : loaded 2 times (x 160B)
Class org.jetbrains.kotlin.gradle.plugin.internal.IdeaPropertiesValueSource$Parameters_Decorated: loaded 2 times (x 130B)
Class org.jetbrains.kotlin.gradle.plugin.mpp.compilationImpl.KotlinCreateNativeCompileTasksSideEffectKt$special$$inlined$KotlinCompilationSideEffect$1: loaded 2 times (x 70B)
Class org.jetbrains.kotlin.gradle.targets.KotlinTargetSideEffect$Companion            : loaded 2 times (x 67B)
Class org.jetbrains.kotlin.gradle.dsl.KotlinSingleJavaTargetExtension                 : loaded 2 times (x 96B)
Class org.jetbrains.kotlin.gradle.utils.StoredPropertyKt$extrasStoredProperty$1       : loaded 2 times (x 74B)
Class org.jetbrains.kotlin.gradle.plugin.KotlinPluginLifecycle$IllegalLifecycleException: loaded 2 times (x 78B)
Class org.jetbrains.kotlin.gradle.plugin.KotlinGradleFinishBuildHandler               : loaded 2 times (x 68B)
Class org.jetbrains.kotlin.gradle.internal.properties.NativePropertiesLoader$userProvidedNativeHome$1: loaded 2 times (x 71B)
Class [Lorg.jetbrains.kotlin.build.report.metrics.BuildPerformanceMetric;             : loaded 2 times (x 65B)
Class org.jetbrains.kotlin.statistics.metrics.StringOverridePolicy$CONCAT             : loaded 2 times (x 81B)
Class org.jetbrains.kotlin.gradle.dsl.KotlinTopLevelExtension                         : loaded 2 times (x 82B)
Class com.google.common.collect.ImmutableMultimap                                     : loaded 2 times (x 143B)
Class com.google.common.base.Equivalence                                              : loaded 2 times (x 78B)
Class com.google.common.collect.ImmutableMapEntry$NonTerminalImmutableMapEntry        : loaded 2 times (x 81B)
Class com.google.common.base.Function                                                 : loaded 2 times (x 66B)
Class org.jetbrains.kotlin.gradle.plugin.ProjectLocalConfigurationsKt                 : loaded 2 times (x 67B)
Class org.jetbrains.kotlin.gradle.plugin.mpp.compilationImpl.factory.KotlinCompilationImplFactory: loaded 2 times (x 68B)
Class org.jetbrains.kotlin.gradle.internal.KotlinDomApiDependencyManagementKt$addKotlinDomApiDependency$1: loaded 2 times (x 71B)
Class org.jetbrains.kotlin.gradle.plugin.diagnostics.checkers.KotlinTargetAlreadyDeclaredChecker$runChecks$1: loaded 2 times (x 84B)
Class org.jetbrains.kotlin.gradle.plugin.mpp.KotlinTargetWithBinaries                 : loaded 2 times (x 157B)
Class [Lorg.jetbrains.kotlin.gradle.plugin.KotlinSourceSet;                           : loaded 2 times (x 65B)
Class org.jetbrains.kotlin.gradle.plugin.diagnostics.checkers.JsEnvironmentChecker$1  : loaded 2 times (x 74B)
Class org.jetbrains.kotlin.gradle.plugin.diagnostics.KotlinToolingDiagnostics$JsLikeEnvironmentNotChosenExplicitly: loaded 2 times (x 69B)
Class org.jetbrains.kotlin.gradle.plugin.KotlinTargetsContainerWithPresets            : loaded 2 times (x 66B)
Class org.jetbrains.kotlin.gradle.utils.StoredLazyProperty$getValue$1                 : loaded 2 times (x 75B)
Class org.jetbrains.kotlin.statistics.metrics.IMetricContainerFactory                 : loaded 2 times (x 66B)
Class org.jetbrains.kotlin.statistics.MetricValueValidationFailed                     : loaded 2 times (x 78B)
Class org.jetbrains.kotlin.gradle.plugin.PropertiesProvider$localProperties$2         : loaded 2 times (x 75B)
Class org.jetbrains.kotlin.gradle.plugin.internal.JavaSourceSetsAccessor$JavaSourceSetsAccessorVariantFactory: loaded 2 times (x 66B)
Class com.google.common.collect.IndexedImmutableSet$1                                 : loaded 2 times (x 208B)
Class com.google.common.cache.CacheBuilder$OneWeigher                                 : loaded 2 times (x 78B)
Class com.google.common.collect.RegularImmutableList                                  : loaded 2 times (x 208B)
Class org.jetbrains.kotlin.gradle.plugin.mpp.compilationImpl.DefaultKotlinCompilationFriendPathsResolver$resolveFriendPaths$1$1: loaded 2 times (x 75B)
Class org.jetbrains.kotlin.build.report.metrics.BuildMetricsReporterImpl              : loaded 2 times (x 94B)
Class org.jetbrains.kotlin.gradle.tasks.configuration.KaptGenerateStubsConfig         : loaded 2 times (x 68B)
Class org.jetbrains.kotlin.gradle.tasks.configuration.BaseKotlinCompileConfig$1$classpathConfiguration$jvmToolchain$1: loaded 2 times (x 70B)
Class org.jetbrains.kotlin.gradle.targets.js.npm.SemVer                               : loaded 2 times (x 71B)
Class org.jetbrains.kotlin.gradle.plugin.diagnostics.checkers.JsEnvironmentChecker$2  : loaded 2 times (x 74B)
Class org.jetbrains.kotlin.gradle.utils.WhenPluginEnabledKt$whenPluginsEnabled$1      : loaded 2 times (x 71B)
Class org.jetbrains.kotlin.gradle.tasks.AbstractKotlinCompileTool                     : loaded 2 times (x 362B)
Class [Lorg.jetbrains.kotlin.gradle.report.BuildReportType;                           : loaded 2 times (x 65B)
Class org.jetbrains.kotlin.gradle.plugin.statistics.KotlinBuildStatsConfiguration     : loaded 2 times (x 68B)
Class org.jetbrains.kotlin.gradle.internal.properties.PropertiesBuildService$localProperties$2: loaded 2 times (x 75B)
Class org.jetbrains.kotlin.gradle.plugin.internal.ConfigurationTimePropertiesAccessorKt: loaded 2 times (x 67B)
Class org.jetbrains.kotlin.gradle.plugin.internal.DefaultAttributeConfigurationHelperVariantFactory: loaded 2 times (x 72B)
Class com.google.common.collect.ImmutableBiMapFauxverideShim                          : loaded 2 times (x 116B)
Class org.jetbrains.kotlin.gradle.plugin.KotlinPluginLifecycleImpl$launch$coroutine$1 : loaded 2 times (x 72B)
Class org.gradle.internal.classloader.ClasspathUtil                                   : loaded 2 times (x 67B)
Class org.jetbrains.kotlin.gradle.dsl.KotlinCompile                                   : loaded 2 times (x 66B)
Class org.jetbrains.kotlin.gradle.plugin.mpp.compilationImpl.DefaultKotlinCompilationFriendPathsResolver$DefaultFriendArtifactResolver: loaded 2 times (x 70B)
Class org.jetbrains.kotlin.gradle.plugin.diagnostics.checkers.InternalGradlePropertiesUsageChecker$runChecks$1: loaded 2 times (x 84B)
Class org.jetbrains.kotlin.gradle.utils.StringUtilsKt$lowerCamelCaseName$1            : loaded 2 times (x 121B)
Class org.jetbrains.kotlin.gradle.plugin.diagnostics.checkers.JsEnvironmentChecker$3  : loaded 2 times (x 74B)
Class org.jetbrains.kotlin.gradle.artifacts.KotlinLegacyMetadataArtifactKt            : loaded 2 times (x 67B)
Class org.jetbrains.kotlin.gradle.dsl.JvmTarget$Companion                             : loaded 2 times (x 67B)
Class org.jetbrains.kotlin.gradle.internal.properties.NativePropertiesLoader$downloadFromMaven$1: loaded 2 times (x 71B)
Class org.jetbrains.kotlin.gradle.plugin.internal.DefaultConfigurationCacheStartParameterAccessor_Decorated: loaded 2 times (x 121B)
Class org.jetbrains.kotlin.gradle.plugin.internal.DefaultConfigurationCacheStartParameterAccessor: loaded 2 times (x 73B)
Class org.jetbrains.kotlin.tooling.core.HasExtras                                     : loaded 2 times (x 66B)
Class com.google.common.base.Charsets                                                 : loaded 2 times (x 67B)
Class com.google.common.util.concurrent.Uninterruptibles                              : loaded 2 times (x 67B)
Class org.jetbrains.kotlin.gradle.plugin.KotlinCompilationInfo$TCS$friendPaths$1      : loaded 2 times (x 75B)
Class org.jetbrains.kotlin.gradle.plugin.sources.DefaultLanguageSettingsBuilder$freeCompilerArgsProvider$1: loaded 2 times (x 91B)
Class org.jetbrains.kotlin.konan.target.HostManager$Companion                         : loaded 2 times (x 67B)
Class org.jetbrains.kotlin.gradle.targets.js.npm.DevNpmDependencyExtension            : loaded 2 times (x 66B)
Class org.jetbrains.kotlin.gradle.plugin.diagnostics.checkers.PreHmppDependenciesUsageChecker: loaded 2 times (x 70B)
Class org.jetbrains.kotlin.gradle.targets.CreateArtifactsSideEffectKt                 : loaded 2 times (x 67B)
Class org.jetbrains.kotlin.gradle.plugin.AbstractKotlinMultiplatformPluginWrapper     : loaded 2 times (x 83B)
Class org.jetbrains.kotlin.gradle.utils.GradleConfigurationUtilsKt$addGradlePluginMetadataAttributes$1: loaded 2 times (x 71B)
Class org.jetbrains.kotlin.gradle.plugin.internal.DefaultProjectIsolationStartParameterAccessor: loaded 2 times (x 73B)
Class org.jetbrains.kotlin.gradle.plugin.internal.AttributesConfigurationHelper$AttributeConfigurationHelperVariantFactory: loaded 2 times (x 66B)
Class com.google.common.collect.Maps                                                  : loaded 2 times (x 67B)
Class com.google.common.base.CharMatcher$JavaUpperCase                                : loaded 2 times (x 107B)
Class org.gradle.api.specs.Spec                                                       : loaded 2 times (x 66B)
Class build_11odcw3biesnp6230nhq8ws1u$_run_closure1                                   : loaded 2 times (x 135B)
Class org.jetbrains.kotlin.gradle.tasks.KotlinCompile$disableMultiModuleIC$2          : loaded 2 times (x 75B)
Class org.jetbrains.kotlin.gradle.tasks.GradleCompileTaskProviderKt                   : loaded 2 times (x 67B)
Class org.jetbrains.kotlin.gradle.plugin.SubpluginEnvironment$Companion               : loaded 2 times (x 67B)
Class org.jetbrains.kotlin.gradle.plugin.mpp.ApplyUserDefinedAttributesKt$UserDefinedAttributesSetupAction$1$1$3: loaded 2 times (x 71B)
Class org.jetbrains.kotlin.gradle.tasks.configuration.BaseKotlinCompileConfig$Companion: loaded 2 times (x 67B)
Class org.jetbrains.kotlin.gradle.plugin.mpp.compilationImpl.KotlinCompilationImpl$Params: loaded 2 times (x 68B)
Class org.jetbrains.kotlin.konan.target.UtilsKt                                       : loaded 2 times (x 67B)
Class org.jetbrains.kotlin.gradle.plugin.internal.IdeaPropertiesValueSource$Parameters$Inject: loaded 2 times (x 102B)
Class org.jetbrains.kotlin.gradle.tooling.BuildKotlinToolingMetadataTask              : loaded 2 times (x 313B)
Class org.jetbrains.kotlin.gradle.plugin.internal.CompatibilityConventionRegistrarKt  : loaded 2 times (x 67B)
Class org.jetbrains.kotlin.gradle.plugin.internal.DefaultBasePluginConfiguration      : loaded 2 times (x 73B)
Class org.jetbrains.kotlin.gradle.artifacts.KotlinJvmJarArtifactKt                    : loaded 2 times (x 67B)
Class org.jetbrains.kotlin.gradle.plugin.mpp.compilationImpl.CreateCInteropTasksSideEffectKt$special$$inlined$KotlinCompilationSideEffect$1: loaded 2 times (x 70B)
Class org.jetbrains.kotlin.gradle.plugin.statistics.FinalizeConfigurationFusMetricActionKt: loaded 2 times (x 67B)
Class org.jetbrains.kotlin.gradle.plugin.mpp.resources.resolve.KotlinTargetResourcesResolutionStrategy$Companion: loaded 2 times (x 67B)
Class org.jetbrains.kotlin.gradle.targets.native.toolchain.KotlinNativeBundleBuildService$Companion$registerIfAbsent$2$1: loaded 2 times (x 75B)
Class org.jetbrains.kotlin.build.report.metrics.GradleBuildPerformanceMetric$Companion: loaded 2 times (x 67B)
Class org.jetbrains.kotlin.gradle.plugin.statistics.KotlinBuildStatsBeanService       : loaded 2 times (x 83B)
Class org.jetbrains.kotlin.gradle.internal.properties.PropertiesBuildService$configurationTimePropertiesAccessor$2: loaded 2 times (x 75B)
Class com.google.common.collect.MapMaker                                              : loaded 2 times (x 68B)
Class [Lcom.google.common.collect.ImmutableEntry;                                     : loaded 2 times (x 65B)
Class org.jetbrains.kotlin.gradle.tasks.configuration.AbstractKotlinCompileConfig$1$1 : loaded 2 times (x 70B)
Class org.jetbrains.kotlin.gradle.tasks.KotlinCompile$kotlinOptions$1                 : loaded 2 times (x 75B)
Class org.jetbrains.kotlin.gradle.internal.properties.NativeProperties$Companion      : loaded 2 times (x 67B)
Class org.jetbrains.kotlin.gradle.utils.StringUtilsKt                                 : loaded 2 times (x 67B)
Class org.jetbrains.kotlin.gradle.targets.ConfigureBuildSideEffectKt$ConfigureBuildSideEffect$1: loaded 2 times (x 70B)
Class org.jetbrains.kotlin.tooling.core.ExtrasLazyProperty                            : loaded 2 times (x 66B)
Class org.jetbrains.kotlin.gradle.utils.CompletableFuture                             : loaded 2 times (x 66B)
Class org.jetbrains.kotlin.build.report.metrics.BuildPerformanceMetric                : loaded 2 times (x 66B)
Class [Lorg.jetbrains.kotlin.statistics.metrics.StringOverridePolicy;                 : loaded 2 times (x 65B)
Class com.google.common.cache.LocalCache$LoadingValueReference                        : loaded 2 times (x 92B)
Class org.jetbrains.kotlin.gradle.tasks.configuration.AbstractKotlinCompileConfig$getClasspathSnapshotDir$1: loaded 2 times (x 70B)
Class org.jetbrains.kotlin.gradle.tasks.configuration.AbstractKotlinCompileConfig$1$2 : loaded 2 times (x 70B)
Class org.jetbrains.kotlin.gradle.plugin.diagnostics.checkers.OverriddenKotlinNativeHomeChecker$StdlibExistenceCheckerValueSource$Params$Inject: loaded 2 times (x 102B)
Class org.jetbrains.kotlin.gradle.plugin.diagnostics.checkers.CommonMainOrTestWithDependsOnChecker: loaded 2 times (x 70B)
Class org.jetbrains.kotlin.gradle.artifacts.KotlinNativeHostSpecificMetadataArtifactKt: loaded 2 times (x 67B)
Class org.jetbrains.kotlin.gradle.plugin.mpp.compilationImpl.KotlinCreateLifecycleTasksSideEffectKt: loaded 2 times (x 67B)
Class org.jetbrains.kotlin.gradle.plugin.KotlinTarget                                 : loaded 2 times (x 66B)
Class org.jetbrains.kotlin.gradle.utils.ConfigurationsKt$createResolvable$1           : loaded 2 times (x 74B)
Class [Lorg.jetbrains.kotlin.statistics.metrics.BooleanAnonymizationPolicy;           : loaded 2 times (x 65B)
Class org.jetbrains.kotlin.gradle.targets.js.nodejs.UnameExecutor$UnameExecutorVariantFactory: loaded 2 times (x 66B)
Class com.google.common.io.LineReader$1                                               : loaded 2 times (x 71B)
Class com.google.common.collect.CollectSpliterators                                   : loaded 2 times (x 67B)
Class com.google.common.collect.AbstractMapBasedMultimap$AsMap                        : loaded 2 times (x 124B)
Class com.google.common.collect.MapMakerInternalMap$StrongKeyDummyValueEntry          : loaded 2 times (x 80B)
Class com.google.common.base.Platform                                                 : loaded 2 times (x 67B)
Class org.gradle.internal.classloader.FilteringClassLoader                            : loaded 2 times (x 101B)
Class org.jetbrains.kotlin.gradle.internal.KotlinDependenciesManagementKt$allNonProjectDependencies$1: loaded 2 times (x 70B)
Class [Lorg.jetbrains.kotlin.build.report.metrics.BuildAttributeKind;                 : loaded 2 times (x 65B)
Class org.jetbrains.kotlin.gradle.tasks.K2MultiplatformStructure                      : loaded 2 times (x 70B)
Class org.jetbrains.kotlin.compilerRunner.CompilerSystemPropertiesService$Parameters  : loaded 2 times (x 66B)
Class org.jetbrains.kotlin.gradle.plugin.mpp.compilationImpl.KotlinCompilationSourceSetsContainer: loaded 2 times (x 66B)
Class org.jetbrains.kotlin.gradle.artifacts.KotlinNativeKlibArtifactKt                : loaded 2 times (x 67B)
Class org.jetbrains.kotlin.gradle.plugin.ProjectLocalConfigurations                   : loaded 2 times (x 67B)
Class org.jetbrains.kotlin.gradle.plugin.mpp.KotlinUsages$KotlinUsagesDisambiguation  : loaded 2 times (x 72B)
Class org.jetbrains.kotlin.tooling.core.Extras$Key$Companion                          : loaded 2 times (x 67B)
Class org.jetbrains.kotlin.tooling.core.Extras$Key                                    : loaded 2 times (x 68B)
Class [Lorg.objectweb.asm.AnnotationWriter;                                           : loaded 2 times (x 65B)
Class com.google.common.collect.AbstractMapBasedMultimap$WrappedList                  : loaded 2 times (x 201B)
Class com.google.common.primitives.Ints$IntConverter                                  : loaded 2 times (x 86B)
Class com.google.common.collect.Maps$8                                                : loaded 2 times (x 78B)
Class com.google.common.collect.RegularImmutableMap$KeySet                            : loaded 2 times (x 146B)
Class org.jetbrains.kotlin.gradle.tasks.configuration.AbstractKotlinCompileConfig$1$4 : loaded 2 times (x 71B)
Class org.jetbrains.kotlin.gradle.plugin.diagnostics.CheckKotlinGradlePluginConfigurationErrors: loaded 2 times (x 313B)
Class org.jetbrains.kotlin.gradle.plugin.sources.DefaultKotlinSourceSetKt             : loaded 2 times (x 67B)
Class org.jetbrains.kotlin.gradle.dsl.KotlinJvmOptions                                : loaded 2 times (x 66B)
Class org.jetbrains.kotlin.gradle.plugin.mpp.HierarchyAttributeContainer$1            : loaded 2 times (x 74B)
Class org.jetbrains.kotlin.gradle.plugin.KotlinPluginLifecycle                        : loaded 2 times (x 66B)
Class org.jetbrains.kotlin.gradle.plugin.KotlinJsPluginWrapper                        : loaded 2 times (x 83B)
Class org.jetbrains.kotlin.gradle.dsl.ToolchainSupport                                : loaded 2 times (x 66B)
Class org.jetbrains.kotlin.tooling.core.Extras                                        : loaded 2 times (x 66B)
Class org.jetbrains.kotlin.gradle.plugin.mpp.InternalKotlinTarget                     : loaded 2 times (x 66B)
Class org.jetbrains.kotlin.statistics.metrics.NumberAnonymizationPolicy$RANDOM_10_PERCENT: loaded 2 times (x 81B)
Class org.jetbrains.kotlin.statistics.metrics.StringMetrics                           : loaded 2 times (x 76B)
Class [Lcom.google.common.collect.Iterators$EmptyModifiableIterator;                  : loaded 2 times (x 65B)
Class com.google.common.collect.ImmutableRangeSet$Builder                             : loaded 2 times (x 73B)
Class com.google.common.collect.Sets$SetView                                          : loaded 2 times (x 134B)
Class com.google.common.cache.LocalCache$StrongValueReference                         : loaded 2 times (x 86B)
Class com.google.common.util.concurrent.AbstractFuture$SynchronizedHelper             : loaded 2 times (x 72B)
Class com.google.common.base.CharMatcher$Invisible                                    : loaded 2 times (x 108B)
Class com.google.common.base.Equivalence$Identity                                     : loaded 2 times (x 78B)
Class org.jetbrains.kotlin.gradle.tasks.CompilerPluginOptions                         : loaded 2 times (x 68B)
Class org.jetbrains.kotlin.gradle.tasks.configuration.AbstractKotlinCompileConfig$1$5 : loaded 2 times (x 71B)
Class org.jetbrains.kotlin.gradle.plugin.mpp.KotlinTargetSoftwareComponentImpl        : loaded 2 times (x 86B)
Class org.jetbrains.kotlin.gradle.plugin.mpp.DefaultKotlinUsageContext$PublishOnlyIf  : loaded 2 times (x 66B)
Class org.jetbrains.kotlin.gradle.dsl.KotlinCommonCompilerOptionsHelper               : loaded 2 times (x 67B)
Class org.jetbrains.kotlin.gradle.plugin.KotlinJvmPlugin$Companion                    : loaded 2 times (x 67B)
Class org.jetbrains.kotlin.gradle.plugin.diagnostics.KotlinToolingDiagnostics         : loaded 2 times (x 67B)
Class org.jetbrains.kotlin.gradle.artifacts.KotlinMetadataArtifactKt                  : loaded 2 times (x 67B)
Class org.jetbrains.kotlin.gradle.targets.CreateArtifactsSideEffectKt$CreateArtifactsSideEffect$1: loaded 2 times (x 70B)
Class org.jetbrains.kotlin.gradle.internal.properties.PropertiesBuildService$property$1$valueFromGradleAndLocalProperties$1: loaded 2 times (x 71B)
Class org.jetbrains.kotlin.gradle.plugin.KotlinPluginWrapperKt$kotlinToolingVersion$2 : loaded 2 times (x 74B)
Class org.objectweb.asm.Type                                                          : loaded 2 times (x 68B)
Class com.google.common.graph.SuccessorsFunction                                      : loaded 2 times (x 66B)
Class com.google.common.base.PairwiseEquivalence                                      : loaded 2 times (x 79B)
Class org.gradle.internal.classloader.VisitableURLClassLoader$InstrumentingVisitableURLClassLoader: loaded 2 times (x 119B)
Class org.jetbrains.kotlin.gradle.tasks.configuration.AbstractKotlinCompileConfig$1$6 : loaded 2 times (x 71B)
Class [Lorg.jetbrains.kotlin.gradle.tasks.KotlinCompilerExecutionStrategy;            : loaded 2 times (x 65B)
Class org.jetbrains.kotlin.gradle.tasks.FailedCompilationException                    : loaded 2 times (x 78B)
Class org.jetbrains.kotlin.gradle.plugin.mpp.DefaultKotlinUsageContext$1              : loaded 2 times (x 70B)
Class org.jetbrains.kotlin.gradle.plugin.internal.DefaultAttributesConfigurationHelper$setAttribute$1: loaded 2 times (x 71B)
Class org.jetbrains.kotlin.gradle.plugin.mpp.compilationImpl.KotlinCompilationImpl$associateWith$2: loaded 2 times (x 75B)
Class org.jetbrains.kotlin.gradle.plugin.hierarchy.KotlinSourceSetTreeClassifier      : loaded 2 times (x 66B)
Class org.jetbrains.kotlin.gradle.plugin.mpp.compilationImpl.KotlinCompilationAssociator: loaded 2 times (x 66B)
Class org.jetbrains.kotlin.konan.target.UtilsKt$evaluatePresetName$1                  : loaded 2 times (x 74B)
Class org.jetbrains.kotlin.gradle.plugin.mpp.KotlinNativeTarget                       : loaded 2 times (x 167B)
Class org.jetbrains.kotlin.gradle.plugin.diagnostics.checkers.KotlinSourceSetTreeDependsOnMismatchChecker$runChecks$1: loaded 2 times (x 84B)
Class org.jetbrains.kotlin.gradle.plugin.diagnostics.checkers.PreHmppDependenciesUsageChecker$runChecks$1: loaded 2 times (x 84B)
Class org.jetbrains.kotlin.gradle.utils.ProjectExtensionsKt                           : loaded 2 times (x 67B)
Class org.jetbrains.kotlin.gradle.plugin.KotlinSourceSetTree$Companion                : loaded 2 times (x 67B)
Class org.jetbrains.kotlin.gradle.plugin.diagnostics.KotlinGradleProjectChecker$Companion: loaded 2 times (x 67B)
Class org.jetbrains.kotlin.gradle.plugin.KotlinGradleBuildServices$Parameters         : loaded 2 times (x 66B)
Class org.jetbrains.kotlin.gradle.plugin.statistics.BuildFusService$Companion$registerIfAbsent$1$1$1: loaded 2 times (x 71B)
Class org.jetbrains.kotlin.statistics.fileloggers.MetricsContainer$Companion          : loaded 2 times (x 67B)
Class org.objectweb.asm.ByteVector                                                    : loaded 2 times (x 75B)
Class com.google.common.collect.MapMakerInternalMap$StrongKeyDummyValueEntry$Helper   : loaded 2 times (x 75B)
Class com.google.common.io.Files$FileByteSink                                         : loaded 2 times (x 73B)
Class [Lcom.google.common.cache.CacheBuilder$NullListener;                            : loaded 2 times (x 65B)
Class com.google.common.math.IntMath$1                                                : loaded 2 times (x 67B)
Class com.google.common.io.LineReader                                                 : loaded 2 times (x 68B)
Class org.gradle.internal.classloader.VisitableURLClassLoader$Spec                    : loaded 2 times (x 70B)
Class org.gradle.internal.classpath.DefaultClassPath                                  : loaded 2 times (x 86B)
Class org.jetbrains.kotlin.gradle.tasks.configuration.AbstractKotlinCompileConfig$1$7 : loaded 2 times (x 71B)
Class org.jetbrains.kotlin.gradle.plugin.mpp.KotlinSoftwareComponentKt                : loaded 2 times (x 67B)
Class org.jetbrains.kotlin.gradle.plugin.mpp.compilationImpl.KotlinCompilationSourceSetInclusion$AddSourcesToCompileTask: loaded 2 times (x 66B)
Class org.jetbrains.kotlin.konan.target.Architecture                                  : loaded 2 times (x 75B)
Class org.jetbrains.kotlin.gradle.plugin.internal.IdeaPropertiesValueSource$Parameters: loaded 2 times (x 66B)
Class [Lorg.jetbrains.kotlin.gradle.plugin.HasProject;                                : loaded 2 times (x 65B)
Class org.jetbrains.kotlin.gradle.utils.MutableObservableSetImpl                      : loaded 2 times (x 159B)
Class org.jetbrains.kotlin.gradle.tasks.KotlinTasksProvider                           : loaded 2 times (x 68B)
Class org.jetbrains.kotlin.gradle.plugin.KotlinJsCompilerTypeHolder                   : loaded 2 times (x 66B)
Class org.jetbrains.kotlin.gradle.targets.native.internal.SetupKotlinNativePlatformDependenciesAndStdlibKt$ExcludeDefaultPlatformDependenciesFromKotlinNativeCompileTasks$1: loaded 2 times (x 70B)
Class org.jetbrains.kotlin.gradle.dsl.DefaultToolchainSupport$wireToolchainToTasks$1  : loaded 2 times (x 71B)
Class org.jetbrains.kotlin.gradle.dsl.KotlinCommonCompilerOptions                     : loaded 2 times (x 66B)
Class [Lorg.jetbrains.kotlin.build.report.metrics.GradleBuildTime;                    : loaded 2 times (x 65B)
Class org.jetbrains.kotlin.gradle.internal.properties.PropertiesBuildService$MemoizedCallable: loaded 2 times (x 71B)
Class org.objectweb.asm.Symbol                                                        : loaded 2 times (x 69B)
Class com.google.common.base.AbstractIterator                                         : loaded 2 times (x 76B)
Class org.jetbrains.kotlin.gradle.plugin.KotlinGradleBuildServices$Inject             : loaded 2 times (x 96B)
Class org.jetbrains.kotlin.gradle.tasks.AbstractKotlinCompile$friendPathsSet$1        : loaded 2 times (x 71B)
Class org.jetbrains.kotlin.build.report.metrics.BuildAttributes                       : loaded 2 times (x 68B)
Class org.jetbrains.kotlin.gradle.plugin.cocoapods.KotlinCocoapodsPlugin$Companion    : loaded 2 times (x 67B)
Class org.jetbrains.kotlin.gradle.plugin.mpp.compilationImpl.KotlinCompilationImpl    : loaded 2 times (x 136B)
Class [Lorg.jetbrains.kotlin.gradle.plugin.mpp.compilationImpl.factory.KotlinCompilationImplFactory$PostConfigure;: loaded 2 times (x 65B)
Class org.jetbrains.kotlin.konan.target.KonanTarget$MACOS_X64                         : loaded 2 times (x 74B)
Class org.jetbrains.kotlin.konan.util.Named                                           : loaded 2 times (x 66B)
Class org.jetbrains.kotlin.gradle.plugin.KotlinSourceSet$Companion                    : loaded 2 times (x 67B)
Class org.jetbrains.kotlin.gradle.targets.native.toolchain.UnzipTransformationAction  : loaded 2 times (x 76B)
Class [Lorg.jetbrains.kotlin.gradle.report.BuildReportMode;                           : loaded 2 times (x 65B)
Class org.jetbrains.kotlin.statistics.metrics.BooleanOverridePolicy                   : loaded 2 times (x 81B)
Class org.jetbrains.kotlin.gradle.plugin.AbstractKotlinAndroidPluginWrapper           : loaded 2 times (x 83B)
Class com.google.common.io.Java8Compatibility                                         : loaded 2 times (x 67B)
Class com.google.common.io.Closer                                                     : loaded 2 times (x 74B)
Class com.google.common.collect.RegularImmutableMap$Values                            : loaded 2 times (x 203B)
Class com.google.common.collect.ImmutableSet                                          : loaded 2 times (x 141B)
Class com.google.common.base.CharMatcher$BitSetMatcher                                : loaded 2 times (x 108B)
Class com.google.common.base.CharMatcher$Ascii                                        : loaded 2 times (x 108B)
Class Build_gradle$7                                                                  : loaded 2 times (x 70B)
Class org.gradle.internal.classloader.ClassLoaderSpec                                 : loaded 2 times (x 67B)
Class build_7n7z1bg6bv5jkt8polj4pv5nb$_run_closure1                                   : loaded 2 times (x 135B)
Class build_31ktlp5y35kzfoqhtjozrlntn                                                 : loaded 2 times (x 178B)
Class org.jetbrains.kotlin.gradle.plugin.statistics.KotlinStdlibConfigurationMetrics  : loaded 2 times (x 67B)
Class org.jetbrains.kotlin.gradle.tasks.DefaultKotlinJavaToolchain$DefaultJavaToolchainSetter: loaded 2 times (x 71B)
Class org.jetbrains.kotlin.build.report.metrics.BuildAttributeKind                    : loaded 2 times (x 75B)
Class org.jetbrains.kotlin.gradle.plugin.mpp.KotlinCompilationsKt$moduleNameForCompilation$1: loaded 2 times (x 71B)
Class org.jetbrains.kotlin.gradle.plugin.sources.KotlinDependencyScopeKt              : loaded 2 times (x 67B)
Class org.jetbrains.kotlin.gradle.plugin.diagnostics.TransformActionUsingKotlinToolingDiagnostics$Parameters: loaded 2 times (x 66B)
Class org.jetbrains.kotlin.compilerRunner.CompilerSystemPropertiesService$Companion$registerIfAbsent$2$1: loaded 2 times (x 75B)
Class org.jetbrains.kotlin.gradle.plugin.mpp.KotlinCompilationsKt$addSourcesToKotlinCompileTask$1: loaded 2 times (x 71B)
Class org.jetbrains.kotlin.gradle.internal.KotlinDependenciesManagementKt$configureDefaultVersionsResolutionStrategy$1$1: loaded 2 times (x 71B)
Class org.jetbrains.kotlin.gradle.utils.KotlinExtensionUtilsKt$forAllTargets$1        : loaded 2 times (x 91B)
Class org.jetbrains.kotlin.gradle.plugin.diagnostics.CheckKotlinGradlePluginConfigurationErrorsKt$locateOrRegisterCheckKotlinGradlePluginErrorsTask$taskProvider$1: loaded 2 times (x 71B)
Class org.jetbrains.kotlin.gradle.plugin.diagnostics.checkers.OverriddenKotlinNativeHomeChecker$StdlibExistenceCheckerValueSource$Params: loaded 2 times (x 66B)
Class org.jetbrains.kotlin.gradle.dsl.PlatformSourceSetConventionsChecker$nativeTargetPresets$1$1: loaded 2 times (x 75B)
Class org.jetbrains.kotlin.gradle.tooling.BuildKotlinToolingMetadataTaskKt$buildKotlinToolingMetadataTask$1: loaded 2 times (x 74B)
Class org.jetbrains.kotlin.gradle.internal.Kapt3GradleSubplugin$Companion             : loaded 2 times (x 67B)
Class org.jetbrains.kotlin.gradle.plugin.mpp.compilationImpl.KotlinCreateCompilationArchiveTaskKt$KotlinRegisterCompilationArchiveTasksExtension$1: loaded 2 times (x 70B)
Class [Lorg.jetbrains.kotlin.statistics.metrics.NumberOverridePolicy;                 : loaded 2 times (x 65B)
Class org.jetbrains.kotlin.gradle.internal.properties.PropertiesBuildService$GradleProperty: loaded 2 times (x 66B)
Class org.jetbrains.kotlin.gradle.utils.StoredPropertyKt$projectStoredProperty$1      : loaded 2 times (x 74B)
Class org.objectweb.asm.AnnotationWriter                                              : loaded 2 times (x 75B)
Class com.google.common.cache.CacheStats                                              : loaded 2 times (x 67B)
Class org.jetbrains.kotlin.gradle.tasks.K2MultiplatformStructure$RefinesEdge          : loaded 2 times (x 68B)
Class org.jetbrains.kotlin.gradle.plugin.mpp.SyncLanguageSettingsWithKotlinExtensionSetupActionKt$SyncLanguageSettingsWithKotlinExtensionSetupAction$1$1: loaded 2 times (x 71B)
Class org.jetbrains.kotlin.gradle.tasks.configuration.TaskConfigAction$configureTask$1: loaded 2 times (x 75B)
Class org.jetbrains.kotlin.gradle.internal.ClassLoadersCachingBuildService            : loaded 2 times (x 72B)
Class org.jetbrains.kotlin.gradle.plugin.diagnostics.checkers.DuplicateSourceSetChecker$runChecks$1: loaded 2 times (x 84B)
Class org.jetbrains.kotlin.gradle.plugin.diagnostics.ToolingDiagnostic$Severity       : loaded 2 times (x 75B)
Class org.jetbrains.kotlin.gradle.dsl.JvmTarget                                       : loaded 2 times (x 75B)
Class org.jetbrains.kotlin.gradle.plugin.VariantImplementationFactories$Inject        : loaded 2 times (x 102B)
Class org.jetbrains.kotlin.gradle.plugin.VariantImplementationFactoriesConfigurator$Companion: loaded 2 times (x 67B)
Class org.objectweb.asm.RecordComponentWriter                                         : loaded 2 times (x 74B)
Class com.google.common.collect.ImmutableMultisetGwtSerializationDependencies         : loaded 2 times (x 121B)
Class com.google.common.collect.Interners                                             : loaded 2 times (x 67B)
Class com.google.common.io.LineProcessor                                              : loaded 2 times (x 66B)
Class com.google.common.io.Closer$Suppressor                                          : loaded 2 times (x 66B)
Class com.google.common.util.concurrent.AbstractFuture$Listener                       : loaded 2 times (x 68B)
Class com.google.common.base.CharMatcher$Or                                           : loaded 2 times (x 108B)
Class build_11odcw3biesnp6230nhq8ws1u                                                 : loaded 2 times (x 176B)
Class [Lorg.objectweb.asm.Label;                                                      : loaded 2 times (x 65B)
Class [Lorg.jetbrains.kotlin.compilerRunner.KotlinCompilerArgumentsLogLevel;          : loaded 2 times (x 65B)
Class org.jetbrains.kotlin.gradle.tasks.KotlinCompile_Decorated                       : loaded 2 times (x 594B)
Class org.jetbrains.kotlin.gradle.plugin.mpp.SyncLanguageSettingsWithKotlinExtensionSetupActionKt$SyncLanguageSettingsWithKotlinExtensionSetupAction$1$2: loaded 2 times (x 71B)
Class org.jetbrains.kotlin.gradle.plugin.internal.BuildIdService$Companion            : loaded 2 times (x 67B)
Class org.jetbrains.kotlin.gradle.plugin.diagnostics.checkers.OverriddenKotlinNativeHomeChecker$StdlibExistenceCheckerValueSource$Companion: loaded 2 times (x 67B)
Class org.jetbrains.kotlin.gradle.targets.js.dsl.KotlinWasmSubTargetContainerDsl      : loaded 2 times (x 66B)
Class org.jetbrains.kotlin.gradle.plugin.diagnostics.checkers.WasmWasiEnvironmentChecker$1: loaded 2 times (x 74B)
Class org.jetbrains.kotlin.gradle.plugin.diagnostics.checkers.DisabledCinteropCommonizationInHmppProjectChecker: loaded 2 times (x 70B)
Class org.jetbrains.kotlin.gradle.plugin.diagnostics.checkers.NoKotlinTargetsDeclaredChecker: loaded 2 times (x 70B)
Class org.jetbrains.kotlin.gradle.utils.StoredPropertyStorage                         : loaded 2 times (x 68B)
Class org.jetbrains.kotlin.gradle.plugin.KotlinSourceSetContainer                     : loaded 2 times (x 66B)
Class org.objectweb.asm.Attribute                                                     : loaded 2 times (x 73B)
Class com.google.common.base.Supplier                                                 : loaded 2 times (x 66B)
Class org.gradle.internal.classloader.VisitableURLClassLoader                         : loaded 2 times (x 113B)
Class build_1bg1u1tzulxpyrwxk5udh0j8a                                                 : loaded 2 times (x 187B)
Class org.jetbrains.kotlin.gradle.plugin.statistics.plugins.ObservablePlugins         : loaded 2 times (x 75B)
Class org.jetbrains.kotlin.gradle.plugin.sources.InternalKotlinSourceSetKt$awaitPlatformCompilations$1: loaded 2 times (x 84B)
Class [Lorg.jetbrains.kotlin.gradle.plugin.sources.KotlinDependencyScope;             : loaded 2 times (x 65B)
Class org.jetbrains.kotlin.gradle.tasks.configuration.BaseKotlinCompileConfig$configureCommonParameters$1: loaded 2 times (x 70B)
Class org.jetbrains.kotlin.gradle.plugin.mpp.compilationImpl.factory.ConfigurationNaming: loaded 2 times (x 66B)
Class org.jetbrains.kotlin.gradle.plugin.mpp.compilationImpl.DefaultKotlinCompilationPostConfigureKt: loaded 2 times (x 67B)
Class org.jetbrains.kotlin.konan.target.KonanTarget$WATCHOS_X64                       : loaded 2 times (x 74B)
Class org.jetbrains.kotlin.gradle.plugin.diagnostics.KotlinGradleProjectCheckersRunnerKt: loaded 2 times (x 67B)
Class [Lorg.jetbrains.kotlin.tooling.core.HasExtras;                                  : loaded 2 times (x 65B)
Class org.jetbrains.kotlin.gradle.plugin.diagnostics.checkers.IncorrectCompileOnlyDependenciesChecker: loaded 2 times (x 70B)
Class org.jetbrains.kotlin.gradle.plugin.diagnostics.checkers.WasmWasiEnvironmentChecker$2: loaded 2 times (x 74B)
Class org.jetbrains.kotlin.gradle.artifacts.KotlinLegacyCompatibilityMetadataArtifactKt$KotlinLegacyCompatibilityMetadataArtifact$1: loaded 2 times (x 70B)
Class org.jetbrains.kotlin.gradle.dsl.DefaultToolchainSupport$wireToolchainToTasks$1$1: loaded 2 times (x 71B)
Class org.jetbrains.kotlin.gradle.utils.SingleActionPerProject                        : loaded 2 times (x 69B)
Class org.jetbrains.kotlin.gradle.plugin.DefaultKotlinBasePlugin                      : loaded 2 times (x 78B)
Class com.google.common.util.concurrent.AbstractFuture$Waiter                         : loaded 2 times (x 68B)
Class Settings_gradle                                                                 : loaded 2 times (x 124B)
Class org.gradle.internal.Cast                                                        : loaded 2 times (x 67B)
Class org.gradle.api.Action                                                           : loaded 2 times (x 66B)
Class build_dgmxy9l391q7nr6bm55cyoyap                                                 : loaded 2 times (x 182B)
Class [Lorg.jetbrains.kotlin.gradle.plugin.mpp.KotlinUsageContext$MavenScope;         : loaded 2 times (x 65B)
Class org.jetbrains.kotlin.gradle.tasks.configuration.BaseKotlinCompileConfig$configureCommonParameters$2: loaded 2 times (x 71B)
Class org.jetbrains.kotlin.gradle.plugin.mpp.compilationImpl.KotlinCompilationCompilerOptionsFromTargetConfigurator: loaded 2 times (x 70B)
Class org.jetbrains.kotlin.gradle.plugin.internal.IdeaPropertiesValueSource           : loaded 2 times (x 74B)
Class org.jetbrains.kotlin.gradle.utils.FailuresKt$ideaSyncClasspathModeUtil$1        : loaded 2 times (x 68B)
Class org.jetbrains.kotlin.gradle.plugin.diagnostics.KotlinToolingDiagnosticsCollector$Inject: loaded 2 times (x 92B)
Class org.jetbrains.kotlin.gradle.artifacts.KotlinJsKlibArtifactKt                    : loaded 2 times (x 67B)
Class org.jetbrains.kotlin.gradle.dsl.KotlinTargetContainerWithWasmPresetFunctions    : loaded 2 times (x 66B)
Class org.jetbrains.kotlin.gradle.plugin.GradleUtilsKt                                : loaded 2 times (x 67B)
Class org.jetbrains.kotlin.gradle.internal.properties.PropertiesBuildService          : loaded 2 times (x 72B)
Class org.objectweb.asm.Handler                                                       : loaded 2 times (x 68B)
Class com.google.common.collect.MapMakerInternalMap                                   : loaded 2 times (x 157B)
Class com.google.common.base.Strings                                                  : loaded 2 times (x 67B)
Class com.google.common.collect.Sets                                                  : loaded 2 times (x 67B)
Class com.google.common.base.Ticker                                                   : loaded 2 times (x 68B)
Class com.google.common.base.CharMatcher$FastMatcher                                  : loaded 2 times (x 107B)
Class org.jetbrains.kotlin.gradle.tasks.KotlinCompile$javaSources$1                   : loaded 2 times (x 71B)
Class org.jetbrains.kotlin.incremental.IncrementalCompilationFeatures                 : loaded 2 times (x 67B)
Class org.jetbrains.kotlin.gradle.plugin.KotlinTarget$DefaultImpls                    : loaded 2 times (x 67B)
Class org.jetbrains.kotlin.gradle.plugin.internal.IdeaPropertiesValueSource$Inject    : loaded 2 times (x 105B)
Class org.jetbrains.kotlin.gradle.plugin.diagnostics.KotlinToolingDiagnosticsCollector: loaded 2 times (x 72B)
Class org.jetbrains.kotlin.gradle.plugin.mpp.compilationImpl.KotlinCreateCompilationArchiveTaskKt: loaded 2 times (x 67B)
Class org.jetbrains.kotlin.tooling.core.MutableExtrasImpl                             : loaded 2 times (x 161B)
Class org.jetbrains.kotlin.gradle.plugin.statistics.KotlinBuildStatsMXBean            : loaded 2 times (x 66B)
Class org.jetbrains.kotlin.gradle.utils.FileUtilsKt                                   : loaded 2 times (x 67B)
Class [Lcom.google.common.cache.LocalCache$Segment;                                   : loaded 2 times (x 65B)
Class [Lcom.google.common.cache.LocalCache$Strength;                                  : loaded 2 times (x 65B)
Class com.google.common.cache.CacheBuilder$1                                          : loaded 2 times (x 81B)
Class com.google.common.collect.ImmutableMap                                          : loaded 2 times (x 116B)
Class com.google.common.base.Predicate                                                : loaded 2 times (x 66B)
Class org.jetbrains.kotlin.gradle.utils.Completable$await$1                           : loaded 2 times (x 84B)
Class org.gradle.internal.classpath.DefaultClassPath$ImmutableUniqueList$Builder      : loaded 2 times (x 71B)
Class org.jetbrains.kotlin.gradle.internal.ClassLoadersCachingBuildService$Companion$registerIfAbsent$1$1: loaded 2 times (x 75B)
Class org.jetbrains.kotlin.gradle.plugin.mpp.KotlinCompilationFactory$DefaultImpls    : loaded 2 times (x 67B)
Class org.jetbrains.kotlin.gradle.plugin.diagnostics.checkers.InternalGradlePropertiesUsageChecker: loaded 2 times (x 70B)
Class org.jetbrains.kotlin.gradle.plugin.mpp.compilationImpl.CreateCInteropTasksSideEffectKt: loaded 2 times (x 67B)
Class org.jetbrains.kotlin.gradle.targets.metadata.KotlinMetadataTargetConfiguratorKt : loaded 2 times (x 67B)
Class org.jetbrains.kotlin.gradle.testing.internal.KotlinTestsRegistry$Companion      : loaded 2 times (x 67B)
Class org.jetbrains.kotlin.gradle.dsl.KotlinCommonCompilerToolOptions                 : loaded 2 times (x 66B)
Class org.jetbrains.kotlin.gradle.internal.properties.PropertiesBuildService$Companion$registerIfAbsent$1: loaded 2 times (x 71B)
Class org.jetbrains.kotlin.gradle.plugin.internal.DefaultConfigurationCacheStartParameterAccessorVariantFactory: loaded 2 times (x 72B)
Class com.google.common.collect.MapMakerInternalMap$WeakValueReference                : loaded 2 times (x 66B)
Class com.google.common.collect.AbstractRangeSet                                      : loaded 2 times (x 110B)
Class com.google.common.cache.LocalCache                                              : loaded 2 times (x 183B)
Class com.google.common.cache.CacheBuilder$2                                          : loaded 2 times (x 75B)
Class com.google.common.base.CharMatcher$NegatedFastMatcher                           : loaded 2 times (x 109B)
Class org.jetbrains.kotlin.gradle.tasks.AbstractKotlinCompile$kotlinLogger$2          : loaded 2 times (x 75B)
Class org.jetbrains.kotlin.build.report.metrics.BuildPerformanceMetrics$Companion     : loaded 2 times (x 67B)
Class org.jetbrains.kotlin.cli.common.arguments.K2JVMCompilerArguments                : loaded 2 times (x 77B)
Class org.jetbrains.kotlin.gradle.plugin.mpp.compilationImpl.DefaultKotlinCompilationSourceSetsContainer$source$1: loaded 2 times (x 75B)
Class org.jetbrains.kotlin.gradle.internal.KotlinTestDependencyManagementKt           : loaded 2 times (x 67B)
Class org.jetbrains.kotlin.konan.target.KonanTarget$ANDROID_X64                       : loaded 2 times (x 74B)
Class [Lorg.jetbrains.kotlin.gradle.plugin.sources.ConsistencyCheck;                  : loaded 2 times (x 65B)
Class org.jetbrains.kotlin.gradle.report.ReportingSettings                            : loaded 2 times (x 68B)
Class org.jetbrains.kotlin.statistics.metrics.StringAnonymizationPolicy$ComponentVersionAnonymizer: loaded 2 times (x 74B)
Class org.jetbrains.kotlin.gradle.plugin.internal.BasePluginConfiguration$BasePluginConfigurationVariantFactory: loaded 2 times (x 66B)
Class org.jetbrains.kotlin.gradle.plugin.KotlinBasePluginWrapper                      : loaded 2 times (x 83B)
Class com.google.common.cache.CacheBuilder$3                                          : loaded 2 times (x 68B)
Class [Lcom.google.common.collect.AbstractMapEntry;                                   : loaded 2 times (x 65B)
Class com.google.common.collect.ImmutableEntry                                        : loaded 2 times (x 78B)
Class com.google.common.collect.ArrayListMultimap                                     : loaded 2 times (x 168B)
Class com.google.common.base.AbstractIterator$1                                       : loaded 2 times (x 67B)
Class com.google.common.base.CharMatcher$Digit                                        : loaded 2 times (x 108B)
Class org.gradle.api.GradleException                                                  : loaded 2 times (x 78B)
Class org.jetbrains.kotlin.gradle.plugin.diagnostics.KotlinToolingDiagnostics$JsEnvironmentNotChosenExplicitly: loaded 2 times (x 69B)
Class org.jetbrains.kotlin.gradle.targets.native.internal.SetupKotlinNativePlatformDependenciesAndStdlibKt$special$$inlined$KotlinCompilationSideEffectCoroutine$1: loaded 2 times (x 70B)
Class org.jetbrains.kotlin.gradle.plugin.ProjectLocalConfigurations$ProjectLocalCompatibility: loaded 2 times (x 72B)
Class org.jetbrains.kotlin.gradle.dsl.KotlinJvmCompilerOptions                        : loaded 2 times (x 66B)
Class org.jetbrains.kotlin.gradle.plugin.internal.DefaultProjectIsolationStartParameterAccessor$Factory: loaded 2 times (x 72B)
Class com.google.common.base.Suppliers$MemoizingSupplier                              : loaded 2 times (x 75B)
Class com.google.common.collect.CollectPreconditions                                  : loaded 2 times (x 67B)
Class com.google.common.base.CharMatcher$JavaIsoControl                               : loaded 2 times (x 108B)
Class org.jetbrains.kotlin.buildtools.api.SourcesChanges                              : loaded 2 times (x 66B)
Class org.jetbrains.kotlin.konan.target.HostManager$Companion$targetAliases$2         : loaded 2 times (x 74B)
Class org.jetbrains.kotlin.gradle.plugin.KotlinPluginLifecycleImpl$launch$1           : loaded 2 times (x 75B)
Class org.jetbrains.kotlin.gradle.utils.Completable                                   : loaded 2 times (x 68B)
Class org.jetbrains.kotlin.gradle.plugin.DefaultKotlinBasePlugin$addKotlinCompilerConfiguration$2$1: loaded 2 times (x 71B)
Class org.jetbrains.kotlin.gradle.plugin.statistics.KotlinBuildStatsServicesRegistry$Companion: loaded 2 times (x 67B)
Class org.jetbrains.kotlin.gradle.targets.js.nodejs.DefaultUnameExecutorVariantFactory: loaded 2 times (x 72B)
Class org.jetbrains.kotlin.gradle.plugin.internal.DefaultCompatibilityConventionRegistrar$Factory: loaded 2 times (x 72B)
Class [Lcom.google.common.collect.MapMakerInternalMap$Strength;                       : loaded 2 times (x 65B)
Class [Lcom.google.common.io.FileWriteMode;                                           : loaded 2 times (x 65B)
Class com.google.common.collect.SortedMapDifference                                   : loaded 2 times (x 66B)
Class com.google.common.base.CharMatcher$JavaLowerCase                                : loaded 2 times (x 107B)
Class org.jetbrains.kotlin.gradle.tasks.DefaultKotlinJavaToolchain$DefaultJdkSetter   : loaded 2 times (x 72B)
Class org.jetbrains.kotlin.cli.common.arguments.CommonCompilerArguments               : loaded 2 times (x 76B)
Class org.jetbrains.kotlin.gradle.plugin.diagnostics.checkers.IncorrectCompileOnlyDependenciesChecker$runChecks$1: loaded 2 times (x 84B)
Class org.jetbrains.kotlin.gradle.plugin.mpp.KotlinOnlyTarget                         : loaded 2 times (x 153B)
Class org.jetbrains.kotlin.gradle.targets.js.npm.BaseNpmDependencyExtension           : loaded 2 times (x 66B)
Class org.jetbrains.kotlin.gradle.dsl.KotlinVersion$Companion                         : loaded 2 times (x 67B)
Class org.jetbrains.kotlin.gradle.InternalKotlinGradlePluginApi                       : loaded 2 times (x 66B)
Class org.jetbrains.kotlin.gradle.dsl.DefaultToolchainSupport                         : loaded 2 times (x 72B)
Class org.jetbrains.kotlin.gradle.plugin.internal.CustomPropertiesFileValueSource     : loaded 2 times (x 78B)
Class com.google.common.collect.MapMakerInternalMap$StrongKeyDummyValueSegment        : loaded 2 times (x 138B)
Class com.google.common.io.Files                                                      : loaded 2 times (x 67B)
Class com.google.common.cache.LocalCache$EntryFactory                                 : loaded 2 times (x 79B)
Class build_b9ih1onw58qnvdkwrm3auhb2c                                                 : loaded 2 times (x 179B)
Class org.jetbrains.kotlin.gradle.tasks.TaskOutputsBackup                             : loaded 2 times (x 68B)
Class org.jetbrains.kotlin.gradle.plugin.cocoapods.KotlinCocoapodsPlugin              : loaded 2 times (x 72B)
Class org.jetbrains.kotlin.gradle.internal.CompilerOptionsDslHelpersKt                : loaded 2 times (x 67B)
Class org.jetbrains.kotlin.gradle.internal.ClassLoadersCachingBuildService$Companion$registerIfAbsent$1$1$1: loaded 2 times (x 71B)
Class org.jetbrains.kotlin.gradle.internal.StdlibDependencyManagementKt$configureStdlibVersionAlignment$1$1: loaded 2 times (x 71B)
Class org.jetbrains.kotlin.gradle.dsl.KotlinProjectExtension$awaitSourceSets$1        : loaded 2 times (x 84B)
Class org.jetbrains.kotlin.konan.target.Family                                        : loaded 2 times (x 75B)
Class org.jetbrains.kotlin.gradle.plugin.KotlinPluginLifecycle$CoroutineStart         : loaded 2 times (x 75B)
Class org.jetbrains.kotlin.gradle.plugin.internal.DefaultIdeaSyncDetector             : loaded 2 times (x 71B)
Class org.jetbrains.kotlin.gradle.tasks.TasksProviderKt$sam$org_gradle_api_Action$0   : loaded 2 times (x 71B)
Class org.jetbrains.kotlin.gradle.tooling.BuildKotlinToolingMetadataTask$FromKotlinExtension: loaded 2 times (x 313B)
Class org.jetbrains.kotlin.gradle.utils.FailuresKt                                    : loaded 2 times (x 67B)
Class org.jetbrains.kotlin.gradle.targets.native.internal.CInteropConfigurationsKt$special$$inlined$KotlinTargetSideEffect$1: loaded 2 times (x 70B)
Class org.jetbrains.kotlin.gradle.targets.native.toolchain.KotlinNativeBundleArtifactFormat: loaded 2 times (x 67B)
Class org.jetbrains.kotlin.gradle.internal.properties.NativePropertiesLoader$konanDataDirProperty$1: loaded 2 times (x 71B)
Class org.jetbrains.kotlin.gradle.plugin.statistics.BuildFusService$Parameters_Decorated: loaded 2 times (x 139B)
Class org.jetbrains.kotlin.gradle.internal.properties.PropertiesBuildService$Params$Inject: loaded 2 times (x 104B)
Class org.jetbrains.kotlin.tooling.core.HasMutableExtras                              : loaded 2 times (x 66B)
Class build_5pvf9z7ljmsulvluhpmmfjofy$_run_closure1$_closure2                         : loaded 2 times (x 135B)
Class [Lcom.google.common.collect.MapMaker$Dummy;                                     : loaded 2 times (x 65B)
Class com.google.common.cache.LocalCache$AbstractReferenceEntry                       : loaded 2 times (x 103B)
Class com.google.common.base.Splitter$1$1                                             : loaded 2 times (x 82B)
Class com.google.common.base.CharMatcher$Whitespace                                   : loaded 2 times (x 108B)
Class org.jetbrains.kotlin.compilerRunner.CompilerSystemPropertiesService$Companion   : loaded 2 times (x 67B)
Class org.gradle.internal.IoActions                                                   : loaded 2 times (x 67B)
Class org.jetbrains.kotlin.gradle.internal.Kapt3KotlinGradleSubpluginKt               : loaded 2 times (x 67B)
Class org.jetbrains.kotlin.gradle.dsl.KotlinJvmCompile                                : loaded 2 times (x 66B)
Class org.jetbrains.kotlin.konan.target.KonanTarget$LINUX_ARM32_HFP                   : loaded 2 times (x 74B)
Class org.jetbrains.kotlin.gradle.internal.Kapt3GradleSubplugin                       : loaded 2 times (x 79B)
Class org.jetbrains.kotlin.gradle.plugin.diagnostics.checkers.CInteropInputChecker    : loaded 2 times (x 70B)
Class org.jetbrains.kotlin.gradle.plugin.statistics.FinalizeConfigurationFusMetricActionKt$FinalizeConfigurationFusMetricAction$1: loaded 2 times (x 91B)
Class org.jetbrains.kotlin.gradle.internal.KotlinDependenciesManagementKt$CustomizeKotlinDependenciesSetupAction$1: loaded 2 times (x 70B)
Class org.jetbrains.kotlin.gradle.plugin.KotlinGradlePluginExtensionPointInternal$registeredExtensions$2: loaded 2 times (x 74B)
Class org.jetbrains.kotlin.statistics.metrics.BooleanOverridePolicy$OR                : loaded 2 times (x 81B)
Class org.jetbrains.kotlin.gradle.plugin.UsesVariantImplementationFactories           : loaded 2 times (x 66B)
Class org.objectweb.asm.SymbolTable                                                   : loaded 2 times (x 68B)
Class build_5pvf9z7ljmsulvluhpmmfjofy$_run_closure1$_closure3                         : loaded 2 times (x 135B)
Class com.google.common.collect.ImmutableMapKeySet                                    : loaded 2 times (x 146B)
Class com.google.common.collect.ImmutableRangeSet$ComplementRanges                    : loaded 2 times (x 203B)
Class com.google.common.cache.CacheLoader$InvalidCacheLoadException                   : loaded 2 times (x 78B)
Class com.google.common.collect.ImmutableSet$RegularSetBuilderImpl                    : loaded 2 times (x 73B)
Class com.google.common.base.CharMatcher$SingleWidth                                  : loaded 2 times (x 108B)
Class org.gradle.internal.classloader.SystemClassLoaderSpec                           : loaded 2 times (x 67B)
Class org.jetbrains.kotlin.gradle.tasks.configuration.BaseKotlinCompileConfig$1$1     : loaded 2 times (x 70B)
Class org.jetbrains.kotlin.gradle.plugin.mpp.compilationImpl.factory.KotlinCompilationImplFactory$PostConfigure: loaded 2 times (x 66B)
Class org.jetbrains.kotlin.gradle.utils.KotlinExtensionUtilsKt                        : loaded 2 times (x 67B)
Class [Lorg.jetbrains.kotlin.konan.util.Named;                                        : loaded 2 times (x 65B)
Class org.jetbrains.kotlin.gradle.plugin.diagnostics.checkers.NoKotlinTargetsDeclaredChecker$runChecks$1: loaded 2 times (x 84B)
Class org.jetbrains.kotlin.gradle.plugin.mpp.AbstractKotlinTarget$kotlinComponents$2  : loaded 2 times (x 75B)
Class org.jetbrains.kotlin.gradle.plugin.KotlinPlatformType$CompatibilityRule         : loaded 2 times (x 72B)
Class org.jetbrains.kotlin.gradle.internal.properties.NativePropertiesLoader$actualNativeHomeDirectory$1: loaded 2 times (x 71B)
Class org.jetbrains.kotlin.gradle.internal.properties.NativePropertiesKt              : loaded 2 times (x 67B)
Class org.jetbrains.kotlin.gradle.plugin.BuildEventsListenerRegistryHolder            : loaded 2 times (x 68B)
Class [Lorg.jetbrains.kotlin.statistics.metrics.BooleanOverridePolicy;                : loaded 2 times (x 65B)
Class org.jetbrains.kotlin.gradle.plugin.internal.CustomPropertiesFileValueSource$Parameters$Inject: loaded 2 times (x 102B)
Class com.google.common.cache.LocalCache$StrongEntry                                  : loaded 2 times (x 104B)
Class com.google.common.util.concurrent.AbstractFuture$TrustedFuture                  : loaded 2 times (x 110B)
Class com.google.common.cache.LoadingCache                                            : loaded 2 times (x 66B)
Class org.jetbrains.kotlin.gradle.tasks.GradleCompileTaskProvider                     : loaded 2 times (x 68B)
Class org.jetbrains.kotlin.gradle.plugin.mpp.KotlinTargetSoftwareComponentImplKt$KotlinTargetSoftwareComponent$1: loaded 2 times (x 91B)
Class org.jetbrains.kotlin.gradle.tasks.configuration.BaseKotlinCompileConfig$registerBuildToolsApiTransformations$1: loaded 2 times (x 71B)
Class org.jetbrains.kotlin.gradle.plugin.internal.BuildIdService                      : loaded 2 times (x 72B)
Class org.jetbrains.kotlin.gradle.plugin.mpp.compilationImpl.factory.KotlinCompilationDependencyConfigurationsFactoriesKt: loaded 2 times (x 67B)
Class org.jetbrains.kotlin.gradle.plugin.mpp.compilationImpl.DefaultKotlinCompilationFriendPathsResolver: loaded 2 times (x 71B)
Class org.jetbrains.kotlin.gradle.plugin.diagnostics.checkers.WasmSourceSetsNotFoundChecker$runChecks$1: loaded 2 times (x 84B)
Class org.jetbrains.kotlin.konan.target.KonanTarget$IOS_SIMULATOR_ARM64               : loaded 2 times (x 74B)
Class org.jetbrains.kotlin.gradle.plugin.mpp.compilationImpl.KotlinCreateCompilationArchiveTaskKt$KotlinCreateCompilationArchivesTask$1: loaded 2 times (x 70B)
Class org.jetbrains.kotlin.gradle.dsl.KotlinVersion                                   : loaded 2 times (x 75B)
Class org.jetbrains.kotlin.gradle.internal.properties.NativePropertiesLoader$actualNativeHomeDirectory$2: loaded 2 times (x 70B)
Class org.jetbrains.kotlin.gradle.utils.StoredPropertyKt                              : loaded 2 times (x 67B)
Class org.objectweb.asm.MethodWriter                                                  : loaded 2 times (x 102B)
Class com.google.common.base.Suppliers$NonSerializableMemoizingSupplier               : loaded 2 times (x 75B)
Class [Lcom.google.common.cache.Weigher;                                              : loaded 2 times (x 65B)
Class org.jetbrains.kotlin.gradle.utils.GradleUtilsKt$registerClassLoaderScopedBuildService$1: loaded 2 times (x 70B)
Class org.jetbrains.kotlin.gradle.plugin.sources.KotlinDependencyScope$Companion      : loaded 2 times (x 67B)
Class org.jetbrains.kotlin.gradle.plugin.KotlinPluginLifecycleKt$launchInStage$1      : loaded 2 times (x 91B)
Class org.jetbrains.kotlin.gradle.tasks.configuration.BaseKotlinCompileConfig$1$3     : loaded 2 times (x 71B)
Class org.jetbrains.kotlin.gradle.tasks.configuration.BaseKotlinCompileConfig$registerBuildToolsApiTransformations$2: loaded 2 times (x 71B)
Class org.jetbrains.kotlin.gradle.tasks.KotlinJvmCompile                              : loaded 2 times (x 66B)
Class org.jetbrains.kotlin.gradle.plugin.mpp.compilationImpl.KotlinCompilationSourceSetsContainerKt: loaded 2 times (x 67B)
Class org.jetbrains.kotlin.gradle.targets.NativeForwardImplementationToApiElementsSideEffectKt: loaded 2 times (x 67B)
Class org.jetbrains.kotlin.gradle.internal.properties.NativePropertiesLoader$actualNativeHomeDirectory$3: loaded 2 times (x 71B)
Class org.jetbrains.kotlin.gradle.report.BuildReportMode                              : loaded 2 times (x 75B)
Class org.jetbrains.kotlin.statistics.metrics.StringAnonymizationPolicy$RegexControlled: loaded 2 times (x 75B)
Class org.jetbrains.kotlin.statistics.ValueAnonymizer                                 : loaded 2 times (x 66B)
Class org.jetbrains.kotlin.gradle.plugin.VariantImplementationFactories$Companion$getProvider$2$1$1: loaded 2 times (x 71B)
Class org.jetbrains.kotlin.gradle.plugin.internal.ProjectIsolationStartParameterAccessor$Factory: loaded 2 times (x 66B)
Class com.google.common.collect.ImmutableMultimap$1                                   : loaded 2 times (x 78B)
Class com.google.common.collect.AbstractMapBasedMultimap$RandomAccessWrappedList      : loaded 2 times (x 201B)
Class Build_gradle$6$1                                                                : loaded 2 times (x 75B)
Class org.jetbrains.kotlin.gradle.tasks.DefaultKotlinJavaToolchain$javaExecutable$1   : loaded 2 times (x 71B)
Class org.jetbrains.kotlin.build.report.metrics.BuildAttribute                        : loaded 2 times (x 75B)
Class org.jetbrains.kotlin.gradle.internal.transforms.BuildToolsApiClasspathEntrySnapshotTransform$Inject1: loaded 2 times (x 109B)
Class org.jetbrains.kotlin.gradle.plugin.mpp.compilationImpl.KotlinCompilationRegisterInSourceSetsConfigurator: loaded 2 times (x 70B)
Class org.jetbrains.kotlin.gradle.plugin.mpp.compilationImpl.factory.DefaultKotlinCompilationTaskNamesContainerFactory: loaded 2 times (x 70B)
Class org.jetbrains.kotlin.gradle.targets.native.internal.CommonizerTasksKt           : loaded 2 times (x 67B)
Class [Lorg.jetbrains.kotlin.gradle.targets.js.npm.NpmDependency$Scope;               : loaded 2 times (x 65B)
Class org.jetbrains.kotlin.gradle.plugin.KotlinCompilerPluginSupportPlugin            : loaded 2 times (x 66B)
Class org.jetbrains.kotlin.gradle.plugin.mpp.AbstractKotlinTarget$components$2        : loaded 2 times (x 75B)
Class org.jetbrains.kotlin.gradle.utils.AndroidPluginIdsKt                            : loaded 2 times (x 67B)
Class org.jetbrains.kotlin.gradle.plugin.mpp.KotlinUsages$setupAttributesMatchingStrategy$1: loaded 2 times (x 70B)
Class org.jetbrains.kotlin.gradle.plugin.KotlinBasePlugin                             : loaded 2 times (x 66B)
Class com.google.common.collect.ImmutableMultimap$2                                   : loaded 2 times (x 77B)
Class com.google.common.collect.RegularImmutableBiMap                                 : loaded 2 times (x 144B)
Class com.google.common.cache.LocalCache$ValueReference                               : loaded 2 times (x 66B)
Class com.google.common.base.CharMatcher$Negated                                      : loaded 2 times (x 109B)
Class com.google.common.base.CharMatcher$Is                                           : loaded 2 times (x 107B)
Class build_d3kfrnpfyxowrw819wj6jp7x0                                                 : loaded 2 times (x 181B)
Class org.jetbrains.kotlin.gradle.tasks.internal.KotlinJvmOptionsCompat               : loaded 2 times (x 99B)
Class org.jetbrains.kotlin.cli.common.arguments.CommonToolArguments                   : loaded 2 times (x 69B)
Class org.jetbrains.kotlin.gradle.plugin.internal.DefaultIdeaSyncDetector$createIdeaPropertiesEvaluator$1: loaded 2 times (x 68B)
Class org.jetbrains.kotlin.gradle.utils.FutureKt                                      : loaded 2 times (x 67B)
Class org.jetbrains.kotlin.gradle.logging.GradleLoggingUtilsKt                        : loaded 2 times (x 67B)
Class org.jetbrains.kotlin.gradle.plugin.KotlinAndroidPluginWrapper                   : loaded 2 times (x 83B)
Class com.google.common.util.concurrent.AbstractFuture$Failure                        : loaded 2 times (x 68B)
Class com.google.common.base.PatternCompiler                                          : loaded 2 times (x 66B)
Class com.google.common.base.Equivalence$Equals                                       : loaded 2 times (x 78B)
Class com.google.common.collect.Hashing                                               : loaded 2 times (x 67B)
Class com.google.common.base.Preconditions                                            : loaded 2 times (x 67B)
Class org.jetbrains.kotlin.compilerRunner.GradleCompilerRunner$Companion              : loaded 2 times (x 67B)
Class [Lorg.jetbrains.kotlin.gradle.dsl.PlatformSourceSetConventionsChecker$CheckedPlatformInfo;: loaded 2 times (x 65B)
Class org.jetbrains.kotlin.gradle.plugin.diagnostics.KotlinGradleProjectCheckerContext: loaded 2 times (x 68B)
Class org.jetbrains.kotlin.gradle.plugin.diagnostics.checkers.DuplicateSourceSetChecker: loaded 2 times (x 70B)
Class org.jetbrains.kotlin.gradle.plugin.diagnostics.ToolingDiagnosticFactory         : loaded 2 times (x 69B)
Class org.jetbrains.kotlin.gradle.targets.KotlinTargetSideEffect                      : loaded 2 times (x 66B)
Class org.jetbrains.kotlin.gradle.dsl.KotlinTargetContainerWithNativeShortcuts        : loaded 2 times (x 66B)
Class org.jetbrains.kotlin.gradle.plugin.DefaultKotlinBasePlugin$setupAttributeMatchingStrategy$1$1: loaded 2 times (x 75B)
Class org.jetbrains.kotlin.statistics.metrics.NumericalMetrics$Companion              : loaded 2 times (x 67B)
Class [Lorg.jetbrains.kotlin.statistics.metrics.NumberAnonymizationPolicy;            : loaded 2 times (x 65B)
Class org.jetbrains.kotlin.statistics.metrics.NumberOverridePolicy$OVERRIDE           : loaded 2 times (x 81B)
Class org.jetbrains.kotlin.gradle.internal.properties.PropertiesBuildService$property$1: loaded 2 times (x 75B)
Class org.objectweb.asm.Label                                                         : loaded 2 times (x 69B)
Class org.objectweb.asm.CurrentFrame                                                  : loaded 2 times (x 69B)
Class org.objectweb.asm.ClassTooLargeException                                        : loaded 2 times (x 79B)
Class com.google.common.io.CharSink                                                   : loaded 2 times (x 75B)
Class com.google.common.base.Joiner$1                                                 : loaded 2 times (x 76B)
Class com.google.common.collect.PeekingIterator                                       : loaded 2 times (x 66B)
Class com.google.common.base.CharMatcher                                              : loaded 2 times (x 107B)
Class org.jetbrains.kotlin.gradle.tasks.configuration.AbstractKotlinCompileConfig$2$2$1: loaded 2 times (x 71B)
Class org.jetbrains.kotlin.build.report.metrics.BuildAttributes$Companion             : loaded 2 times (x 67B)
Class org.jetbrains.kotlin.gradle.tasks.KotlinCompilationTask                         : loaded 2 times (x 66B)
Class org.jetbrains.kotlin.gradle.plugin.mpp.compilationImpl.factory.KotlinCompilationImplFactory$ProcessResourcesTaskNameFactory: loaded 2 times (x 66B)
Class org.jetbrains.kotlin.gradle.internal.KotlinDependenciesManagementKt             : loaded 2 times (x 67B)
Class org.jetbrains.kotlin.gradle.plugin.DefaultKotlinBasePlugin$setupAttributeMatchingStrategy$1$2: loaded 2 times (x 75B)
Class org.jetbrains.kotlin.gradle.internal.properties.PropertiesBuildService$property$2: loaded 2 times (x 75B)
Class org.jetbrains.kotlin.gradle.plugin.statistics.KotlinBuildStatsLoggerService     : loaded 2 times (x 68B)
Class org.jetbrains.kotlin.gradle.plugin.internal.CustomPropertiesFileValueSource$Inject: loaded 2 times (x 109B)
Class org.objectweb.asm.Frame                                                         : loaded 2 times (x 69B)
Class org.objectweb.asm.MethodVisitor                                                 : loaded 2 times (x 101B)
Class com.google.common.collect.Maps$IteratorBasedAbstractMap                         : loaded 2 times (x 121B)
Class com.google.common.collect.MapMakerInternalMap$InternalEntryHelper               : loaded 2 times (x 66B)
Class com.google.common.collect.Table                                                 : loaded 2 times (x 66B)
Class com.google.common.collect.RangeGwtSerializationDependencies                     : loaded 2 times (x 67B)
Class com.google.common.base.Joiner$2                                                 : loaded 2 times (x 75B)
Class com.google.common.cache.LocalCache$EntryFactory$1                               : loaded 2 times (x 79B)
Class [Lcom.google.common.cache.RemovalListener;                                      : loaded 2 times (x 65B)
Class com.google.common.base.CharMatcher$1                                            : loaded 2 times (x 109B)
Class com.google.common.base.CharMatcher$NamedFastMatcher                             : loaded 2 times (x 108B)
Class org.jetbrains.kotlin.gradle.plugin.mpp.InternalKotlinTargetKt$special$$inlined$extrasStoredFuture$1: loaded 2 times (x 75B)
Class org.jetbrains.kotlin.compilerRunner.UsesCompilerSystemPropertiesService         : loaded 2 times (x 66B)
Class org.jetbrains.kotlin.gradle.plugin.mpp.compilationImpl.KotlinCompilationSourceSetInclusion$Companion: loaded 2 times (x 67B)
Class org.jetbrains.kotlin.konan.target.KonanTarget$WATCHOS_DEVICE_ARM64              : loaded 2 times (x 74B)
Class org.jetbrains.kotlin.gradle.plugin.diagnostics.checkers.MissingNativeStdlibChecker$runChecks$1: loaded 2 times (x 84B)
Class [Lorg.jetbrains.kotlin.gradle.plugin.sources.android.AndroidVariantType;        : loaded 2 times (x 65B)
Class org.jetbrains.kotlin.gradle.plugin.sources.android.AndroidVariantType           : loaded 2 times (x 75B)
Class org.jetbrains.kotlin.gradle.plugin.mpp.KotlinTargetSoftwareComponent            : loaded 2 times (x 85B)
Class org.jetbrains.kotlin.gradle.plugin.mpp.KotlinVariant                            : loaded 2 times (x 97B)
Class org.jetbrains.kotlin.gradle.targets.native.ConfigureFrameworkExportSideEffectKt : loaded 2 times (x 67B)
Class org.jetbrains.kotlin.gradle.utils.WhenPluginEnabledKt                           : loaded 2 times (x 67B)
Class org.jetbrains.kotlin.tooling.core.ExtrasProperty                                : loaded 2 times (x 66B)
Class org.jetbrains.kotlin.gradle.plugin.VariantImplementationFactories               : loaded 2 times (x 71B)
Class com.google.common.collect.RangeSet                                              : loaded 2 times (x 66B)
Class com.google.common.cache.LocalCache$EntryFactory$2                               : loaded 2 times (x 79B)
Class org.gradle.api.internal.classpath.GlobalCacheRootsProvider                      : loaded 2 times (x 66B)
Class build_c2qn8tcorbl83wrkdwgoxh49w                                                 : loaded 2 times (x 184B)
Class org.jetbrains.kotlin.gradle.utils.ReportUtilsKt$addConfigurationMetrics$1$1     : loaded 2 times (x 71B)
Class org.jetbrains.kotlin.gradle.internal.StdlibDependencyManagementKt$WhenMappings  : loaded 2 times (x 67B)
Class org.jetbrains.kotlin.tooling.core.Extras$Entry$Companion                        : loaded 2 times (x 67B)
Class org.jetbrains.kotlin.gradle.targets.js.dsl.KotlinWasmWasiTargetDsl              : loaded 2 times (x 66B)
Class org.jetbrains.kotlin.gradle.plugin.diagnostics.checkers.DisabledNativeTargetsChecker: loaded 2 times (x 70B)
Class org.jetbrains.kotlin.gradle.plugin.mpp.compilationImpl.KotlinCreateSourcesJarTaskSideEffectKt$KotlinCreateSourcesJarTaskSideEffect$1: loaded 2 times (x 70B)
Class org.jetbrains.kotlin.gradle.internal.CompilerArgumentAware                      : loaded 2 times (x 66B)
Class org.jetbrains.kotlin.gradle.utils.ReportUtilsKt                                 : loaded 2 times (x 67B)
Class org.jetbrains.kotlin.gradle.utils.StoredLazyProperty                            : loaded 2 times (x 71B)
Class org.objectweb.asm.ModuleWriter                                                  : loaded 2 times (x 78B)
Class com.google.common.collect.CollectCollectors                                     : loaded 2 times (x 67B)
Class com.google.common.cache.LocalCache$EntryFactory$3                               : loaded 2 times (x 79B)
Class com.google.common.base.Ticker$1                                                 : loaded 2 times (x 68B)
Class com.google.common.collect.ImmutableMapEntrySet$RegularEntrySet                  : loaded 2 times (x 147B)
Class com.google.common.collect.Maps$BiMapConverter                                   : loaded 2 times (x 86B)
Class org.jetbrains.kotlin.gradle.tasks.K2MultiplatformStructure_Decorated            : loaded 2 times (x 131B)
Class org.jetbrains.kotlin.compilerRunner.GradleCompilerRunner                        : loaded 2 times (x 69B)
Class org.jetbrains.kotlin.gradle.plugin.statistics.KotlinBuildStatisticsUtilsKt      : loaded 2 times (x 67B)
Class org.jetbrains.kotlin.gradle.dsl.AndroidMainSourceSetConventionsChecker$runChecks$1: loaded 2 times (x 84B)
Class org.jetbrains.kotlin.gradle.plugin.sources.FragmentConsistencyChecks            : loaded 2 times (x 68B)
Class org.jetbrains.kotlin.gradle.plugin.mpp.InternalKotlinTargetComponent            : loaded 2 times (x 89B)
Class org.jetbrains.kotlin.gradle.targets.CreateDefaultTestRunSideEffectKt$special$$inlined$KotlinTargetSideEffect$1: loaded 2 times (x 70B)
Class org.jetbrains.kotlin.gradle.utils.PersistentCachesKt                            : loaded 2 times (x 67B)
Class org.jetbrains.kotlin.gradle.utils.ProviderApiUtilsKt                            : loaded 2 times (x 67B)
Class org.jetbrains.kotlin.gradle.internal.properties.NativePropertiesLoader$forceDisableRunningInProcess$1: loaded 2 times (x 71B)
Class org.jetbrains.kotlin.gradle.internal.tasks.TaskWithLocalState                   : loaded 2 times (x 66B)
Class org.jetbrains.kotlin.statistics.metrics.BooleanMetrics                          : loaded 2 times (x 76B)
Class org.jetbrains.kotlin.gradle.internal.properties.PropertiesBuildService$Params   : loaded 2 times (x 66B)
Class com.google.common.collect.SetMultimap                                           : loaded 2 times (x 66B)
Class com.google.common.cache.LocalCache$EntryFactory$4                               : loaded 2 times (x 79B)
Class com.google.common.collect.ImmutableSet$Builder                                  : loaded 2 times (x 81B)
Class com.google.common.base.CharMatcher$InRange                                      : loaded 2 times (x 107B)
Class org.jetbrains.kotlin.gradle.plugin.sources.KotlinDependencyScopeKt$WhenMappings : loaded 2 times (x 67B)
Class org.jetbrains.kotlin.gradle.tasks.K2MultiplatformCompilationTask                : loaded 2 times (x 66B)
Class org.jetbrains.kotlin.gradle.dsl.KotlinTopLevelExtension$jvmToolchain$1          : loaded 2 times (x 70B)
Class org.jetbrains.kotlin.gradle.plugin.diagnostics.checkers.OverriddenKotlinNativeHomeChecker$StdlibExistenceCheckerValueSource$Inject: loaded 2 times (x 105B)
Class org.jetbrains.kotlin.gradle.utils.ConfigurationsKt$maybeCreateDependencyScope$1 : loaded 2 times (x 74B)
Class org.jetbrains.kotlin.gradle.plugin.sources.FragmentConsistencyChecks$languageVersionCheck$1: loaded 2 times (x 75B)
Class org.jetbrains.kotlin.gradle.plugin.mpp.DecoratedKotlinCompilation               : loaded 2 times (x 187B)
Class org.jetbrains.kotlin.gradle.plugin.diagnostics.checkers.ExperimentalTryNextUsageChecker: loaded 2 times (x 70B)
Class [Lorg.jetbrains.kotlin.gradle.plugin.diagnostics.ToolingDiagnostic$Severity;    : loaded 2 times (x 65B)
Class [Lorg.jetbrains.kotlin.gradle.plugin.KotlinPlatformType;                        : loaded 2 times (x 65B)
Class org.jetbrains.kotlin.gradle.plugin.statistics.UsesBuildFusService               : loaded 2 times (x 66B)
Class org.jetbrains.kotlin.gradle.plugin.statistics.old.Pre232IdeaKotlinBuildStatsBeanService: loaded 2 times (x 91B)
Class org.jetbrains.kotlin.statistics.metrics.NumberOverridePolicy$AVERAGE            : loaded 2 times (x 81B)
Class org.jetbrains.kotlin.gradle.plugin.VariantImplementationFactories$Parameters$Inject: loaded 2 times (x 102B)
Class org.jetbrains.kotlin.gradle.plugin.internal.SourceSetCompatibilityHelper$SourceSetCompatibilityHelperVariantFactory: loaded 2 times (x 66B)
Class com.google.common.cache.LocalCache$EntryFactory$5                               : loaded 2 times (x 79B)
Class build_1bg1u1tzulxpyrwxk5udh0j8a$_run_closure1                                   : loaded 2 times (x 136B)
Class org.jetbrains.kotlin.gradle.plugin.mpp.MppSourcesJarKt$sourcesJarTaskNamed$result$1: loaded 2 times (x 75B)
Class org.jetbrains.kotlin.gradle.tasks.configuration.BaseKotlinCompileConfig$1       : loaded 2 times (x 75B)
Class org.jetbrains.kotlin.gradle.plugin.UsesBuildFinishedListenerService             : loaded 2 times (x 66B)
Class org.jetbrains.kotlin.gradle.plugin.mpp.compilationImpl.factory.ConfigurationNaming$Default: loaded 2 times (x 71B)
Class org.jetbrains.kotlin.gradle.plugin.mpp.compilationImpl.KotlinCompilationSourceSetInclusion: loaded 2 times (x 68B)
Class org.jetbrains.kotlin.gradle.targets.jvm.KotlinJvmTarget                         : loaded 2 times (x 166B)
Class org.jetbrains.kotlin.gradle.targets.js.dsl.KotlinWasmJsTargetDsl                : loaded 2 times (x 66B)
Class org.jetbrains.kotlin.gradle.plugin.diagnostics.checkers.DisabledNativeTargetsChecker$runChecks$1: loaded 2 times (x 84B)
Class org.jetbrains.kotlin.gradle.plugin.KotlinPluginLifecycleImpl$await$2$1          : loaded 2 times (x 75B)
Class org.jetbrains.kotlin.gradle.plugin.sources.DefaultLanguageSettingsBuilder       : loaded 2 times (x 96B)
Class org.jetbrains.kotlin.gradle.plugin.sources.FragmentConsistencyChecks$languageVersionCheck$2: loaded 2 times (x 74B)
Class org.jetbrains.kotlin.gradle.targets.CreateTargetConfigurationsSideEffectKt$CreateTargetConfigurationsSideEffect$1: loaded 2 times (x 70B)
Class org.jetbrains.kotlin.gradle.dsl.KotlinTargetContainerWithPresetFunctions        : loaded 2 times (x 66B)
Class org.jetbrains.kotlin.gradle.utils.GradleConfigurationUtilsKt                    : loaded 2 times (x 67B)
Class org.jetbrains.kotlin.gradle.plugin.StatisticsBuildFlowManager$subscribeForBuildResult$1: loaded 2 times (x 71B)
Class org.jetbrains.kotlin.gradle.plugin.internal.CustomPropertiesFileValueSource$Parameters: loaded 2 times (x 66B)
Class com.google.common.collect.HashMultimap                                          : loaded 2 times (x 170B)
Class com.google.common.cache.LocalCache$EntryFactory$6                               : loaded 2 times (x 79B)
Class build_4iye2segy4f42tcs1beda49jh                                                 : loaded 2 times (x 178B)
Class org.gradle.internal.installation.CurrentGradleInstallationLocator               : loaded 2 times (x 67B)
Class build_b7spkw6yzqlh2p0qz8jx0ut56$_run_closure1                                   : loaded 2 times (x 135B)
Class org.objectweb.asm.ClassReader                                                   : loaded 2 times (x 89B)
Class org.jetbrains.kotlin.gradle.tasks.DefaultKotlinJavaToolchain$getToolsJarFromJvm$1: loaded 2 times (x 71B)
Class org.jetbrains.kotlin.build.report.metrics.GcMetrics                             : loaded 2 times (x 68B)
Class org.jetbrains.kotlin.gradle.plugin.diagnostics.UsesKotlinToolingDiagnosticsKt   : loaded 2 times (x 67B)
Class org.jetbrains.kotlin.gradle.tasks.configuration.BaseKotlinCompileConfig$2       : loaded 2 times (x 75B)
Class org.jetbrains.kotlin.gradle.plugin.BuildFinishedListenerService$Companion$registerIfAbsent$2$1$1: loaded 2 times (x 71B)
Class org.jetbrains.kotlin.konan.target.KonanTarget$IOS_X64                           : loaded 2 times (x 74B)
Class org.jetbrains.kotlin.gradle.plugin.mpp.InternalKotlinCompilation                : loaded 2 times (x 66B)
Class org.jetbrains.kotlin.gradle.utils.WhenEvaluatedKt                               : loaded 2 times (x 67B)
Class org.jetbrains.kotlin.gradle.targets.native.internal.AddKotlinPlatformIntegersSupportLibraryKt: loaded 2 times (x 67B)
Class org.jetbrains.kotlin.gradle.plugin.AbstractKotlinJsPluginWrapper                : loaded 2 times (x 83B)
Class org.jetbrains.kotlin.gradle.plugin.KotlinPluginWrapperKt                        : loaded 2 times (x 67B)
Class settings_1wetbjq3l7beu1g8h6e66zusd                                              : loaded 2 times (x 175B)
Class com.google.common.collect.ImmutableMultimap$Builder                             : loaded 2 times (x 79B)
Class com.google.common.collect.Maps$KeySet                                           : loaded 2 times (x 133B)
Class com.google.common.cache.LocalCache$EntryFactory$7                               : loaded 2 times (x 79B)
Class com.google.common.collect.ImmutableSet$EmptySetBuilderImpl                      : loaded 2 times (x 72B)
Class com.google.common.collect.ImmutableList                                         : loaded 2 times (x 202B)
Class org.gradle.internal.service.DefaultServiceLocator                               : loaded 2 times (x 79B)
Class org.jetbrains.kotlin.gradle.tasks.KotlinCompile$scriptExtensions$1              : loaded 2 times (x 75B)
Class org.jetbrains.kotlin.gradle.tasks.K2MultiplatformStructure$Fragment             : loaded 2 times (x 68B)
Class org.jetbrains.kotlin.compilerRunner.CompilerSystemPropertiesService$Companion$registerIfAbsent$1: loaded 2 times (x 71B)
Class org.jetbrains.kotlin.util.capitalizeDecapitalize.CapitalizeDecapitalizeKt       : loaded 2 times (x 67B)
Class org.jetbrains.kotlin.gradle.plugin.diagnostics.checkers.WasmJsEnvironmentChecker: loaded 2 times (x 72B)
Class org.jetbrains.kotlin.gradle.plugin.diagnostics.checkers.AndroidPluginWithoutAndroidTargetChecker: loaded 2 times (x 70B)
Class org.jetbrains.kotlin.gradle.report.BuildScanExtensionHolder                     : loaded 2 times (x 68B)
Class org.jetbrains.kotlin.statistics.metrics.NumberOverridePolicy                    : loaded 2 times (x 81B)
Class org.jetbrains.kotlin.statistics.metrics.StringAnonymizationPolicy$AllowedListAnonymizer$Companion: loaded 2 times (x 67B)
Class org.jetbrains.kotlin.gradle.plugin.internal.DefaultProjectIsolationStartParameterAccessor_Decorated: loaded 2 times (x 121B)
Class org.jetbrains.kotlin.gradle.plugin.internal.ProjectIsolationStartParameterAccessorKt: loaded 2 times (x 67B)
Class org.jetbrains.kotlin.gradle.testing.internal.KotlinTestsRegistry                : loaded 2 times (x 68B)
Class com.google.common.collect.ImmutableMultimap$EntryCollection                     : loaded 2 times (x 123B)
Class com.google.common.collect.Maps$EntrySet                                         : loaded 2 times (x 132B)
Class com.google.common.cache.LocalCache$EntryFactory$8                               : loaded 2 times (x 79B)
Class com.google.common.collect.ImmutableSet$SetBuilderImpl                           : loaded 2 times (x 72B)
Class org.gradle.internal.installation.CurrentGradleInstallation                      : loaded 2 times (x 69B)
Class org.objectweb.asm.Opcodes                                                       : loaded 2 times (x 66B)
Class org.jetbrains.kotlin.gradle.tasks.KotlinCompilerExecutionStrategy               : loaded 2 times (x 75B)
Class org.jetbrains.kotlin.gradle.plugin.mpp.InternalKotlinCompilationKt$awaitAllKotlinSourceSets$1: loaded 2 times (x 84B)
Class org.jetbrains.kotlin.gradle.plugin.statistics.FusMetrics                        : loaded 2 times (x 66B)
Class org.jetbrains.kotlin.gradle.plugin.sources.DefaultKotlinSourceSet$special$$inlined$Iterable$1: loaded 2 times (x 75B)
Class org.jetbrains.kotlin.gradle.plugin.mpp.compilationImpl.factory.KotlinCompilationImplFactory$KotlinCompilerOptionsFactory$Options: loaded 2 times (x 68B)
Class org.jetbrains.kotlin.gradle.plugin.KotlinCompilation                            : loaded 2 times (x 66B)
Class org.jetbrains.kotlin.gradle.plugin.KotlinTargetConfiguratorKt                   : loaded 2 times (x 67B)
Class org.jetbrains.kotlin.tooling.core.Extras$Type$Companion                         : loaded 2 times (x 67B)
Class com.google.common.cache.CacheLoader$1                                           : loaded 2 times (x 71B)
Class com.google.common.collect.ImmutableList$SubList                                 : loaded 2 times (x 204B)
Class org.gradle.util.internal.GUtil                                                  : loaded 2 times (x 67B)
Class build_b9ih1onw58qnvdkwrm3auhb2c$_run_closure1                                   : loaded 2 times (x 135B)
Class org.jetbrains.kotlin.gradle.plugin.internal.AttributesConfigurationHelperKt     : loaded 2 times (x 67B)
Class org.jetbrains.kotlin.gradle.plugin.mpp.InternalKotlinTargetKt$isSourcesPublishableFuture$2: loaded 2 times (x 91B)
Class org.jetbrains.kotlin.gradle.plugin.mpp.KotlinCompilationFactory                 : loaded 2 times (x 66B)
Class org.jetbrains.kotlin.gradle.dsl.IosSourceSetConventionChecker$runChecks$1       : loaded 2 times (x 84B)
Class org.jetbrains.kotlin.gradle.plugin.mpp.AbstractKotlinCompilation                : loaded 2 times (x 187B)
Class org.jetbrains.kotlin.gradle.plugin.diagnostics.checkers.UnusedSourceSetsChecker : loaded 2 times (x 70B)
Class org.jetbrains.kotlin.gradle.utils.Future                                        : loaded 2 times (x 66B)
Class org.jetbrains.kotlin.gradle.plugin.BuildFinishFlowAction$Parameters             : loaded 2 times (x 66B)
Class org.jetbrains.kotlin.gradle.plugin.statistics.KotlinBuildStatsConfiguration$Companion: loaded 2 times (x 67B)
Class com.google.common.io.ByteSource                                                 : loaded 2 times (x 80B)
Class com.google.common.util.concurrent.AbstractFuture$SetFuture                      : loaded 2 times (x 71B)
Class com.google.common.cache.AbstractCache$StatsCounter                              : loaded 2 times (x 66B)
Class build_9egvbszqoyspq6g1seieubkyg$_run_closure1$_closure4                         : loaded 2 times (x 135B)
Class org.objectweb.asm.Context                                                       : loaded 2 times (x 68B)
Class org.jetbrains.kotlin.gradle.plugin.mpp.KotlinTargetSoftwareComponentImplKt      : loaded 2 times (x 67B)
Class org.jetbrains.kotlin.gradle.targets.js.dsl.KotlinJsSubTargetContainerDsl        : loaded 2 times (x 66B)
Class org.jetbrains.kotlin.tooling.core.MutableExtrasImpl$Companion                   : loaded 2 times (x 67B)
Class org.jetbrains.kotlin.gradle.plugin.KotlinGradleBuildServices$Companion$registerIfAbsent$1: loaded 2 times (x 71B)
Class org.jetbrains.kotlin.gradle.internal.properties.NativePropertiesLoader$isToolchainEnabled$1$1: loaded 2 times (x 72B)
Class org.jetbrains.kotlin.statistics.fileloggers.MetricsContainer                    : loaded 2 times (x 73B)
Class org.jetbrains.kotlin.gradle.plugin.internal.ProjectIsolationStartParameterAccessor: loaded 2 times (x 66B)
Class org.jetbrains.kotlin.gradle.utils.StoredProperty                                : loaded 2 times (x 66B)
Class com.google.common.io.LineBuffer                                                 : loaded 2 times (x 71B)
Class com.google.common.collect.MapMakerInternalMap$1                                 : loaded 2 times (x 79B)
Class com.google.common.collect.Iterators$MergingIterator                             : loaded 2 times (x 77B)
Class com.google.common.collect.RegularImmutableSet                                   : loaded 2 times (x 144B)
Class org.gradle.internal.installation.GradleInstallation                             : loaded 2 times (x 71B)
Class org.jetbrains.kotlin.gradle.dsl.KotlinJvmCompile$DefaultImpls                   : loaded 2 times (x 67B)
Class org.jetbrains.kotlin.gradle.plugin.mpp.compilationImpl.factory.KotlinCompilationImplFactory$create$1: loaded 2 times (x 71B)
Class org.jetbrains.kotlin.gradle.tasks.KotlinJavaToolchain                           : loaded 2 times (x 66B)
Class org.jetbrains.kotlin.gradle.plugin.BuildFinishFlowAction                        : loaded 2 times (x 70B)
Class org.jetbrains.kotlin.statistics.metrics.BooleanMetrics$Companion                : loaded 2 times (x 67B)
Class org.jetbrains.kotlin.gradle.plugin.internal.CompatibilityConventionRegistrar    : loaded 2 times (x 66B)
Class com.google.common.collect.ElementTypesAreNonnullByDefault                       : loaded 2 times (x 66B)
Class com.google.common.collect.Iterables                                             : loaded 2 times (x 67B)
Class com.google.common.base.Splitter$Strategy                                        : loaded 2 times (x 66B)
Class org.jetbrains.kotlin.gradle.plugin.mpp.KotlinJvmCompilation                     : loaded 2 times (x 196B)
Class org.jetbrains.kotlin.gradle.plugin.KotlinCompilation$Companion                  : loaded 2 times (x 67B)
Class org.jetbrains.kotlin.konan.target.KonanTarget$WATCHOS_ARM64                     : loaded 2 times (x 74B)
Class org.jetbrains.kotlin.konan.target.KonanTarget$MACOS_ARM64                       : loaded 2 times (x 74B)
Class org.jetbrains.kotlin.gradle.plugin.diagnostics.checkers.OverriddenKotlinNativeHomeChecker: loaded 2 times (x 70B)
Class org.jetbrains.kotlin.gradle.artifacts.KotlinJvmJarArtifactKt$KotlinJvmJarArtifact$1: loaded 2 times (x 70B)
Class org.jetbrains.kotlin.gradle.artifacts.KotlinLegacyCompatibilityMetadataArtifactKt: loaded 2 times (x 67B)
Class org.jetbrains.kotlin.gradle.targets.native.SetupEmbedAndSignAppleFrameworkTaskSideEffectKt: loaded 2 times (x 67B)
Class org.jetbrains.kotlin.gradle.plugin.KotlinProjectSetupActionKt$KotlinProjectSetupCoroutine$1: loaded 2 times (x 71B)
Class org.jetbrains.kotlin.gradle.dsl.ToolchainSupport$Companion                      : loaded 2 times (x 67B)
Class org.jetbrains.kotlin.gradle.plugin.KotlinSourceSet                              : loaded 2 times (x 66B)
Class [Lorg.jetbrains.kotlin.gradle.targets.native.toolchain.KotlinNativeBundleArtifactFormat$KotlinNativeBundleArtifactsTypes;: loaded 2 times (x 65B)
Class org.jetbrains.kotlin.gradle.targets.native.toolchain.KotlinNativeBundleArtifactFormat$KotlinNativeBundleArtifactsTypes: loaded 2 times (x 75B)

---------------  S Y S T E M  ---------------

OS:
 Windows 11 , 64 bit Build 26100 (10.0.26100.6725)
OS uptime: 0 days 2:29 hours
Hyper-V role detected

CPU: total 12 (initial active 12) (12 cores per cpu, 2 threads per core) family 25 model 80 stepping 0 microcode 0xa50000f, cx8, cmov, fxsr, ht, mmx, 3dnowpref, sse, sse2, sse3, ssse3, sse4a, sse4.1, sse4.2, popcnt, lzcnt, tsc, tscinvbit, avx, avx2, aes, erms, clmul, bmi1, bmi2, adx, sha, fma, vzeroupper, clflush, clflushopt, hv, rdtscp, rdpid, fsrm, f16c, cet_ss
Processor Information for all 12 processors :
  Max Mhz: 3600, Current Mhz: 3600, Mhz Limit: 3600

Memory: 4k page, system-wide physical 16273M (1442M free)
TotalPageFile size 33578M (AvailPageFile size 1M)
current process WorkingSet (physical memory assigned to process): 2380M, peak: 2380M
current process commit charge ("private bytes"): 3664M, peak: 3666M

vm_info: OpenJDK 64-Bit Server VM (21.0.5+-13047016-b750.29) for windows-amd64 JRE (21.0.5+-13047016-b750.29), built on 2025-02-11T21:12:39Z by "builder" with MS VC++ 16.10 / 16.11 (VS2019)

END.
